[2026-08-29 18:13:43] local.ERROR: SQLSTATE[42S02]: Base table or view not found: 1146 Table 'gatewaybooksdb.media' doesn't exist (Connection: mysql, SQL: select * from `media` where (`status` = ACTIVE and `media_type` = slider)) {"exception":"[object] (Illuminate\\Database\\QueryException(code: 42S02): SQLSTATE[42S02]: Base table or view not found: 1146 Table 'gatewaybooksdb.media' doesn't exist (Connection: mysql, SQL: select * from `media` where (`status` = ACTIVE and `media_type` = slider)) at D:/xampp/htdocs/gatewaybooks/vendor/laravel/framework/src/Illuminate/Database/Connection.php:829)
[stacktrace]
#0 D:/xampp/htdocs/gatewaybooks/vendor/laravel/framework/src/Illuminate/Database/Connection.php(783): Illuminate/Database/Connection->runQueryCallback('select * from `...', Array, Object(Closure))
#1 D:/xampp/htdocs/gatewaybooks/vendor/laravel/framework/src/Illuminate/Database/Connection.php(431): Illuminate/Database/Connection->run('select * from `...', Array, Object(Closure))
#2 D:/xampp/htdocs/gatewaybooks/vendor/laravel/framework/src/Illuminate/Database/Query/Builder.php(2914): Illuminate/Database/Connection->select('select * from `...', Array, true)
#3 D:/xampp/htdocs/gatewaybooks/vendor/laravel/framework/src/Illuminate/Database/Query/Builder.php(2902): Illuminate/Database/Query/Builder->runSelect()
#4 D:/xampp/htdocs/gatewaybooks/vendor/laravel/framework/src/Illuminate/Database/Query/Builder.php(3456): Illuminate/Database/Query/Builder->Illuminate/Database/Query/{closure}()
#5 D:/xampp/htdocs/gatewaybooks/vendor/laravel/framework/src/Illuminate/Database/Query/Builder.php(2903): Illuminate/Database/Query/Builder->onceWithColumns(Array, Object(Closure))
#6 D:/xampp/htdocs/gatewaybooks/vendor/laravel/framework/src/Illuminate/Database/Eloquent/Builder.php(739): Illuminate/Database/Query/Builder->get(Array)
#7 D:/xampp/htdocs/gatewaybooks/vendor/laravel/framework/src/Illuminate/Database/Eloquent/Builder.php(723): Illuminate/Database/Eloquent/Builder->getModels(Array)
#8 D:/xampp/htdocs/gatewaybooks/app/Http/Controllers/MainController.php(15): Illuminate/Database/Eloquent/Builder->get()
#9 D:/xampp/htdocs/gatewaybooks/vendor/laravel/framework/src/Illuminate/Routing/Controller.php(54): App/Http/Controllers/MainController->index()
#10 D:/xampp/htdocs/gatewaybooks/vendor/laravel/framework/src/Illuminate/Routing/ControllerDispatcher.php(43): Illuminate/Routing/Controller->callAction('index', Array)
#11 D:/xampp/htdocs/gatewaybooks/vendor/laravel/framework/src/Illuminate/Routing/Route.php(260): Illuminate/Routing/ControllerDispatcher->dispatch(Object(Illuminate/Routing/Route), Object(App/Http/Controllers/MainController), 'index')
#12 D:/xampp/htdocs/gatewaybooks/vendor/laravel/framework/src/Illuminate/Routing/Route.php(205): Illuminate/Routing/Route->runController()
#13 D:/xampp/htdocs/gatewaybooks/vendor/laravel/framework/src/Illuminate/Routing/Router.php(806): Illuminate/Routing/Route->run()
#14 D:/xampp/htdocs/gatewaybooks/vendor/laravel/framework/src/Illuminate/Pipeline/Pipeline.php(144): Illuminate/Routing/Router->Illuminate/Routing/{closure}(Object(Illuminate/Http/Request))
#15 D:/xampp/htdocs/gatewaybooks/vendor/laravel/framework/src/Illuminate/Routing/Middleware/SubstituteBindings.php(50): Illuminate/Pipeline/Pipeline->Illuminate/Pipeline/{closure}(Object(Illuminate/Http/Request))
#16 D:/xampp/htdocs/gatewaybooks/vendor/laravel/framework/src/Illuminate/Pipeline/Pipeline.php(183): Illuminate/Routing/Middleware/SubstituteBindings->handle(Object(Illuminate/Http/Request), Object(Closure))
#17 D:/xampp/htdocs/gatewaybooks/vendor/laravel/framework/src/Illuminate/Foundation/Http/Middleware/VerifyCsrfToken.php(78): Illuminate/Pipeline/Pipeline->Illuminate/Pipeline/{closure}(Object(Illuminate/Http/Request))
#18 D:/xampp/htdocs/gatewaybooks/vendor/laravel/framework/src/Illuminate/Pipeline/Pipeline.php(183): Illuminate/Foundation/Http/Middleware/VerifyCsrfToken->handle(Object(Illuminate/Http/Request), Object(Closure))
#19 D:/xampp/htdocs/gatewaybooks/vendor/laravel/framework/src/Illuminate/View/Middleware/ShareErrorsFromSession.php(49): Illuminate/Pipeline/Pipeline->Illuminate/Pipeline/{closure}(Object(Illuminate/Http/Request))
#20 D:/xampp/htdocs/gatewaybooks/vendor/laravel/framework/src/Illuminate/Pipeline/Pipeline.php(183): Illuminate/View/Middleware/ShareErrorsFromSession->handle(Object(Illuminate/Http/Request), Object(Closure))
#21 D:/xampp/htdocs/gatewaybooks/vendor/laravel/framework/src/Illuminate/Session/Middleware/StartSession.php(121): Illuminate/Pipeline/Pipeline->Illuminate/Pipeline/{closure}(Object(Illuminate/Http/Request))
#22 D:/xampp/htdocs/gatewaybooks/vendor/laravel/framework/src/Illuminate/Session/Middleware/StartSession.php(64): Illuminate/Session/Middleware/StartSession->handleStatefulRequest(Object(Illuminate/Http/Request), Object(Illuminate/Session/Store), Object(Closure))
#23 D:/xampp/htdocs/gatewaybooks/vendor/laravel/framework/src/Illuminate/Pipeline/Pipeline.php(183): Illuminate/Session/Middleware/StartSession->handle(Object(Illuminate/Http/Request), Object(Closure))
#24 D:/xampp/htdocs/gatewaybooks/vendor/laravel/framework/src/Illuminate/Cookie/Middleware/AddQueuedCookiesToResponse.php(37): Illuminate/Pipeline/Pipeline->Illuminate/Pipeline/{closure}(Object(Illuminate/Http/Request))
#25 D:/xampp/htdocs/gatewaybooks/vendor/laravel/framework/src/Illuminate/Pipeline/Pipeline.php(183): Illuminate/Cookie/Middleware/AddQueuedCookiesToResponse->handle(Object(Illuminate/Http/Request), Object(Closure))
#26 D:/xampp/htdocs/gatewaybooks/vendor/laravel/framework/src/Illuminate/Cookie/Middleware/EncryptCookies.php(67): Illuminate/Pipeline/Pipeline->Illuminate/Pipeline/{closure}(Object(Illuminate/Http/Request))
#27 D:/xampp/htdocs/gatewaybooks/vendor/laravel/framework/src/Illuminate/Pipeline/Pipeline.php(183): Illuminate/Cookie/Middleware/EncryptCookies->handle(Object(Illuminate/Http/Request), Object(Closure))
#28 D:/xampp/htdocs/gatewaybooks/vendor/laravel/framework/src/Illuminate/Pipeline/Pipeline.php(119): Illuminate/Pipeline/Pipeline->Illuminate/Pipeline/{closure}(Object(Illuminate/Http/Request))
#29 D:/xampp/htdocs/gatewaybooks/vendor/laravel/framework/src/Illuminate/Routing/Router.php(807): Illuminate/Pipeline/Pipeline->then(Object(Closure))
#30 D:/xampp/htdocs/gatewaybooks/vendor/laravel/framework/src/Illuminate/Routing/Router.php(784): Illuminate/Routing/Router->runRouteWithinStack(Object(Illuminate/Routing/Route), Object(Illuminate/Http/Request))
#31 D:/xampp/htdocs/gatewaybooks/vendor/laravel/framework/src/Illuminate/Routing/Router.php(748): Illuminate/Routing/Router->runRoute(Object(Illuminate/Http/Request), Object(Illuminate/Routing/Route))
#32 D:/xampp/htdocs/gatewaybooks/vendor/laravel/framework/src/Illuminate/Routing/Router.php(737): Illuminate/Routing/Router->dispatchToRoute(Object(Illuminate/Http/Request))
#33 D:/xampp/htdocs/gatewaybooks/vendor/laravel/framework/src/Illuminate/Foundation/Http/Kernel.php(200): Illuminate/Routing/Router->dispatch(Object(Illuminate/Http/Request))
#34 D:/xampp/htdocs/gatewaybooks/vendor/laravel/framework/src/Illuminate/Pipeline/Pipeline.php(144): Illuminate/Foundation/Http/Kernel->Illuminate/Foundation/Http/{closure}(Object(Illuminate/Http/Request))
#35 D:/xampp/htdocs/gatewaybooks/vendor/laravel/framework/src/Illuminate/Foundation/Http/Middleware/TransformsRequest.php(21): Illuminate/Pipeline/Pipeline->Illuminate/Pipeline/{closure}(Object(Illuminate/Http/Request))
#36 D:/xampp/htdocs/gatewaybooks/vendor/laravel/framework/src/Illuminate/Foundation/Http/Middleware/ConvertEmptyStringsToNull.php(31): Illuminate/Foundation/Http/Middleware/TransformsRequest->handle(Object(Illuminate/Http/Request), Object(Closure))
#37 D:/xampp/htdocs/gatewaybooks/vendor/laravel/framework/src/Illuminate/Pipeline/Pipeline.php(183): Illuminate/Foundation/Http/Middleware/ConvertEmptyStringsToNull->handle(Object(Illuminate/Http/Request), Object(Closure))
#38 D:/xampp/htdocs/gatewaybooks/vendor/laravel/framework/src/Illuminate/Foundation/Http/Middleware/TransformsRequest.php(21): Illuminate/Pipeline/Pipeline->Illuminate/Pipeline/{closure}(Object(Illuminate/Http/Request))
#39 D:/xampp/htdocs/gatewaybooks/vendor/laravel/framework/src/Illuminate/Foundation/Http/Middleware/TrimStrings.php(40): Illuminate/Foundation/Http/Middleware/TransformsRequest->handle(Object(Illuminate/Http/Request), Object(Closure))
#40 D:/xampp/htdocs/gatewaybooks/vendor/laravel/framework/src/Illuminate/Pipeline/Pipeline.php(183): Illuminate/Foundation/Http/Middleware/TrimStrings->handle(Object(Illuminate/Http/Request), Object(Closure))
#41 D:/xampp/htdocs/gatewaybooks/vendor/laravel/framework/src/Illuminate/Foundation/Http/Middleware/ValidatePostSize.php(27): Illuminate/Pipeline/Pipeline->Illuminate/Pipeline/{closure}(Object(Illuminate/Http/Request))
#42 D:/xampp/htdocs/gatewaybooks/vendor/laravel/framework/src/Illuminate/Pipeline/Pipeline.php(183): Illuminate/Foundation/Http/Middleware/ValidatePostSize->handle(Object(Illuminate/Http/Request), Object(Closure))
#43 D:/xampp/htdocs/gatewaybooks/vendor/laravel/framework/src/Illuminate/Foundation/Http/Middleware/PreventRequestsDuringMaintenance.php(99): Illuminate/Pipeline/Pipeline->Illuminate/Pipeline/{closure}(Object(Illuminate/Http/Request))
#44 D:/xampp/htdocs/gatewaybooks/vendor/laravel/framework/src/Illuminate/Pipeline/Pipeline.php(183): Illuminate/Foundation/Http/Middleware/PreventRequestsDuringMaintenance->handle(Object(Illuminate/Http/Request), Object(Closure))
#45 D:/xampp/htdocs/gatewaybooks/vendor/laravel/framework/src/Illuminate/Http/Middleware/HandleCors.php(49): Illuminate/Pipeline/Pipeline->Illuminate/Pipeline/{closure}(Object(Illuminate/Http/Request))
#46 D:/xampp/htdocs/gatewaybooks/vendor/laravel/framework/src/Illuminate/Pipeline/Pipeline.php(183): Illuminate/Http/Middleware/HandleCors->handle(Object(Illuminate/Http/Request), Object(Closure))
#47 D:/xampp/htdocs/gatewaybooks/vendor/laravel/framework/src/Illuminate/Http/Middleware/TrustProxies.php(39): Illuminate/Pipeline/Pipeline->Illuminate/Pipeline/{closure}(Object(Illuminate/Http/Request))
#48 D:/xampp/htdocs/gatewaybooks/vendor/laravel/framework/src/Illuminate/Pipeline/Pipeline.php(183): Illuminate/Http/Middleware/TrustProxies->handle(Object(Illuminate/Http/Request), Object(Closure))
#49 D:/xampp/htdocs/gatewaybooks/vendor/laravel/framework/src/Illuminate/Pipeline/Pipeline.php(119): Illuminate/Pipeline/Pipeline->Illuminate/Pipeline/{closure}(Object(Illuminate/Http/Request))
#50 D:/xampp/htdocs/gatewaybooks/vendor/laravel/framework/src/Illuminate/Foundation/Http/Kernel.php(175): Illuminate/Pipeline/Pipeline->then(Object(Closure))
#51 D:/xampp/htdocs/gatewaybooks/vendor/laravel/framework/src/Illuminate/Foundation/Http/Kernel.php(144): Illuminate/Foundation/Http/Kernel->sendRequestThroughRouter(Object(Illuminate/Http/Request))
#52 D:/xampp/htdocs/gatewaybooks/public/index.php(52): Illuminate/Foundation/Http/Kernel->handle(Object(Illuminate/Http/Request))
#53 D:/xampp/htdocs/gatewaybooks/vendor/laravel/framework/src/Illuminate/Foundation/resources/server.php(16): require_once('D://xampp//htdocs...')
#54 {main}

[previous exception] [object] (PDOException(code: 42S02): SQLSTATE[42S02]: Base table or view not found: 1146 Table 'gatewaybooksdb.media' doesn't exist at D:/xampp/htdocs/gatewaybooks/vendor/laravel/framework/src/Illuminate/Database/Connection.php:423)
[stacktrace]
#0 D:/xampp/htdocs/gatewaybooks/vendor/laravel/framework/src/Illuminate/Database/Connection.php(423): PDO->prepare('select * from `...')
#1 D:/xampp/htdocs/gatewaybooks/vendor/laravel/framework/src/Illuminate/Database/Connection.php(816): Illuminate/Database/Connection->Illuminate/Database/{closure}('select * from `...', Array)
#2 D:/xampp/htdocs/gatewaybooks/vendor/laravel/framework/src/Illuminate/Database/Connection.php(783): Illuminate/Database/Connection->runQueryCallback('select * from `...', Array, Object(Closure))
#3 D:/xampp/htdocs/gatewaybooks/vendor/laravel/framework/src/Illuminate/Database/Connection.php(431): Illuminate/Database/Connection->run('select * from `...', Array, Object(Closure))
#4 D:/xampp/htdocs/gatewaybooks/vendor/laravel/framework/src/Illuminate/Database/Query/Builder.php(2914): Illuminate/Database/Connection->select('select * from `...', Array, true)
#5 D:/xampp/htdocs/gatewaybooks/vendor/laravel/framework/src/Illuminate/Database/Query/Builder.php(2902): Illuminate/Database/Query/Builder->runSelect()
#6 D:/xampp/htdocs/gatewaybooks/vendor/laravel/framework/src/Illuminate/Database/Query/Builder.php(3456): Illuminate/Database/Query/Builder->Illuminate/Database/Query/{closure}()
#7 D:/xampp/htdocs/gatewaybooks/vendor/laravel/framework/src/Illuminate/Database/Query/Builder.php(2903): Illuminate/Database/Query/Builder->onceWithColumns(Array, Object(Closure))
#8 D:/xampp/htdocs/gatewaybooks/vendor/laravel/framework/src/Illuminate/Database/Eloquent/Builder.php(739): Illuminate/Database/Query/Builder->get(Array)
#9 D:/xampp/htdocs/gatewaybooks/vendor/laravel/framework/src/Illuminate/Database/Eloquent/Builder.php(723): Illuminate/Database/Eloquent/Builder->getModels(Array)
#10 D:/xampp/htdocs/gatewaybooks/app/Http/Controllers/MainController.php(15): Illuminate/Database/Eloquent/Builder->get()
#11 D:/xampp/htdocs/gatewaybooks/vendor/laravel/framework/src/Illuminate/Routing/Controller.php(54): App/Http/Controllers/MainController->index()
#12 D:/xampp/htdocs/gatewaybooks/vendor/laravel/framework/src/Illuminate/Routing/ControllerDispatcher.php(43): Illuminate/Routing/Controller->callAction('index', Array)
#13 D:/xampp/htdocs/gatewaybooks/vendor/laravel/framework/src/Illuminate/Routing/Route.php(260): Illuminate/Routing/ControllerDispatcher->dispatch(Object(Illuminate/Routing/Route), Object(App/Http/Controllers/MainController), 'index')
#14 D:/xampp/htdocs/gatewaybooks/vendor/laravel/framework/src/Illuminate/Routing/Route.php(205): Illuminate/Routing/Route->runController()
#15 D:/xampp/htdocs/gatewaybooks/vendor/laravel/framework/src/Illuminate/Routing/Router.php(806): Illuminate/Routing/Route->run()
#16 D:/xampp/htdocs/gatewaybooks/vendor/laravel/framework/src/Illuminate/Pipeline/Pipeline.php(144): Illuminate/Routing/Router->Illuminate/Routing/{closure}(Object(Illuminate/Http/Request))
#17 D:/xampp/htdocs/gatewaybooks/vendor/laravel/framework/src/Illuminate/Routing/Middleware/SubstituteBindings.php(50): Illuminate/Pipeline/Pipeline->Illuminate/Pipeline/{closure}(Object(Illuminate/Http/Request))
#18 D:/xampp/htdocs/gatewaybooks/vendor/laravel/framework/src/Illuminate/Pipeline/Pipeline.php(183): Illuminate/Routing/Middleware/SubstituteBindings->handle(Object(Illuminate/Http/Request), Object(Closure))
#19 D:/xampp/htdocs/gatewaybooks/vendor/laravel/framework/src/Illuminate/Foundation/Http/Middleware/VerifyCsrfToken.php(78): Illuminate/Pipeline/Pipeline->Illuminate/Pipeline/{closure}(Object(Illuminate/Http/Request))
#20 D:/xampp/htdocs/gatewaybooks/vendor/laravel/framework/src/Illuminate/Pipeline/Pipeline.php(183): Illuminate/Foundation/Http/Middleware/VerifyCsrfToken->handle(Object(Illuminate/Http/Request), Object(Closure))
#21 D:/xampp/htdocs/gatewaybooks/vendor/laravel/framework/src/Illuminate/View/Middleware/ShareErrorsFromSession.php(49): Illuminate/Pipeline/Pipeline->Illuminate/Pipeline/{closure}(Object(Illuminate/Http/Request))
#22 D:/xampp/htdocs/gatewaybooks/vendor/laravel/framework/src/Illuminate/Pipeline/Pipeline.php(183): Illuminate/View/Middleware/ShareErrorsFromSession->handle(Object(Illuminate/Http/Request), Object(Closure))
#23 D:/xampp/htdocs/gatewaybooks/vendor/laravel/framework/src/Illuminate/Session/Middleware/StartSession.php(121): Illuminate/Pipeline/Pipeline->Illuminate/Pipeline/{closure}(Object(Illuminate/Http/Request))
#24 D:/xampp/htdocs/gatewaybooks/vendor/laravel/framework/src/Illuminate/Session/Middleware/StartSession.php(64): Illuminate/Session/Middleware/StartSession->handleStatefulRequest(Object(Illuminate/Http/Request), Object(Illuminate/Session/Store), Object(Closure))
#25 D:/xampp/htdocs/gatewaybooks/vendor/laravel/framework/src/Illuminate/Pipeline/Pipeline.php(183): Illuminate/Session/Middleware/StartSession->handle(Object(Illuminate/Http/Request), Object(Closure))
#26 D:/xampp/htdocs/gatewaybooks/vendor/laravel/framework/src/Illuminate/Cookie/Middleware/AddQueuedCookiesToResponse.php(37): Illuminate/Pipeline/Pipeline->Illuminate/Pipeline/{closure}(Object(Illuminate/Http/Request))
#27 D:/xampp/htdocs/gatewaybooks/vendor/laravel/framework/src/Illuminate/Pipeline/Pipeline.php(183): Illuminate/Cookie/Middleware/AddQueuedCookiesToResponse->handle(Object(Illuminate/Http/Request), Object(Closure))
#28 D:/xampp/htdocs/gatewaybooks/vendor/laravel/framework/src/Illuminate/Cookie/Middleware/EncryptCookies.php(67): Illuminate/Pipeline/Pipeline->Illuminate/Pipeline/{closure}(Object(Illuminate/Http/Request))
#29 D:/xampp/htdocs/gatewaybooks/vendor/laravel/framework/src/Illuminate/Pipeline/Pipeline.php(183): Illuminate/Cookie/Middleware/EncryptCookies->handle(Object(Illuminate/Http/Request), Object(Closure))
#30 D:/xampp/htdocs/gatewaybooks/vendor/laravel/framework/src/Illuminate/Pipeline/Pipeline.php(119): Illuminate/Pipeline/Pipeline->Illuminate/Pipeline/{closure}(Object(Illuminate/Http/Request))
#31 D:/xampp/htdocs/gatewaybooks/vendor/laravel/framework/src/Illuminate/Routing/Router.php(807): Illuminate/Pipeline/Pipeline->then(Object(Closure))
#32 D:/xampp/htdocs/gatewaybooks/vendor/laravel/framework/src/Illuminate/Routing/Router.php(784): Illuminate/Routing/Router->runRouteWithinStack(Object(Illuminate/Routing/Route), Object(Illuminate/Http/Request))
#33 D:/xampp/htdocs/gatewaybooks/vendor/laravel/framework/src/Illuminate/Routing/Router.php(748): Illuminate/Routing/Router->runRoute(Object(Illuminate/Http/Request), Object(Illuminate/Routing/Route))
#34 D:/xampp/htdocs/gatewaybooks/vendor/laravel/framework/src/Illuminate/Routing/Router.php(737): Illuminate/Routing/Router->dispatchToRoute(Object(Illuminate/Http/Request))
#35 D:/xampp/htdocs/gatewaybooks/vendor/laravel/framework/src/Illuminate/Foundation/Http/Kernel.php(200): Illuminate/Routing/Router->dispatch(Object(Illuminate/Http/Request))
#36 D:/xampp/htdocs/gatewaybooks/vendor/laravel/framework/src/Illuminate/Pipeline/Pipeline.php(144): Illuminate/Foundation/Http/Kernel->Illuminate/Foundation/Http/{closure}(Object(Illuminate/Http/Request))
#37 D:/xampp/htdocs/gatewaybooks/vendor/laravel/framework/src/Illuminate/Foundation/Http/Middleware/TransformsRequest.php(21): Illuminate/Pipeline/Pipeline->Illuminate/Pipeline/{closure}(Object(Illuminate/Http/Request))
#38 D:/xampp/htdocs/gatewaybooks/vendor/laravel/framework/src/Illuminate/Foundation/Http/Middleware/ConvertEmptyStringsToNull.php(31): Illuminate/Foundation/Http/Middleware/TransformsRequest->handle(Object(Illuminate/Http/Request), Object(Closure))
#39 D:/xampp/htdocs/gatewaybooks/vendor/laravel/framework/src/Illuminate/Pipeline/Pipeline.php(183): Illuminate/Foundation/Http/Middleware/ConvertEmptyStringsToNull->handle(Object(Illuminate/Http/Request), Object(Closure))
#40 D:/xampp/htdocs/gatewaybooks/vendor/laravel/framework/src/Illuminate/Foundation/Http/Middleware/TransformsRequest.php(21): Illuminate/Pipeline/Pipeline->Illuminate/Pipeline/{closure}(Object(Illuminate/Http/Request))
#41 D:/xampp/htdocs/gatewaybooks/vendor/laravel/framework/src/Illuminate/Foundation/Http/Middleware/TrimStrings.php(40): Illuminate/Foundation/Http/Middleware/TransformsRequest->handle(Object(Illuminate/Http/Request), Object(Closure))
#42 D:/xampp/htdocs/gatewaybooks/vendor/laravel/framework/src/Illuminate/Pipeline/Pipeline.php(183): Illuminate/Foundation/Http/Middleware/TrimStrings->handle(Object(Illuminate/Http/Request), Object(Closure))
#43 D:/xampp/htdocs/gatewaybooks/vendor/laravel/framework/src/Illuminate/Foundation/Http/Middleware/ValidatePostSize.php(27): Illuminate/Pipeline/Pipeline->Illuminate/Pipeline/{closure}(Object(Illuminate/Http/Request))
#44 D:/xampp/htdocs/gatewaybooks/vendor/laravel/framework/src/Illuminate/Pipeline/Pipeline.php(183): Illuminate/Foundation/Http/Middleware/ValidatePostSize->handle(Object(Illuminate/Http/Request), Object(Closure))
#45 D:/xampp/htdocs/gatewaybooks/vendor/laravel/framework/src/Illuminate/Foundation/Http/Middleware/PreventRequestsDuringMaintenance.php(99): Illuminate/Pipeline/Pipeline->Illuminate/Pipeline/{closure}(Object(Illuminate/Http/Request))
#46 D:/xampp/htdocs/gatewaybooks/vendor/laravel/framework/src/Illuminate/Pipeline/Pipeline.php(183): Illuminate/Foundation/Http/Middleware/PreventRequestsDuringMaintenance->handle(Object(Illuminate/Http/Request), Object(Closure))
#47 D:/xampp/htdocs/gatewaybooks/vendor/laravel/framework/src/Illuminate/Http/Middleware/HandleCors.php(49): Illuminate/Pipeline/Pipeline->Illuminate/Pipeline/{closure}(Object(Illuminate/Http/Request))
#48 D:/xampp/htdocs/gatewaybooks/vendor/laravel/framework/src/Illuminate/Pipeline/Pipeline.php(183): Illuminate/Http/Middleware/HandleCors->handle(Object(Illuminate/Http/Request), Object(Closure))
#49 D:/xampp/htdocs/gatewaybooks/vendor/laravel/framework/src/Illuminate/Http/Middleware/TrustProxies.php(39): Illuminate/Pipeline/Pipeline->Illuminate/Pipeline/{closure}(Object(Illuminate/Http/Request))
#50 D:/xampp/htdocs/gatewaybooks/vendor/laravel/framework/src/Illuminate/Pipeline/Pipeline.php(183): Illuminate/Http/Middleware/TrustProxies->handle(Object(Illuminate/Http/Request), Object(Closure))
#51 D:/xampp/htdocs/gatewaybooks/vendor/laravel/framework/src/Illuminate/Pipeline/Pipeline.php(119): Illuminate/Pipeline/Pipeline->Illuminate/Pipeline/{closure}(Object(Illuminate/Http/Request))
#52 D:/xampp/htdocs/gatewaybooks/vendor/laravel/framework/src/Illuminate/Foundation/Http/Kernel.php(175): Illuminate/Pipeline/Pipeline->then(Object(Closure))
#53 D:/xampp/htdocs/gatewaybooks/vendor/laravel/framework/src/Illuminate/Foundation/Http/Kernel.php(144): Illuminate/Foundation/Http/Kernel->sendRequestThroughRouter(Object(Illuminate/Http/Request))
#54 D:/xampp/htdocs/gatewaybooks/public/index.php(52): Illuminate/Foundation/Http/Kernel->handle(Object(Illuminate/Http/Request))
#55 D:/xampp/htdocs/gatewaybooks/vendor/laravel/framework/src/Illuminate/Foundation/resources/server.php(16): require_once('D://xampp//htdocs...')
#56 {main}
"} 
[2026-08-29 18:26:24] local.ERROR: SQLSTATE[HY000]: General error: 1364 Field 'designation' doesn't have a default value (Connection: mysql, SQL: insert into `users` (`name`, `email`, `password`, `updated_at`, `created_at`) values (Muhammad Askani, muhammadaskani059@gmail.com, $2y$12$Z/EnPex3ywR0DiIJ.E7SKONej/zf9kqGgCS3agXExGc0TijVLUEra, 2026-08-29 18:26:24, 2026-08-29 18:26:24)) {"exception":"[object] (Illuminate\\Database\\QueryException(code: HY000): SQLSTATE[HY000]: General error: 1364 Field 'designation' doesn't have a default value (Connection: mysql, SQL: insert into `users` (`name`, `email`, `password`, `updated_at`, `created_at`) values (Muhammad Askani, muhammadaskani059@gmail.com, $2y$12$Z/EnPex3ywR0DiIJ.E7SKONej/zf9kqGgCS3agXExGc0TijVLUEra, 2026-08-29 18:26:24, 2026-08-29 18:26:24)) at D:/xampp/htdocs/gatewaybooks/vendor/laravel/framework/src/Illuminate/Database/Connection.php:829)
[stacktrace]
#0 D:/xampp/htdocs/gatewaybooks/vendor/laravel/framework/src/Illuminate/Database/Connection.php(783): Illuminate/Database/Connection->runQueryCallback('insert into `us...', Array, Object(Closure))
#1 D:/xampp/htdocs/gatewaybooks/vendor/laravel/framework/src/Illuminate/Database/MySqlConnection.php(50): Illuminate/Database/Connection->run('insert into `us...', Array, Object(Closure))
#2 D:/xampp/htdocs/gatewaybooks/vendor/laravel/framework/src/Illuminate/Database/Query/Processors/MySqlProcessor.php(35): Illuminate/Database/MySqlConnection->insert('insert into `us...', Array, 'id')
#3 D:/xampp/htdocs/gatewaybooks/vendor/laravel/framework/src/Illuminate/Database/Query/Builder.php(3549): Illuminate/Database/Query/Processors/MySqlProcessor->processInsertGetId(Object(Illuminate/Database/Query/Builder), 'insert into `us...', Array, 'id')
#4 D:/xampp/htdocs/gatewaybooks/vendor/laravel/framework/src/Illuminate/Database/Eloquent/Builder.php(1982): Illuminate/Database/Query/Builder->insertGetId(Array, 'id')
#5 D:/xampp/htdocs/gatewaybooks/vendor/laravel/framework/src/Illuminate/Database/Eloquent/Model.php(1334): Illuminate/Database/Eloquent/Builder->__call('insertGetId', Array)
#6 D:/xampp/htdocs/gatewaybooks/vendor/laravel/framework/src/Illuminate/Database/Eloquent/Model.php(1299): Illuminate/Database/Eloquent/Model->insertAndSetId(Object(Illuminate/Database/Eloquent/Builder), Array)
#7 D:/xampp/htdocs/gatewaybooks/vendor/laravel/framework/src/Illuminate/Database/Eloquent/Model.php(1138): Illuminate/Database/Eloquent/Model->performInsert(Object(Illuminate/Database/Eloquent/Builder))
#8 D:/xampp/htdocs/gatewaybooks/vendor/laravel/framework/src/Illuminate/Database/Eloquent/Builder.php(1025): Illuminate/Database/Eloquent/Model->save()
#9 D:/xampp/htdocs/gatewaybooks/vendor/laravel/framework/src/Illuminate/Support/helpers.php(320): Illuminate/Database/Eloquent/Builder->Illuminate/Database/Eloquent/{closure}(Object(App/Models/User))
#10 D:/xampp/htdocs/gatewaybooks/vendor/laravel/framework/src/Illuminate/Database/Eloquent/Builder.php(1026): tap(Object(App/Models/User), Object(Closure))
#11 D:/xampp/htdocs/gatewaybooks/vendor/laravel/framework/src/Illuminate/Support/Traits/ForwardsCalls.php(23): Illuminate/Database/Eloquent/Builder->create(Array)
#12 D:/xampp/htdocs/gatewaybooks/vendor/laravel/framework/src/Illuminate/Database/Eloquent/Model.php(2335): Illuminate/Database/Eloquent/Model->forwardCallTo(Object(Illuminate/Database/Eloquent/Builder), 'create', Array)
#13 D:/xampp/htdocs/gatewaybooks/vendor/laravel/framework/src/Illuminate/Database/Eloquent/Model.php(2347): Illuminate/Database/Eloquent/Model->__call('create', Array)
#14 D:/xampp/htdocs/gatewaybooks/app/Http/Controllers/Auth/RegisteredUserController.php(42): Illuminate/Database/Eloquent/Model::__callStatic('create', Array)
#15 D:/xampp/htdocs/gatewaybooks/vendor/laravel/framework/src/Illuminate/Routing/Controller.php(54): App/Http/Controllers/Auth/RegisteredUserController->store(Object(Illuminate/Http/Request))
#16 D:/xampp/htdocs/gatewaybooks/vendor/laravel/framework/src/Illuminate/Routing/ControllerDispatcher.php(43): Illuminate/Routing/Controller->callAction('store', Array)
#17 D:/xampp/htdocs/gatewaybooks/vendor/laravel/framework/src/Illuminate/Routing/Route.php(260): Illuminate/Routing/ControllerDispatcher->dispatch(Object(Illuminate/Routing/Route), Object(App/Http/Controllers/Auth/RegisteredUserController), 'store')
#18 D:/xampp/htdocs/gatewaybooks/vendor/laravel/framework/src/Illuminate/Routing/Route.php(205): Illuminate/Routing/Route->runController()
#19 D:/xampp/htdocs/gatewaybooks/vendor/laravel/framework/src/Illuminate/Routing/Router.php(806): Illuminate/Routing/Route->run()
#20 D:/xampp/htdocs/gatewaybooks/vendor/laravel/framework/src/Illuminate/Pipeline/Pipeline.php(144): Illuminate/Routing/Router->Illuminate/Routing/{closure}(Object(Illuminate/Http/Request))
#21 D:/xampp/htdocs/gatewaybooks/app/Http/Middleware/RedirectIfAuthenticated.php(28): Illuminate/Pipeline/Pipeline->Illuminate/Pipeline/{closure}(Object(Illuminate/Http/Request))
#22 D:/xampp/htdocs/gatewaybooks/vendor/laravel/framework/src/Illuminate/Pipeline/Pipeline.php(183): App/Http/Middleware/RedirectIfAuthenticated->handle(Object(Illuminate/Http/Request), Object(Closure))
#23 D:/xampp/htdocs/gatewaybooks/vendor/laravel/framework/src/Illuminate/Routing/Middleware/SubstituteBindings.php(50): Illuminate/Pipeline/Pipeline->Illuminate/Pipeline/{closure}(Object(Illuminate/Http/Request))
#24 D:/xampp/htdocs/gatewaybooks/vendor/laravel/framework/src/Illuminate/Pipeline/Pipeline.php(183): Illuminate/Routing/Middleware/SubstituteBindings->handle(Object(Illuminate/Http/Request), Object(Closure))
#25 D:/xampp/htdocs/gatewaybooks/vendor/laravel/framework/src/Illuminate/Foundation/Http/Middleware/VerifyCsrfToken.php(78): Illuminate/Pipeline/Pipeline->Illuminate/Pipeline/{closure}(Object(Illuminate/Http/Request))
#26 D:/xampp/htdocs/gatewaybooks/vendor/laravel/framework/src/Illuminate/Pipeline/Pipeline.php(183): Illuminate/Foundation/Http/Middleware/VerifyCsrfToken->handle(Object(Illuminate/Http/Request), Object(Closure))
#27 D:/xampp/htdocs/gatewaybooks/vendor/laravel/framework/src/Illuminate/View/Middleware/ShareErrorsFromSession.php(49): Illuminate/Pipeline/Pipeline->Illuminate/Pipeline/{closure}(Object(Illuminate/Http/Request))
#28 D:/xampp/htdocs/gatewaybooks/vendor/laravel/framework/src/Illuminate/Pipeline/Pipeline.php(183): Illuminate/View/Middleware/ShareErrorsFromSession->handle(Object(Illuminate/Http/Request), Object(Closure))
#29 D:/xampp/htdocs/gatewaybooks/vendor/laravel/framework/src/Illuminate/Session/Middleware/StartSession.php(121): Illuminate/Pipeline/Pipeline->Illuminate/Pipeline/{closure}(Object(Illuminate/Http/Request))
#30 D:/xampp/htdocs/gatewaybooks/vendor/laravel/framework/src/Illuminate/Session/Middleware/StartSession.php(64): Illuminate/Session/Middleware/StartSession->handleStatefulRequest(Object(Illuminate/Http/Request), Object(Illuminate/Session/Store), Object(Closure))
#31 D:/xampp/htdocs/gatewaybooks/vendor/laravel/framework/src/Illuminate/Pipeline/Pipeline.php(183): Illuminate/Session/Middleware/StartSession->handle(Object(Illuminate/Http/Request), Object(Closure))
#32 D:/xampp/htdocs/gatewaybooks/vendor/laravel/framework/src/Illuminate/Cookie/Middleware/AddQueuedCookiesToResponse.php(37): Illuminate/Pipeline/Pipeline->Illuminate/Pipeline/{closure}(Object(Illuminate/Http/Request))
#33 D:/xampp/htdocs/gatewaybooks/vendor/laravel/framework/src/Illuminate/Pipeline/Pipeline.php(183): Illuminate/Cookie/Middleware/AddQueuedCookiesToResponse->handle(Object(Illuminate/Http/Request), Object(Closure))
#34 D:/xampp/htdocs/gatewaybooks/vendor/laravel/framework/src/Illuminate/Cookie/Middleware/EncryptCookies.php(67): Illuminate/Pipeline/Pipeline->Illuminate/Pipeline/{closure}(Object(Illuminate/Http/Request))
#35 D:/xampp/htdocs/gatewaybooks/vendor/laravel/framework/src/Illuminate/Pipeline/Pipeline.php(183): Illuminate/Cookie/Middleware/EncryptCookies->handle(Object(Illuminate/Http/Request), Object(Closure))
#36 D:/xampp/htdocs/gatewaybooks/vendor/laravel/framework/src/Illuminate/Pipeline/Pipeline.php(119): Illuminate/Pipeline/Pipeline->Illuminate/Pipeline/{closure}(Object(Illuminate/Http/Request))
#37 D:/xampp/htdocs/gatewaybooks/vendor/laravel/framework/src/Illuminate/Routing/Router.php(807): Illuminate/Pipeline/Pipeline->then(Object(Closure))
#38 D:/xampp/htdocs/gatewaybooks/vendor/laravel/framework/src/Illuminate/Routing/Router.php(784): Illuminate/Routing/Router->runRouteWithinStack(Object(Illuminate/Routing/Route), Object(Illuminate/Http/Request))
#39 D:/xampp/htdocs/gatewaybooks/vendor/laravel/framework/src/Illuminate/Routing/Router.php(748): Illuminate/Routing/Router->runRoute(Object(Illuminate/Http/Request), Object(Illuminate/Routing/Route))
#40 D:/xampp/htdocs/gatewaybooks/vendor/laravel/framework/src/Illuminate/Routing/Router.php(737): Illuminate/Routing/Router->dispatchToRoute(Object(Illuminate/Http/Request))
#41 D:/xampp/htdocs/gatewaybooks/vendor/laravel/framework/src/Illuminate/Foundation/Http/Kernel.php(200): Illuminate/Routing/Router->dispatch(Object(Illuminate/Http/Request))
#42 D:/xampp/htdocs/gatewaybooks/vendor/laravel/framework/src/Illuminate/Pipeline/Pipeline.php(144): Illuminate/Foundation/Http/Kernel->Illuminate/Foundation/Http/{closure}(Object(Illuminate/Http/Request))
#43 D:/xampp/htdocs/gatewaybooks/vendor/laravel/framework/src/Illuminate/Foundation/Http/Middleware/TransformsRequest.php(21): Illuminate/Pipeline/Pipeline->Illuminate/Pipeline/{closure}(Object(Illuminate/Http/Request))
#44 D:/xampp/htdocs/gatewaybooks/vendor/laravel/framework/src/Illuminate/Foundation/Http/Middleware/ConvertEmptyStringsToNull.php(31): Illuminate/Foundation/Http/Middleware/TransformsRequest->handle(Object(Illuminate/Http/Request), Object(Closure))
#45 D:/xampp/htdocs/gatewaybooks/vendor/laravel/framework/src/Illuminate/Pipeline/Pipeline.php(183): Illuminate/Foundation/Http/Middleware/ConvertEmptyStringsToNull->handle(Object(Illuminate/Http/Request), Object(Closure))
#46 D:/xampp/htdocs/gatewaybooks/vendor/laravel/framework/src/Illuminate/Foundation/Http/Middleware/TransformsRequest.php(21): Illuminate/Pipeline/Pipeline->Illuminate/Pipeline/{closure}(Object(Illuminate/Http/Request))
#47 D:/xampp/htdocs/gatewaybooks/vendor/laravel/framework/src/Illuminate/Foundation/Http/Middleware/TrimStrings.php(40): Illuminate/Foundation/Http/Middleware/TransformsRequest->handle(Object(Illuminate/Http/Request), Object(Closure))
#48 D:/xampp/htdocs/gatewaybooks/vendor/laravel/framework/src/Illuminate/Pipeline/Pipeline.php(183): Illuminate/Foundation/Http/Middleware/TrimStrings->handle(Object(Illuminate/Http/Request), Object(Closure))
#49 D:/xampp/htdocs/gatewaybooks/vendor/laravel/framework/src/Illuminate/Foundation/Http/Middleware/ValidatePostSize.php(27): Illuminate/Pipeline/Pipeline->Illuminate/Pipeline/{closure}(Object(Illuminate/Http/Request))
#50 D:/xampp/htdocs/gatewaybooks/vendor/laravel/framework/src/Illuminate/Pipeline/Pipeline.php(183): Illuminate/Foundation/Http/Middleware/ValidatePostSize->handle(Object(Illuminate/Http/Request), Object(Closure))
#51 D:/xampp/htdocs/gatewaybooks/vendor/laravel/framework/src/Illuminate/Foundation/Http/Middleware/PreventRequestsDuringMaintenance.php(99): Illuminate/Pipeline/Pipeline->Illuminate/Pipeline/{closure}(Object(Illuminate/Http/Request))
#52 D:/xampp/htdocs/gatewaybooks/vendor/laravel/framework/src/Illuminate/Pipeline/Pipeline.php(183): Illuminate/Foundation/Http/Middleware/PreventRequestsDuringMaintenance->handle(Object(Illuminate/Http/Request), Object(Closure))
#53 D:/xampp/htdocs/gatewaybooks/vendor/laravel/framework/src/Illuminate/Http/Middleware/HandleCors.php(49): Illuminate/Pipeline/Pipeline->Illuminate/Pipeline/{closure}(Object(Illuminate/Http/Request))
#54 D:/xampp/htdocs/gatewaybooks/vendor/laravel/framework/src/Illuminate/Pipeline/Pipeline.php(183): Illuminate/Http/Middleware/HandleCors->handle(Object(Illuminate/Http/Request), Object(Closure))
#55 D:/xampp/htdocs/gatewaybooks/vendor/laravel/framework/src/Illuminate/Http/Middleware/TrustProxies.php(39): Illuminate/Pipeline/Pipeline->Illuminate/Pipeline/{closure}(Object(Illuminate/Http/Request))
#56 D:/xampp/htdocs/gatewaybooks/vendor/laravel/framework/src/Illuminate/Pipeline/Pipeline.php(183): Illuminate/Http/Middleware/TrustProxies->handle(Object(Illuminate/Http/Request), Object(Closure))
#57 D:/xampp/htdocs/gatewaybooks/vendor/laravel/framework/src/Illuminate/Pipeline/Pipeline.php(119): Illuminate/Pipeline/Pipeline->Illuminate/Pipeline/{closure}(Object(Illuminate/Http/Request))
#58 D:/xampp/htdocs/gatewaybooks/vendor/laravel/framework/src/Illuminate/Foundation/Http/Kernel.php(175): Illuminate/Pipeline/Pipeline->then(Object(Closure))
#59 D:/xampp/htdocs/gatewaybooks/vendor/laravel/framework/src/Illuminate/Foundation/Http/Kernel.php(144): Illuminate/Foundation/Http/Kernel->sendRequestThroughRouter(Object(Illuminate/Http/Request))
#60 D:/xampp/htdocs/gatewaybooks/public/index.php(52): Illuminate/Foundation/Http/Kernel->handle(Object(Illuminate/Http/Request))
#61 D:/xampp/htdocs/gatewaybooks/vendor/laravel/framework/src/Illuminate/Foundation/resources/server.php(16): require_once('D://xampp//htdocs...')
#62 {main}

[previous exception] [object] (PDOException(code: HY000): SQLSTATE[HY000]: General error: 1364 Field 'designation' doesn't have a default value at D:/xampp/htdocs/gatewaybooks/vendor/laravel/framework/src/Illuminate/Database/MySqlConnection.php:45)
[stacktrace]
#0 D:/xampp/htdocs/gatewaybooks/vendor/laravel/framework/src/Illuminate/Database/MySqlConnection.php(45): PDOStatement->execute()
#1 D:/xampp/htdocs/gatewaybooks/vendor/laravel/framework/src/Illuminate/Database/Connection.php(816): Illuminate/Database/MySqlConnection->Illuminate/Database/{closure}('insert into `us...', Array)
#2 D:/xampp/htdocs/gatewaybooks/vendor/laravel/framework/src/Illuminate/Database/Connection.php(783): Illuminate/Database/Connection->runQueryCallback('insert into `us...', Array, Object(Closure))
#3 D:/xampp/htdocs/gatewaybooks/vendor/laravel/framework/src/Illuminate/Database/MySqlConnection.php(50): Illuminate/Database/Connection->run('insert into `us...', Array, Object(Closure))
#4 D:/xampp/htdocs/gatewaybooks/vendor/laravel/framework/src/Illuminate/Database/Query/Processors/MySqlProcessor.php(35): Illuminate/Database/MySqlConnection->insert('insert into `us...', Array, 'id')
#5 D:/xampp/htdocs/gatewaybooks/vendor/laravel/framework/src/Illuminate/Database/Query/Builder.php(3549): Illuminate/Database/Query/Processors/MySqlProcessor->processInsertGetId(Object(Illuminate/Database/Query/Builder), 'insert into `us...', Array, 'id')
#6 D:/xampp/htdocs/gatewaybooks/vendor/laravel/framework/src/Illuminate/Database/Eloquent/Builder.php(1982): Illuminate/Database/Query/Builder->insertGetId(Array, 'id')
#7 D:/xampp/htdocs/gatewaybooks/vendor/laravel/framework/src/Illuminate/Database/Eloquent/Model.php(1334): Illuminate/Database/Eloquent/Builder->__call('insertGetId', Array)
#8 D:/xampp/htdocs/gatewaybooks/vendor/laravel/framework/src/Illuminate/Database/Eloquent/Model.php(1299): Illuminate/Database/Eloquent/Model->insertAndSetId(Object(Illuminate/Database/Eloquent/Builder), Array)
#9 D:/xampp/htdocs/gatewaybooks/vendor/laravel/framework/src/Illuminate/Database/Eloquent/Model.php(1138): Illuminate/Database/Eloquent/Model->performInsert(Object(Illuminate/Database/Eloquent/Builder))
#10 D:/xampp/htdocs/gatewaybooks/vendor/laravel/framework/src/Illuminate/Database/Eloquent/Builder.php(1025): Illuminate/Database/Eloquent/Model->save()
#11 D:/xampp/htdocs/gatewaybooks/vendor/laravel/framework/src/Illuminate/Support/helpers.php(320): Illuminate/Database/Eloquent/Builder->Illuminate/Database/Eloquent/{closure}(Object(App/Models/User))
#12 D:/xampp/htdocs/gatewaybooks/vendor/laravel/framework/src/Illuminate/Database/Eloquent/Builder.php(1026): tap(Object(App/Models/User), Object(Closure))
#13 D:/xampp/htdocs/gatewaybooks/vendor/laravel/framework/src/Illuminate/Support/Traits/ForwardsCalls.php(23): Illuminate/Database/Eloquent/Builder->create(Array)
#14 D:/xampp/htdocs/gatewaybooks/vendor/laravel/framework/src/Illuminate/Database/Eloquent/Model.php(2335): Illuminate/Database/Eloquent/Model->forwardCallTo(Object(Illuminate/Database/Eloquent/Builder), 'create', Array)
#15 D:/xampp/htdocs/gatewaybooks/vendor/laravel/framework/src/Illuminate/Database/Eloquent/Model.php(2347): Illuminate/Database/Eloquent/Model->__call('create', Array)
#16 D:/xampp/htdocs/gatewaybooks/app/Http/Controllers/Auth/RegisteredUserController.php(42): Illuminate/Database/Eloquent/Model::__callStatic('create', Array)
#17 D:/xampp/htdocs/gatewaybooks/vendor/laravel/framework/src/Illuminate/Routing/Controller.php(54): App/Http/Controllers/Auth/RegisteredUserController->store(Object(Illuminate/Http/Request))
#18 D:/xampp/htdocs/gatewaybooks/vendor/laravel/framework/src/Illuminate/Routing/ControllerDispatcher.php(43): Illuminate/Routing/Controller->callAction('store', Array)
#19 D:/xampp/htdocs/gatewaybooks/vendor/laravel/framework/src/Illuminate/Routing/Route.php(260): Illuminate/Routing/ControllerDispatcher->dispatch(Object(Illuminate/Routing/Route), Object(App/Http/Controllers/Auth/RegisteredUserController), 'store')
#20 D:/xampp/htdocs/gatewaybooks/vendor/laravel/framework/src/Illuminate/Routing/Route.php(205): Illuminate/Routing/Route->runController()
#21 D:/xampp/htdocs/gatewaybooks/vendor/laravel/framework/src/Illuminate/Routing/Router.php(806): Illuminate/Routing/Route->run()
#22 D:/xampp/htdocs/gatewaybooks/vendor/laravel/framework/src/Illuminate/Pipeline/Pipeline.php(144): Illuminate/Routing/Router->Illuminate/Routing/{closure}(Object(Illuminate/Http/Request))
#23 D:/xampp/htdocs/gatewaybooks/app/Http/Middleware/RedirectIfAuthenticated.php(28): Illuminate/Pipeline/Pipeline->Illuminate/Pipeline/{closure}(Object(Illuminate/Http/Request))
#24 D:/xampp/htdocs/gatewaybooks/vendor/laravel/framework/src/Illuminate/Pipeline/Pipeline.php(183): App/Http/Middleware/RedirectIfAuthenticated->handle(Object(Illuminate/Http/Request), Object(Closure))
#25 D:/xampp/htdocs/gatewaybooks/vendor/laravel/framework/src/Illuminate/Routing/Middleware/SubstituteBindings.php(50): Illuminate/Pipeline/Pipeline->Illuminate/Pipeline/{closure}(Object(Illuminate/Http/Request))
#26 D:/xampp/htdocs/gatewaybooks/vendor/laravel/framework/src/Illuminate/Pipeline/Pipeline.php(183): Illuminate/Routing/Middleware/SubstituteBindings->handle(Object(Illuminate/Http/Request), Object(Closure))
#27 D:/xampp/htdocs/gatewaybooks/vendor/laravel/framework/src/Illuminate/Foundation/Http/Middleware/VerifyCsrfToken.php(78): Illuminate/Pipeline/Pipeline->Illuminate/Pipeline/{closure}(Object(Illuminate/Http/Request))
#28 D:/xampp/htdocs/gatewaybooks/vendor/laravel/framework/src/Illuminate/Pipeline/Pipeline.php(183): Illuminate/Foundation/Http/Middleware/VerifyCsrfToken->handle(Object(Illuminate/Http/Request), Object(Closure))
#29 D:/xampp/htdocs/gatewaybooks/vendor/laravel/framework/src/Illuminate/View/Middleware/ShareErrorsFromSession.php(49): Illuminate/Pipeline/Pipeline->Illuminate/Pipeline/{closure}(Object(Illuminate/Http/Request))
#30 D:/xampp/htdocs/gatewaybooks/vendor/laravel/framework/src/Illuminate/Pipeline/Pipeline.php(183): Illuminate/View/Middleware/ShareErrorsFromSession->handle(Object(Illuminate/Http/Request), Object(Closure))
#31 D:/xampp/htdocs/gatewaybooks/vendor/laravel/framework/src/Illuminate/Session/Middleware/StartSession.php(121): Illuminate/Pipeline/Pipeline->Illuminate/Pipeline/{closure}(Object(Illuminate/Http/Request))
#32 D:/xampp/htdocs/gatewaybooks/vendor/laravel/framework/src/Illuminate/Session/Middleware/StartSession.php(64): Illuminate/Session/Middleware/StartSession->handleStatefulRequest(Object(Illuminate/Http/Request), Object(Illuminate/Session/Store), Object(Closure))
#33 D:/xampp/htdocs/gatewaybooks/vendor/laravel/framework/src/Illuminate/Pipeline/Pipeline.php(183): Illuminate/Session/Middleware/StartSession->handle(Object(Illuminate/Http/Request), Object(Closure))
#34 D:/xampp/htdocs/gatewaybooks/vendor/laravel/framework/src/Illuminate/Cookie/Middleware/AddQueuedCookiesToResponse.php(37): Illuminate/Pipeline/Pipeline->Illuminate/Pipeline/{closure}(Object(Illuminate/Http/Request))
#35 D:/xampp/htdocs/gatewaybooks/vendor/laravel/framework/src/Illuminate/Pipeline/Pipeline.php(183): Illuminate/Cookie/Middleware/AddQueuedCookiesToResponse->handle(Object(Illuminate/Http/Request), Object(Closure))
#36 D:/xampp/htdocs/gatewaybooks/vendor/laravel/framework/src/Illuminate/Cookie/Middleware/EncryptCookies.php(67): Illuminate/Pipeline/Pipeline->Illuminate/Pipeline/{closure}(Object(Illuminate/Http/Request))
#37 D:/xampp/htdocs/gatewaybooks/vendor/laravel/framework/src/Illuminate/Pipeline/Pipeline.php(183): Illuminate/Cookie/Middleware/EncryptCookies->handle(Object(Illuminate/Http/Request), Object(Closure))
#38 D:/xampp/htdocs/gatewaybooks/vendor/laravel/framework/src/Illuminate/Pipeline/Pipeline.php(119): Illuminate/Pipeline/Pipeline->Illuminate/Pipeline/{closure}(Object(Illuminate/Http/Request))
#39 D:/xampp/htdocs/gatewaybooks/vendor/laravel/framework/src/Illuminate/Routing/Router.php(807): Illuminate/Pipeline/Pipeline->then(Object(Closure))
#40 D:/xampp/htdocs/gatewaybooks/vendor/laravel/framework/src/Illuminate/Routing/Router.php(784): Illuminate/Routing/Router->runRouteWithinStack(Object(Illuminate/Routing/Route), Object(Illuminate/Http/Request))
#41 D:/xampp/htdocs/gatewaybooks/vendor/laravel/framework/src/Illuminate/Routing/Router.php(748): Illuminate/Routing/Router->runRoute(Object(Illuminate/Http/Request), Object(Illuminate/Routing/Route))
#42 D:/xampp/htdocs/gatewaybooks/vendor/laravel/framework/src/Illuminate/Routing/Router.php(737): Illuminate/Routing/Router->dispatchToRoute(Object(Illuminate/Http/Request))
#43 D:/xampp/htdocs/gatewaybooks/vendor/laravel/framework/src/Illuminate/Foundation/Http/Kernel.php(200): Illuminate/Routing/Router->dispatch(Object(Illuminate/Http/Request))
#44 D:/xampp/htdocs/gatewaybooks/vendor/laravel/framework/src/Illuminate/Pipeline/Pipeline.php(144): Illuminate/Foundation/Http/Kernel->Illuminate/Foundation/Http/{closure}(Object(Illuminate/Http/Request))
#45 D:/xampp/htdocs/gatewaybooks/vendor/laravel/framework/src/Illuminate/Foundation/Http/Middleware/TransformsRequest.php(21): Illuminate/Pipeline/Pipeline->Illuminate/Pipeline/{closure}(Object(Illuminate/Http/Request))
#46 D:/xampp/htdocs/gatewaybooks/vendor/laravel/framework/src/Illuminate/Foundation/Http/Middleware/ConvertEmptyStringsToNull.php(31): Illuminate/Foundation/Http/Middleware/TransformsRequest->handle(Object(Illuminate/Http/Request), Object(Closure))
#47 D:/xampp/htdocs/gatewaybooks/vendor/laravel/framework/src/Illuminate/Pipeline/Pipeline.php(183): Illuminate/Foundation/Http/Middleware/ConvertEmptyStringsToNull->handle(Object(Illuminate/Http/Request), Object(Closure))
#48 D:/xampp/htdocs/gatewaybooks/vendor/laravel/framework/src/Illuminate/Foundation/Http/Middleware/TransformsRequest.php(21): Illuminate/Pipeline/Pipeline->Illuminate/Pipeline/{closure}(Object(Illuminate/Http/Request))
#49 D:/xampp/htdocs/gatewaybooks/vendor/laravel/framework/src/Illuminate/Foundation/Http/Middleware/TrimStrings.php(40): Illuminate/Foundation/Http/Middleware/TransformsRequest->handle(Object(Illuminate/Http/Request), Object(Closure))
#50 D:/xampp/htdocs/gatewaybooks/vendor/laravel/framework/src/Illuminate/Pipeline/Pipeline.php(183): Illuminate/Foundation/Http/Middleware/TrimStrings->handle(Object(Illuminate/Http/Request), Object(Closure))
#51 D:/xampp/htdocs/gatewaybooks/vendor/laravel/framework/src/Illuminate/Foundation/Http/Middleware/ValidatePostSize.php(27): Illuminate/Pipeline/Pipeline->Illuminate/Pipeline/{closure}(Object(Illuminate/Http/Request))
#52 D:/xampp/htdocs/gatewaybooks/vendor/laravel/framework/src/Illuminate/Pipeline/Pipeline.php(183): Illuminate/Foundation/Http/Middleware/ValidatePostSize->handle(Object(Illuminate/Http/Request), Object(Closure))
#53 D:/xampp/htdocs/gatewaybooks/vendor/laravel/framework/src/Illuminate/Foundation/Http/Middleware/PreventRequestsDuringMaintenance.php(99): Illuminate/Pipeline/Pipeline->Illuminate/Pipeline/{closure}(Object(Illuminate/Http/Request))
#54 D:/xampp/htdocs/gatewaybooks/vendor/laravel/framework/src/Illuminate/Pipeline/Pipeline.php(183): Illuminate/Foundation/Http/Middleware/PreventRequestsDuringMaintenance->handle(Object(Illuminate/Http/Request), Object(Closure))
#55 D:/xampp/htdocs/gatewaybooks/vendor/laravel/framework/src/Illuminate/Http/Middleware/HandleCors.php(49): Illuminate/Pipeline/Pipeline->Illuminate/Pipeline/{closure}(Object(Illuminate/Http/Request))
#56 D:/xampp/htdocs/gatewaybooks/vendor/laravel/framework/src/Illuminate/Pipeline/Pipeline.php(183): Illuminate/Http/Middleware/HandleCors->handle(Object(Illuminate/Http/Request), Object(Closure))
#57 D:/xampp/htdocs/gatewaybooks/vendor/laravel/framework/src/Illuminate/Http/Middleware/TrustProxies.php(39): Illuminate/Pipeline/Pipeline->Illuminate/Pipeline/{closure}(Object(Illuminate/Http/Request))
#58 D:/xampp/htdocs/gatewaybooks/vendor/laravel/framework/src/Illuminate/Pipeline/Pipeline.php(183): Illuminate/Http/Middleware/TrustProxies->handle(Object(Illuminate/Http/Request), Object(Closure))
#59 D:/xampp/htdocs/gatewaybooks/vendor/laravel/framework/src/Illuminate/Pipeline/Pipeline.php(119): Illuminate/Pipeline/Pipeline->Illuminate/Pipeline/{closure}(Object(Illuminate/Http/Request))
#60 D:/xampp/htdocs/gatewaybooks/vendor/laravel/framework/src/Illuminate/Foundation/Http/Kernel.php(175): Illuminate/Pipeline/Pipeline->then(Object(Closure))
#61 D:/xampp/htdocs/gatewaybooks/vendor/laravel/framework/src/Illuminate/Foundation/Http/Kernel.php(144): Illuminate/Foundation/Http/Kernel->sendRequestThroughRouter(Object(Illuminate/Http/Request))
#62 D:/xampp/htdocs/gatewaybooks/public/index.php(52): Illuminate/Foundation/Http/Kernel->handle(Object(Illuminate/Http/Request))
#63 D:/xampp/htdocs/gatewaybooks/vendor/laravel/framework/src/Illuminate/Foundation/resources/server.php(16): require_once('D://xampp//htdocs...')
#64 {main}
"} 
[2026-08-29 18:32:06] local.ERROR: Route [profile.edit] not defined. {"view":{"view":"D:\\xampp\\htdocs\\gatewaybooks\\resources\\views\\layouts\\navigation.blade.php","data":{"errors":"<pre class=sf-dump id=sf-dump-748675766 data-indent-pad=\"  \"><span class=sf-dump-note>Illuminate\\Support\\ViewErrorBag</span> {<a class=sf-dump-ref>#372</a><samp data-depth=1 class=sf-dump-expanded>
  #<span class=sf-dump-protected title=\"Protected property\">bags</span>: []
</samp>}
</pre><script>Sfdump(\"sf-dump-748675766\", {\"maxDepth\":3,\"maxStringLength\":160})</script>
","componentName":"<pre class=sf-dump id=sf-dump-767925021 data-indent-pad=\"  \">\"<span class=sf-dump-str title=\"10 characters\">app-layout</span>\"
</pre><script>Sfdump(\"sf-dump-767925021\", {\"maxDepth\":3,\"maxStringLength\":160})</script>
","attributes":"<pre class=sf-dump id=sf-dump-1544359824 data-indent-pad=\"  \"><span class=sf-dump-note>Illuminate\\View\\ComponentAttributeBag</span> {<a class=sf-dump-ref>#1095</a><samp data-depth=1 class=sf-dump-expanded>
  #<span class=sf-dump-protected title=\"Protected property\">attributes</span>: []
</samp>}
</pre><script>Sfdump(\"sf-dump-1544359824\", {\"maxDepth\":3,\"maxStringLength\":160})</script>
","slot":"<pre class=sf-dump id=sf-dump-1302520845 data-indent-pad=\"  \"><span class=sf-dump-note>Illuminate\\View\\ComponentSlot</span> {<a class=sf-dump-ref>#1100</a><samp data-depth=1 class=sf-dump-expanded>
  +<span class=sf-dump-public title=\"Public property\">attributes</span>: <span class=\"sf-dump-note sf-dump-ellipsization\" title=\"Illuminate\\View\\ComponentAttributeBag
\"><span class=\"sf-dump-ellipsis sf-dump-ellipsis-note\">Illuminate\\View</span><span class=\"sf-dump-ellipsis sf-dump-ellipsis-note\">\\</span><span class=\"sf-dump-ellipsis-tail\">ComponentAttributeBag</span></span> {<a class=sf-dump-ref>#1097</a><samp data-depth=2 class=sf-dump-compact>
    #<span class=sf-dump-protected title=\"Protected property\">attributes</span>: []
  </samp>}
  #<span class=sf-dump-protected title=\"Protected property\">contents</span>: \"\"\"
    <span class=sf-dump-str title=\"309 characters\">&lt;div class=&quot;py-12&quot;&gt;<span class=\"sf-dump-default sf-dump-ns\">\\n</span></span>
    <span class=sf-dump-str title=\"309 characters\">        &lt;div class=&quot;max-w-7xl mx-auto sm:px-6 lg:px-8&quot;&gt;<span class=\"sf-dump-default sf-dump-ns\">\\n</span></span>
    <span class=sf-dump-str title=\"309 characters\">            &lt;div class=&quot;bg-white overflow-hidden shadow-sm sm:rounded-lg&quot;&gt;<span class=\"sf-dump-default sf-dump-ns\">\\n</span></span>
    <span class=sf-dump-str title=\"309 characters\">                &lt;div class=&quot;p-6 text-gray-900&quot;&gt;<span class=\"sf-dump-default sf-dump-ns\">\\n</span></span>
    <span class=sf-dump-str title=\"309 characters\">                    You&amp;#039;re logged in!<span class=\"sf-dump-default sf-dump-ns\">\\n</span></span>
    <span class=sf-dump-str title=\"309 characters\">                &lt;/div&gt;<span class=\"sf-dump-default sf-dump-ns\">\\n</span></span>
    <span class=sf-dump-str title=\"309 characters\">            &lt;/div&gt;<span class=\"sf-dump-default sf-dump-ns\">\\n</span></span>
    <span class=sf-dump-str title=\"309 characters\">        &lt;/div&gt;<span class=\"sf-dump-default sf-dump-ns\">\\n</span></span>
    <span class=sf-dump-str title=\"309 characters\">    &lt;/div&gt;</span>
    \"\"\"
</samp>}
</pre><script>Sfdump(\"sf-dump-1302520845\", {\"maxDepth\":3,\"maxStringLength\":160})</script>
","header":"<pre class=sf-dump id=sf-dump-4390945 data-indent-pad=\"  \"><span class=sf-dump-note>Illuminate\\View\\ComponentSlot</span> {<a class=sf-dump-ref>#1102</a><samp data-depth=1 class=sf-dump-expanded>
  +<span class=sf-dump-public title=\"Public property\">attributes</span>: <span class=\"sf-dump-note sf-dump-ellipsization\" title=\"Illuminate\\View\\ComponentAttributeBag
\"><span class=\"sf-dump-ellipsis sf-dump-ellipsis-note\">Illuminate\\View</span><span class=\"sf-dump-ellipsis sf-dump-ellipsis-note\">\\</span><span class=\"sf-dump-ellipsis-tail\">ComponentAttributeBag</span></span> {<a class=sf-dump-ref>#1101</a><samp data-depth=2 class=sf-dump-compact>
    #<span class=sf-dump-protected title=\"Protected property\">attributes</span>: []
  </samp>}
  #<span class=sf-dump-protected title=\"Protected property\">contents</span>: \"\"\"
    <span class=sf-dump-str title=\"98 characters\">&lt;h2 class=&quot;font-semibold text-xl text-gray-800 leading-tight&quot;&gt;<span class=\"sf-dump-default sf-dump-ns\">\\n</span></span>
    <span class=sf-dump-str title=\"98 characters\">            Dashboard<span class=\"sf-dump-default sf-dump-ns\">\\n</span></span>
    <span class=sf-dump-str title=\"98 characters\">        &lt;/h2&gt;</span>
    \"\"\"
</samp>}
</pre><script>Sfdump(\"sf-dump-4390945\", {\"maxDepth\":3,\"maxStringLength\":160})</script>
","__laravel_slots":"<pre class=sf-dump id=sf-dump-1838022839 data-indent-pad=\"  \"><span class=sf-dump-note>array:2</span> [<samp data-depth=1 class=sf-dump-expanded>
  \"<span class=sf-dump-key>__default</span>\" => <span class=\"sf-dump-note sf-dump-ellipsization\" title=\"Illuminate\\View\\ComponentSlot
\"><span class=\"sf-dump-ellipsis sf-dump-ellipsis-note\">Illuminate\\View</span><span class=\"sf-dump-ellipsis sf-dump-ellipsis-note\">\\</span><span class=\"sf-dump-ellipsis-tail\">ComponentSlot</span></span> {<a class=sf-dump-ref>#1100</a><samp data-depth=2 class=sf-dump-compact>
    +<span class=sf-dump-public title=\"Public property\">attributes</span>: <span class=\"sf-dump-note sf-dump-ellipsization\" title=\"Illuminate\\View\\ComponentAttributeBag
\"><span class=\"sf-dump-ellipsis sf-dump-ellipsis-note\">Illuminate\\View</span><span class=\"sf-dump-ellipsis sf-dump-ellipsis-note\">\\</span><span class=\"sf-dump-ellipsis-tail\">ComponentAttributeBag</span></span> {<a class=sf-dump-ref>#1097</a><samp data-depth=3 class=sf-dump-compact>
      #<span class=sf-dump-protected title=\"Protected property\">attributes</span>: []
    </samp>}
    #<span class=sf-dump-protected title=\"Protected property\">contents</span>: \"\"\"
      <span class=sf-dump-str title=\"309 characters\">&lt;div class=&quot;py-12&quot;&gt;<span class=\"sf-dump-default sf-dump-ns\">\\n</span></span>
      <span class=sf-dump-str title=\"309 characters\">        &lt;div class=&quot;max-w-7xl mx-auto sm:px-6 lg:px-8&quot;&gt;<span class=\"sf-dump-default sf-dump-ns\">\\n</span></span>
      <span class=sf-dump-str title=\"309 characters\">            &lt;div class=&quot;bg-white overflow-hidden shadow-sm sm:rounded-lg&quot;&gt;<span class=\"sf-dump-default sf-dump-ns\">\\n</span></span>
      <span class=sf-dump-str title=\"309 characters\">                &lt;div class=&quot;p-6 text-gray-900&quot;&gt;<span class=\"sf-dump-default sf-dump-ns\">\\n</span></span>
      <span class=sf-dump-str title=\"309 characters\">                    You&amp;#039;re logged in!<span class=\"sf-dump-default sf-dump-ns\">\\n</span></span>
      <span class=sf-dump-str title=\"309 characters\">                &lt;/div&gt;<span class=\"sf-dump-default sf-dump-ns\">\\n</span></span>
      <span class=sf-dump-str title=\"309 characters\">            &lt;/div&gt;<span class=\"sf-dump-default sf-dump-ns\">\\n</span></span>
      <span class=sf-dump-str title=\"309 characters\">        &lt;/div&gt;<span class=\"sf-dump-default sf-dump-ns\">\\n</span></span>
      <span class=sf-dump-str title=\"309 characters\">    &lt;/div&gt;</span>
      \"\"\"
  </samp>}
  \"<span class=sf-dump-key>header</span>\" => <span class=\"sf-dump-note sf-dump-ellipsization\" title=\"Illuminate\\View\\ComponentSlot
\"><span class=\"sf-dump-ellipsis sf-dump-ellipsis-note\">Illuminate\\View</span><span class=\"sf-dump-ellipsis sf-dump-ellipsis-note\">\\</span><span class=\"sf-dump-ellipsis-tail\">ComponentSlot</span></span> {<a class=sf-dump-ref>#1102</a><samp data-depth=2 class=sf-dump-compact>
    +<span class=sf-dump-public title=\"Public property\">attributes</span>: <span class=\"sf-dump-note sf-dump-ellipsization\" title=\"Illuminate\\View\\ComponentAttributeBag
\"><span class=\"sf-dump-ellipsis sf-dump-ellipsis-note\">Illuminate\\View</span><span class=\"sf-dump-ellipsis sf-dump-ellipsis-note\">\\</span><span class=\"sf-dump-ellipsis-tail\">ComponentAttributeBag</span></span> {<a class=sf-dump-ref>#1101</a><samp data-depth=3 class=sf-dump-compact>
      #<span class=sf-dump-protected title=\"Protected property\">attributes</span>: []
    </samp>}
    #<span class=sf-dump-protected title=\"Protected property\">contents</span>: \"\"\"
      <span class=sf-dump-str title=\"98 characters\">&lt;h2 class=&quot;font-semibold text-xl text-gray-800 leading-tight&quot;&gt;<span class=\"sf-dump-default sf-dump-ns\">\\n</span></span>
      <span class=sf-dump-str title=\"98 characters\">            Dashboard<span class=\"sf-dump-default sf-dump-ns\">\\n</span></span>
      <span class=sf-dump-str title=\"98 characters\">        &lt;/h2&gt;</span>
      \"\"\"
  </samp>}
</samp>]
</pre><script>Sfdump(\"sf-dump-1838022839\", {\"maxDepth\":3,\"maxStringLength\":160})</script>
"}},"userId":1,"exception":"[object] (Spatie\\LaravelIgnition\\Exceptions\\ViewException(code: 0): Route [profile.edit] not defined. at D:/xampp/htdocs/gatewaybooks/vendor/laravel/framework/src/Illuminate/Routing/UrlGenerator.php:477)
[stacktrace]
#0 D:/xampp/htdocs/gatewaybooks/vendor/laravel/framework/src/Illuminate/Foundation/helpers.php(811): Illuminate/Routing/UrlGenerator->route('profile.edit', Array, true)
#1 D:/xampp/htdocs/gatewaybooks/resources/views/layouts/navigation.blade.php(37): route('profile.edit')
#2 D:/xampp/htdocs/gatewaybooks/vendor/laravel/framework/src/Illuminate/Filesystem/Filesystem.php(123): require('D://xampp//htdocs...')
#3 D:/xampp/htdocs/gatewaybooks/vendor/laravel/framework/src/Illuminate/Filesystem/Filesystem.php(124): Illuminate/Filesystem/Filesystem::Illuminate/Filesystem/{closure}()
#4 D:/xampp/htdocs/gatewaybooks/vendor/laravel/framework/src/Illuminate/View/Engines/PhpEngine.php(58): Illuminate/Filesystem/Filesystem->getRequire('D://xampp//htdocs...', Array)
#5 D:/xampp/htdocs/gatewaybooks/vendor/laravel/framework/src/Illuminate/View/Engines/CompilerEngine.php(72): Illuminate/View/Engines/PhpEngine->evaluatePath('D://xampp//htdocs...', Array)
#6 D:/xampp/htdocs/gatewaybooks/vendor/laravel/framework/src/Illuminate/View/View.php(207): Illuminate/View/Engines/CompilerEngine->get('D://xampp//htdocs...', Array)
#7 D:/xampp/htdocs/gatewaybooks/vendor/laravel/framework/src/Illuminate/View/View.php(190): Illuminate/View/View->getContents()
#8 D:/xampp/htdocs/gatewaybooks/vendor/laravel/framework/src/Illuminate/View/View.php(159): Illuminate/View/View->renderContents()
#9 D:/xampp/htdocs/gatewaybooks/resources/views/layouts/app.blade.php(19): Illuminate/View/View->render()
#10 D:/xampp/htdocs/gatewaybooks/vendor/laravel/framework/src/Illuminate/Filesystem/Filesystem.php(123): require('D://xampp//htdocs...')
#11 D:/xampp/htdocs/gatewaybooks/vendor/laravel/framework/src/Illuminate/Filesystem/Filesystem.php(124): Illuminate/Filesystem/Filesystem::Illuminate/Filesystem/{closure}()
#12 D:/xampp/htdocs/gatewaybooks/vendor/laravel/framework/src/Illuminate/View/Engines/PhpEngine.php(58): Illuminate/Filesystem/Filesystem->getRequire('D://xampp//htdocs...', Array)
#13 D:/xampp/htdocs/gatewaybooks/vendor/laravel/framework/src/Illuminate/View/Engines/CompilerEngine.php(72): Illuminate/View/Engines/PhpEngine->evaluatePath('D://xampp//htdocs...', Array)
#14 D:/xampp/htdocs/gatewaybooks/vendor/laravel/framework/src/Illuminate/View/View.php(207): Illuminate/View/Engines/CompilerEngine->get('D://xampp//htdocs...', Array)
#15 D:/xampp/htdocs/gatewaybooks/vendor/laravel/framework/src/Illuminate/View/View.php(190): Illuminate/View/View->getContents()
#16 D:/xampp/htdocs/gatewaybooks/vendor/laravel/framework/src/Illuminate/View/View.php(159): Illuminate/View/View->renderContents()
#17 D:/xampp/htdocs/gatewaybooks/vendor/laravel/framework/src/Illuminate/View/Concerns/ManagesComponents.php(99): Illuminate/View/View->render()
#18 D:/xampp/htdocs/gatewaybooks/resources/views/dashboard.blade.php(12): Illuminate/View/Factory->renderComponent()
#19 D:/xampp/htdocs/gatewaybooks/vendor/laravel/framework/src/Illuminate/Filesystem/Filesystem.php(123): require('D://xampp//htdocs...')
#20 D:/xampp/htdocs/gatewaybooks/vendor/laravel/framework/src/Illuminate/Filesystem/Filesystem.php(124): Illuminate/Filesystem/Filesystem::Illuminate/Filesystem/{closure}()
#21 D:/xampp/htdocs/gatewaybooks/vendor/laravel/framework/src/Illuminate/View/Engines/PhpEngine.php(58): Illuminate/Filesystem/Filesystem->getRequire('D://xampp//htdocs...', Array)
#22 D:/xampp/htdocs/gatewaybooks/vendor/laravel/framework/src/Illuminate/View/Engines/CompilerEngine.php(72): Illuminate/View/Engines/PhpEngine->evaluatePath('D://xampp//htdocs...', Array)
#23 D:/xampp/htdocs/gatewaybooks/vendor/laravel/framework/src/Illuminate/View/View.php(207): Illuminate/View/Engines/CompilerEngine->get('D://xampp//htdocs...', Array)
#24 D:/xampp/htdocs/gatewaybooks/vendor/laravel/framework/src/Illuminate/View/View.php(190): Illuminate/View/View->getContents()
#25 D:/xampp/htdocs/gatewaybooks/vendor/laravel/framework/src/Illuminate/View/View.php(159): Illuminate/View/View->renderContents()
#26 D:/xampp/htdocs/gatewaybooks/vendor/laravel/framework/src/Illuminate/Http/Response.php(69): Illuminate/View/View->render()
#27 D:/xampp/htdocs/gatewaybooks/vendor/laravel/framework/src/Illuminate/Http/Response.php(35): Illuminate/Http/Response->setContent(Object(Illuminate/View/View))
#28 D:/xampp/htdocs/gatewaybooks/vendor/laravel/framework/src/Illuminate/Routing/Router.php(918): Illuminate/Http/Response->__construct(Object(Illuminate/View/View), 200, Array)
#29 D:/xampp/htdocs/gatewaybooks/vendor/laravel/framework/src/Illuminate/Routing/Router.php(885): Illuminate/Routing/Router::toResponse(Object(Illuminate/Http/Request), Object(Illuminate/View/View))
#30 D:/xampp/htdocs/gatewaybooks/vendor/laravel/framework/src/Illuminate/Routing/Router.php(806): Illuminate/Routing/Router->prepareResponse(Object(Illuminate/Http/Request), Object(Illuminate/View/View))
#31 D:/xampp/htdocs/gatewaybooks/vendor/laravel/framework/src/Illuminate/Pipeline/Pipeline.php(144): Illuminate/Routing/Router->Illuminate/Routing/{closure}(Object(Illuminate/Http/Request))
#32 D:/xampp/htdocs/gatewaybooks/vendor/laravel/framework/src/Illuminate/Auth/Middleware/EnsureEmailIsVerified.php(41): Illuminate/Pipeline/Pipeline->Illuminate/Pipeline/{closure}(Object(Illuminate/Http/Request))
#33 D:/xampp/htdocs/gatewaybooks/vendor/laravel/framework/src/Illuminate/Pipeline/Pipeline.php(183): Illuminate/Auth/Middleware/EnsureEmailIsVerified->handle(Object(Illuminate/Http/Request), Object(Closure))
#34 D:/xampp/htdocs/gatewaybooks/vendor/laravel/framework/src/Illuminate/Routing/Middleware/SubstituteBindings.php(50): Illuminate/Pipeline/Pipeline->Illuminate/Pipeline/{closure}(Object(Illuminate/Http/Request))
#35 D:/xampp/htdocs/gatewaybooks/vendor/laravel/framework/src/Illuminate/Pipeline/Pipeline.php(183): Illuminate/Routing/Middleware/SubstituteBindings->handle(Object(Illuminate/Http/Request), Object(Closure))
#36 D:/xampp/htdocs/gatewaybooks/vendor/laravel/framework/src/Illuminate/Auth/Middleware/Authenticate.php(57): Illuminate/Pipeline/Pipeline->Illuminate/Pipeline/{closure}(Object(Illuminate/Http/Request))
#37 D:/xampp/htdocs/gatewaybooks/vendor/laravel/framework/src/Illuminate/Pipeline/Pipeline.php(183): Illuminate/Auth/Middleware/Authenticate->handle(Object(Illuminate/Http/Request), Object(Closure))
#38 D:/xampp/htdocs/gatewaybooks/vendor/laravel/framework/src/Illuminate/Foundation/Http/Middleware/VerifyCsrfToken.php(78): Illuminate/Pipeline/Pipeline->Illuminate/Pipeline/{closure}(Object(Illuminate/Http/Request))
#39 D:/xampp/htdocs/gatewaybooks/vendor/laravel/framework/src/Illuminate/Pipeline/Pipeline.php(183): Illuminate/Foundation/Http/Middleware/VerifyCsrfToken->handle(Object(Illuminate/Http/Request), Object(Closure))
#40 D:/xampp/htdocs/gatewaybooks/vendor/laravel/framework/src/Illuminate/View/Middleware/ShareErrorsFromSession.php(49): Illuminate/Pipeline/Pipeline->Illuminate/Pipeline/{closure}(Object(Illuminate/Http/Request))
#41 D:/xampp/htdocs/gatewaybooks/vendor/laravel/framework/src/Illuminate/Pipeline/Pipeline.php(183): Illuminate/View/Middleware/ShareErrorsFromSession->handle(Object(Illuminate/Http/Request), Object(Closure))
#42 D:/xampp/htdocs/gatewaybooks/vendor/laravel/framework/src/Illuminate/Session/Middleware/StartSession.php(121): Illuminate/Pipeline/Pipeline->Illuminate/Pipeline/{closure}(Object(Illuminate/Http/Request))
#43 D:/xampp/htdocs/gatewaybooks/vendor/laravel/framework/src/Illuminate/Session/Middleware/StartSession.php(64): Illuminate/Session/Middleware/StartSession->handleStatefulRequest(Object(Illuminate/Http/Request), Object(Illuminate/Session/Store), Object(Closure))
#44 D:/xampp/htdocs/gatewaybooks/vendor/laravel/framework/src/Illuminate/Pipeline/Pipeline.php(183): Illuminate/Session/Middleware/StartSession->handle(Object(Illuminate/Http/Request), Object(Closure))
#45 D:/xampp/htdocs/gatewaybooks/vendor/laravel/framework/src/Illuminate/Cookie/Middleware/AddQueuedCookiesToResponse.php(37): Illuminate/Pipeline/Pipeline->Illuminate/Pipeline/{closure}(Object(Illuminate/Http/Request))
#46 D:/xampp/htdocs/gatewaybooks/vendor/laravel/framework/src/Illuminate/Pipeline/Pipeline.php(183): Illuminate/Cookie/Middleware/AddQueuedCookiesToResponse->handle(Object(Illuminate/Http/Request), Object(Closure))
#47 D:/xampp/htdocs/gatewaybooks/vendor/laravel/framework/src/Illuminate/Cookie/Middleware/EncryptCookies.php(67): Illuminate/Pipeline/Pipeline->Illuminate/Pipeline/{closure}(Object(Illuminate/Http/Request))
#48 D:/xampp/htdocs/gatewaybooks/vendor/laravel/framework/src/Illuminate/Pipeline/Pipeline.php(183): Illuminate/Cookie/Middleware/EncryptCookies->handle(Object(Illuminate/Http/Request), Object(Closure))
#49 D:/xampp/htdocs/gatewaybooks/vendor/laravel/framework/src/Illuminate/Pipeline/Pipeline.php(119): Illuminate/Pipeline/Pipeline->Illuminate/Pipeline/{closure}(Object(Illuminate/Http/Request))
#50 D:/xampp/htdocs/gatewaybooks/vendor/laravel/framework/src/Illuminate/Routing/Router.php(807): Illuminate/Pipeline/Pipeline->then(Object(Closure))
#51 D:/xampp/htdocs/gatewaybooks/vendor/laravel/framework/src/Illuminate/Routing/Router.php(784): Illuminate/Routing/Router->runRouteWithinStack(Object(Illuminate/Routing/Route), Object(Illuminate/Http/Request))
#52 D:/xampp/htdocs/gatewaybooks/vendor/laravel/framework/src/Illuminate/Routing/Router.php(748): Illuminate/Routing/Router->runRoute(Object(Illuminate/Http/Request), Object(Illuminate/Routing/Route))
#53 D:/xampp/htdocs/gatewaybooks/vendor/laravel/framework/src/Illuminate/Routing/Router.php(737): Illuminate/Routing/Router->dispatchToRoute(Object(Illuminate/Http/Request))
#54 D:/xampp/htdocs/gatewaybooks/vendor/laravel/framework/src/Illuminate/Foundation/Http/Kernel.php(200): Illuminate/Routing/Router->dispatch(Object(Illuminate/Http/Request))
#55 D:/xampp/htdocs/gatewaybooks/vendor/laravel/framework/src/Illuminate/Pipeline/Pipeline.php(144): Illuminate/Foundation/Http/Kernel->Illuminate/Foundation/Http/{closure}(Object(Illuminate/Http/Request))
#56 D:/xampp/htdocs/gatewaybooks/vendor/laravel/framework/src/Illuminate/Foundation/Http/Middleware/TransformsRequest.php(21): Illuminate/Pipeline/Pipeline->Illuminate/Pipeline/{closure}(Object(Illuminate/Http/Request))
#57 D:/xampp/htdocs/gatewaybooks/vendor/laravel/framework/src/Illuminate/Foundation/Http/Middleware/ConvertEmptyStringsToNull.php(31): Illuminate/Foundation/Http/Middleware/TransformsRequest->handle(Object(Illuminate/Http/Request), Object(Closure))
#58 D:/xampp/htdocs/gatewaybooks/vendor/laravel/framework/src/Illuminate/Pipeline/Pipeline.php(183): Illuminate/Foundation/Http/Middleware/ConvertEmptyStringsToNull->handle(Object(Illuminate/Http/Request), Object(Closure))
#59 D:/xampp/htdocs/gatewaybooks/vendor/laravel/framework/src/Illuminate/Foundation/Http/Middleware/TransformsRequest.php(21): Illuminate/Pipeline/Pipeline->Illuminate/Pipeline/{closure}(Object(Illuminate/Http/Request))
#60 D:/xampp/htdocs/gatewaybooks/vendor/laravel/framework/src/Illuminate/Foundation/Http/Middleware/TrimStrings.php(40): Illuminate/Foundation/Http/Middleware/TransformsRequest->handle(Object(Illuminate/Http/Request), Object(Closure))
#61 D:/xampp/htdocs/gatewaybooks/vendor/laravel/framework/src/Illuminate/Pipeline/Pipeline.php(183): Illuminate/Foundation/Http/Middleware/TrimStrings->handle(Object(Illuminate/Http/Request), Object(Closure))
#62 D:/xampp/htdocs/gatewaybooks/vendor/laravel/framework/src/Illuminate/Foundation/Http/Middleware/ValidatePostSize.php(27): Illuminate/Pipeline/Pipeline->Illuminate/Pipeline/{closure}(Object(Illuminate/Http/Request))
#63 D:/xampp/htdocs/gatewaybooks/vendor/laravel/framework/src/Illuminate/Pipeline/Pipeline.php(183): Illuminate/Foundation/Http/Middleware/ValidatePostSize->handle(Object(Illuminate/Http/Request), Object(Closure))
#64 D:/xampp/htdocs/gatewaybooks/vendor/laravel/framework/src/Illuminate/Foundation/Http/Middleware/PreventRequestsDuringMaintenance.php(99): Illuminate/Pipeline/Pipeline->Illuminate/Pipeline/{closure}(Object(Illuminate/Http/Request))
#65 D:/xampp/htdocs/gatewaybooks/vendor/laravel/framework/src/Illuminate/Pipeline/Pipeline.php(183): Illuminate/Foundation/Http/Middleware/PreventRequestsDuringMaintenance->handle(Object(Illuminate/Http/Request), Object(Closure))
#66 D:/xampp/htdocs/gatewaybooks/vendor/laravel/framework/src/Illuminate/Http/Middleware/HandleCors.php(49): Illuminate/Pipeline/Pipeline->Illuminate/Pipeline/{closure}(Object(Illuminate/Http/Request))
#67 D:/xampp/htdocs/gatewaybooks/vendor/laravel/framework/src/Illuminate/Pipeline/Pipeline.php(183): Illuminate/Http/Middleware/HandleCors->handle(Object(Illuminate/Http/Request), Object(Closure))
#68 D:/xampp/htdocs/gatewaybooks/vendor/laravel/framework/src/Illuminate/Http/Middleware/TrustProxies.php(39): Illuminate/Pipeline/Pipeline->Illuminate/Pipeline/{closure}(Object(Illuminate/Http/Request))
#69 D:/xampp/htdocs/gatewaybooks/vendor/laravel/framework/src/Illuminate/Pipeline/Pipeline.php(183): Illuminate/Http/Middleware/TrustProxies->handle(Object(Illuminate/Http/Request), Object(Closure))
#70 D:/xampp/htdocs/gatewaybooks/vendor/laravel/framework/src/Illuminate/Pipeline/Pipeline.php(119): Illuminate/Pipeline/Pipeline->Illuminate/Pipeline/{closure}(Object(Illuminate/Http/Request))
#71 D:/xampp/htdocs/gatewaybooks/vendor/laravel/framework/src/Illuminate/Foundation/Http/Kernel.php(175): Illuminate/Pipeline/Pipeline->then(Object(Closure))
#72 D:/xampp/htdocs/gatewaybooks/vendor/laravel/framework/src/Illuminate/Foundation/Http/Kernel.php(144): Illuminate/Foundation/Http/Kernel->sendRequestThroughRouter(Object(Illuminate/Http/Request))
#73 D:/xampp/htdocs/gatewaybooks/public/index.php(52): Illuminate/Foundation/Http/Kernel->handle(Object(Illuminate/Http/Request))
#74 D:/xampp/htdocs/gatewaybooks/vendor/laravel/framework/src/Illuminate/Foundation/resources/server.php(16): require_once('D://xampp//htdocs...')
#75 {main}

[previous exception] [object] (Symfony\\Component\\Routing\\Exception\\RouteNotFoundException(code: 0): Route [profile.edit] not defined. at D:/xampp/htdocs/gatewaybooks/vendor/laravel/framework/src/Illuminate/Routing/UrlGenerator.php:477)
[stacktrace]
#0 D:/xampp/htdocs/gatewaybooks/vendor/laravel/framework/src/Illuminate/Foundation/helpers.php(811): Illuminate/Routing/UrlGenerator->route('profile.edit', Array, true)
#1 D:/xampp/htdocs/gatewaybooks/storage/framework/views/e0f9d0d7eb4b134bcf1c3a9cb5a680e5.php(86): route('profile.edit')
#2 D:/xampp/htdocs/gatewaybooks/vendor/laravel/framework/src/Illuminate/Filesystem/Filesystem.php(123): require('D://xampp//htdocs...')
#3 D:/xampp/htdocs/gatewaybooks/vendor/laravel/framework/src/Illuminate/Filesystem/Filesystem.php(124): Illuminate/Filesystem/Filesystem::Illuminate/Filesystem/{closure}()
#4 D:/xampp/htdocs/gatewaybooks/vendor/laravel/framework/src/Illuminate/View/Engines/PhpEngine.php(58): Illuminate/Filesystem/Filesystem->getRequire('D://xampp//htdocs...', Array)
#5 D:/xampp/htdocs/gatewaybooks/vendor/laravel/framework/src/Illuminate/View/Engines/CompilerEngine.php(72): Illuminate/View/Engines/PhpEngine->evaluatePath('D://xampp//htdocs...', Array)
#6 D:/xampp/htdocs/gatewaybooks/vendor/laravel/framework/src/Illuminate/View/View.php(207): Illuminate/View/Engines/CompilerEngine->get('D://xampp//htdocs...', Array)
#7 D:/xampp/htdocs/gatewaybooks/vendor/laravel/framework/src/Illuminate/View/View.php(190): Illuminate/View/View->getContents()
#8 D:/xampp/htdocs/gatewaybooks/vendor/laravel/framework/src/Illuminate/View/View.php(159): Illuminate/View/View->renderContents()
#9 D:/xampp/htdocs/gatewaybooks/storage/framework/views/5262b364d0ef48d310211e3405a37cb7.php(19): Illuminate/View/View->render()
#10 D:/xampp/htdocs/gatewaybooks/vendor/laravel/framework/src/Illuminate/Filesystem/Filesystem.php(123): require('D://xampp//htdocs...')
#11 D:/xampp/htdocs/gatewaybooks/vendor/laravel/framework/src/Illuminate/Filesystem/Filesystem.php(124): Illuminate/Filesystem/Filesystem::Illuminate/Filesystem/{closure}()
#12 D:/xampp/htdocs/gatewaybooks/vendor/laravel/framework/src/Illuminate/View/Engines/PhpEngine.php(58): Illuminate/Filesystem/Filesystem->getRequire('D://xampp//htdocs...', Array)
#13 D:/xampp/htdocs/gatewaybooks/vendor/laravel/framework/src/Illuminate/View/Engines/CompilerEngine.php(72): Illuminate/View/Engines/PhpEngine->evaluatePath('D://xampp//htdocs...', Array)
#14 D:/xampp/htdocs/gatewaybooks/vendor/laravel/framework/src/Illuminate/View/View.php(207): Illuminate/View/Engines/CompilerEngine->get('D://xampp//htdocs...', Array)
#15 D:/xampp/htdocs/gatewaybooks/vendor/laravel/framework/src/Illuminate/View/View.php(190): Illuminate/View/View->getContents()
#16 D:/xampp/htdocs/gatewaybooks/vendor/laravel/framework/src/Illuminate/View/View.php(159): Illuminate/View/View->renderContents()
#17 D:/xampp/htdocs/gatewaybooks/vendor/laravel/framework/src/Illuminate/View/Concerns/ManagesComponents.php(99): Illuminate/View/View->render()
#18 D:/xampp/htdocs/gatewaybooks/storage/framework/views/78a147f6325f5803c3aaba4d8b1c50b7.php(28): Illuminate/View/Factory->renderComponent()
#19 D:/xampp/htdocs/gatewaybooks/vendor/laravel/framework/src/Illuminate/Filesystem/Filesystem.php(123): require('D://xampp//htdocs...')
#20 D:/xampp/htdocs/gatewaybooks/vendor/laravel/framework/src/Illuminate/Filesystem/Filesystem.php(124): Illuminate/Filesystem/Filesystem::Illuminate/Filesystem/{closure}()
#21 D:/xampp/htdocs/gatewaybooks/vendor/laravel/framework/src/Illuminate/View/Engines/PhpEngine.php(58): Illuminate/Filesystem/Filesystem->getRequire('D://xampp//htdocs...', Array)
#22 D:/xampp/htdocs/gatewaybooks/vendor/laravel/framework/src/Illuminate/View/Engines/CompilerEngine.php(72): Illuminate/View/Engines/PhpEngine->evaluatePath('D://xampp//htdocs...', Array)
#23 D:/xampp/htdocs/gatewaybooks/vendor/laravel/framework/src/Illuminate/View/View.php(207): Illuminate/View/Engines/CompilerEngine->get('D://xampp//htdocs...', Array)
#24 D:/xampp/htdocs/gatewaybooks/vendor/laravel/framework/src/Illuminate/View/View.php(190): Illuminate/View/View->getContents()
#25 D:/xampp/htdocs/gatewaybooks/vendor/laravel/framework/src/Illuminate/View/View.php(159): Illuminate/View/View->renderContents()
#26 D:/xampp/htdocs/gatewaybooks/vendor/laravel/framework/src/Illuminate/Http/Response.php(69): Illuminate/View/View->render()
#27 D:/xampp/htdocs/gatewaybooks/vendor/laravel/framework/src/Illuminate/Http/Response.php(35): Illuminate/Http/Response->setContent(Object(Illuminate/View/View))
#28 D:/xampp/htdocs/gatewaybooks/vendor/laravel/framework/src/Illuminate/Routing/Router.php(918): Illuminate/Http/Response->__construct(Object(Illuminate/View/View), 200, Array)
#29 D:/xampp/htdocs/gatewaybooks/vendor/laravel/framework/src/Illuminate/Routing/Router.php(885): Illuminate/Routing/Router::toResponse(Object(Illuminate/Http/Request), Object(Illuminate/View/View))
#30 D:/xampp/htdocs/gatewaybooks/vendor/laravel/framework/src/Illuminate/Routing/Router.php(806): Illuminate/Routing/Router->prepareResponse(Object(Illuminate/Http/Request), Object(Illuminate/View/View))
#31 D:/xampp/htdocs/gatewaybooks/vendor/laravel/framework/src/Illuminate/Pipeline/Pipeline.php(144): Illuminate/Routing/Router->Illuminate/Routing/{closure}(Object(Illuminate/Http/Request))
#32 D:/xampp/htdocs/gatewaybooks/vendor/laravel/framework/src/Illuminate/Auth/Middleware/EnsureEmailIsVerified.php(41): Illuminate/Pipeline/Pipeline->Illuminate/Pipeline/{closure}(Object(Illuminate/Http/Request))
#33 D:/xampp/htdocs/gatewaybooks/vendor/laravel/framework/src/Illuminate/Pipeline/Pipeline.php(183): Illuminate/Auth/Middleware/EnsureEmailIsVerified->handle(Object(Illuminate/Http/Request), Object(Closure))
#34 D:/xampp/htdocs/gatewaybooks/vendor/laravel/framework/src/Illuminate/Routing/Middleware/SubstituteBindings.php(50): Illuminate/Pipeline/Pipeline->Illuminate/Pipeline/{closure}(Object(Illuminate/Http/Request))
#35 D:/xampp/htdocs/gatewaybooks/vendor/laravel/framework/src/Illuminate/Pipeline/Pipeline.php(183): Illuminate/Routing/Middleware/SubstituteBindings->handle(Object(Illuminate/Http/Request), Object(Closure))
#36 D:/xampp/htdocs/gatewaybooks/vendor/laravel/framework/src/Illuminate/Auth/Middleware/Authenticate.php(57): Illuminate/Pipeline/Pipeline->Illuminate/Pipeline/{closure}(Object(Illuminate/Http/Request))
#37 D:/xampp/htdocs/gatewaybooks/vendor/laravel/framework/src/Illuminate/Pipeline/Pipeline.php(183): Illuminate/Auth/Middleware/Authenticate->handle(Object(Illuminate/Http/Request), Object(Closure))
#38 D:/xampp/htdocs/gatewaybooks/vendor/laravel/framework/src/Illuminate/Foundation/Http/Middleware/VerifyCsrfToken.php(78): Illuminate/Pipeline/Pipeline->Illuminate/Pipeline/{closure}(Object(Illuminate/Http/Request))
#39 D:/xampp/htdocs/gatewaybooks/vendor/laravel/framework/src/Illuminate/Pipeline/Pipeline.php(183): Illuminate/Foundation/Http/Middleware/VerifyCsrfToken->handle(Object(Illuminate/Http/Request), Object(Closure))
#40 D:/xampp/htdocs/gatewaybooks/vendor/laravel/framework/src/Illuminate/View/Middleware/ShareErrorsFromSession.php(49): Illuminate/Pipeline/Pipeline->Illuminate/Pipeline/{closure}(Object(Illuminate/Http/Request))
#41 D:/xampp/htdocs/gatewaybooks/vendor/laravel/framework/src/Illuminate/Pipeline/Pipeline.php(183): Illuminate/View/Middleware/ShareErrorsFromSession->handle(Object(Illuminate/Http/Request), Object(Closure))
#42 D:/xampp/htdocs/gatewaybooks/vendor/laravel/framework/src/Illuminate/Session/Middleware/StartSession.php(121): Illuminate/Pipeline/Pipeline->Illuminate/Pipeline/{closure}(Object(Illuminate/Http/Request))
#43 D:/xampp/htdocs/gatewaybooks/vendor/laravel/framework/src/Illuminate/Session/Middleware/StartSession.php(64): Illuminate/Session/Middleware/StartSession->handleStatefulRequest(Object(Illuminate/Http/Request), Object(Illuminate/Session/Store), Object(Closure))
#44 D:/xampp/htdocs/gatewaybooks/vendor/laravel/framework/src/Illuminate/Pipeline/Pipeline.php(183): Illuminate/Session/Middleware/StartSession->handle(Object(Illuminate/Http/Request), Object(Closure))
#45 D:/xampp/htdocs/gatewaybooks/vendor/laravel/framework/src/Illuminate/Cookie/Middleware/AddQueuedCookiesToResponse.php(37): Illuminate/Pipeline/Pipeline->Illuminate/Pipeline/{closure}(Object(Illuminate/Http/Request))
#46 D:/xampp/htdocs/gatewaybooks/vendor/laravel/framework/src/Illuminate/Pipeline/Pipeline.php(183): Illuminate/Cookie/Middleware/AddQueuedCookiesToResponse->handle(Object(Illuminate/Http/Request), Object(Closure))
#47 D:/xampp/htdocs/gatewaybooks/vendor/laravel/framework/src/Illuminate/Cookie/Middleware/EncryptCookies.php(67): Illuminate/Pipeline/Pipeline->Illuminate/Pipeline/{closure}(Object(Illuminate/Http/Request))
#48 D:/xampp/htdocs/gatewaybooks/vendor/laravel/framework/src/Illuminate/Pipeline/Pipeline.php(183): Illuminate/Cookie/Middleware/EncryptCookies->handle(Object(Illuminate/Http/Request), Object(Closure))
#49 D:/xampp/htdocs/gatewaybooks/vendor/laravel/framework/src/Illuminate/Pipeline/Pipeline.php(119): Illuminate/Pipeline/Pipeline->Illuminate/Pipeline/{closure}(Object(Illuminate/Http/Request))
#50 D:/xampp/htdocs/gatewaybooks/vendor/laravel/framework/src/Illuminate/Routing/Router.php(807): Illuminate/Pipeline/Pipeline->then(Object(Closure))
#51 D:/xampp/htdocs/gatewaybooks/vendor/laravel/framework/src/Illuminate/Routing/Router.php(784): Illuminate/Routing/Router->runRouteWithinStack(Object(Illuminate/Routing/Route), Object(Illuminate/Http/Request))
#52 D:/xampp/htdocs/gatewaybooks/vendor/laravel/framework/src/Illuminate/Routing/Router.php(748): Illuminate/Routing/Router->runRoute(Object(Illuminate/Http/Request), Object(Illuminate/Routing/Route))
#53 D:/xampp/htdocs/gatewaybooks/vendor/laravel/framework/src/Illuminate/Routing/Router.php(737): Illuminate/Routing/Router->dispatchToRoute(Object(Illuminate/Http/Request))
#54 D:/xampp/htdocs/gatewaybooks/vendor/laravel/framework/src/Illuminate/Foundation/Http/Kernel.php(200): Illuminate/Routing/Router->dispatch(Object(Illuminate/Http/Request))
#55 D:/xampp/htdocs/gatewaybooks/vendor/laravel/framework/src/Illuminate/Pipeline/Pipeline.php(144): Illuminate/Foundation/Http/Kernel->Illuminate/Foundation/Http/{closure}(Object(Illuminate/Http/Request))
#56 D:/xampp/htdocs/gatewaybooks/vendor/laravel/framework/src/Illuminate/Foundation/Http/Middleware/TransformsRequest.php(21): Illuminate/Pipeline/Pipeline->Illuminate/Pipeline/{closure}(Object(Illuminate/Http/Request))
#57 D:/xampp/htdocs/gatewaybooks/vendor/laravel/framework/src/Illuminate/Foundation/Http/Middleware/ConvertEmptyStringsToNull.php(31): Illuminate/Foundation/Http/Middleware/TransformsRequest->handle(Object(Illuminate/Http/Request), Object(Closure))
#58 D:/xampp/htdocs/gatewaybooks/vendor/laravel/framework/src/Illuminate/Pipeline/Pipeline.php(183): Illuminate/Foundation/Http/Middleware/ConvertEmptyStringsToNull->handle(Object(Illuminate/Http/Request), Object(Closure))
#59 D:/xampp/htdocs/gatewaybooks/vendor/laravel/framework/src/Illuminate/Foundation/Http/Middleware/TransformsRequest.php(21): Illuminate/Pipeline/Pipeline->Illuminate/Pipeline/{closure}(Object(Illuminate/Http/Request))
#60 D:/xampp/htdocs/gatewaybooks/vendor/laravel/framework/src/Illuminate/Foundation/Http/Middleware/TrimStrings.php(40): Illuminate/Foundation/Http/Middleware/TransformsRequest->handle(Object(Illuminate/Http/Request), Object(Closure))
#61 D:/xampp/htdocs/gatewaybooks/vendor/laravel/framework/src/Illuminate/Pipeline/Pipeline.php(183): Illuminate/Foundation/Http/Middleware/TrimStrings->handle(Object(Illuminate/Http/Request), Object(Closure))
#62 D:/xampp/htdocs/gatewaybooks/vendor/laravel/framework/src/Illuminate/Foundation/Http/Middleware/ValidatePostSize.php(27): Illuminate/Pipeline/Pipeline->Illuminate/Pipeline/{closure}(Object(Illuminate/Http/Request))
#63 D:/xampp/htdocs/gatewaybooks/vendor/laravel/framework/src/Illuminate/Pipeline/Pipeline.php(183): Illuminate/Foundation/Http/Middleware/ValidatePostSize->handle(Object(Illuminate/Http/Request), Object(Closure))
#64 D:/xampp/htdocs/gatewaybooks/vendor/laravel/framework/src/Illuminate/Foundation/Http/Middleware/PreventRequestsDuringMaintenance.php(99): Illuminate/Pipeline/Pipeline->Illuminate/Pipeline/{closure}(Object(Illuminate/Http/Request))
#65 D:/xampp/htdocs/gatewaybooks/vendor/laravel/framework/src/Illuminate/Pipeline/Pipeline.php(183): Illuminate/Foundation/Http/Middleware/PreventRequestsDuringMaintenance->handle(Object(Illuminate/Http/Request), Object(Closure))
#66 D:/xampp/htdocs/gatewaybooks/vendor/laravel/framework/src/Illuminate/Http/Middleware/HandleCors.php(49): Illuminate/Pipeline/Pipeline->Illuminate/Pipeline/{closure}(Object(Illuminate/Http/Request))
#67 D:/xampp/htdocs/gatewaybooks/vendor/laravel/framework/src/Illuminate/Pipeline/Pipeline.php(183): Illuminate/Http/Middleware/HandleCors->handle(Object(Illuminate/Http/Request), Object(Closure))
#68 D:/xampp/htdocs/gatewaybooks/vendor/laravel/framework/src/Illuminate/Http/Middleware/TrustProxies.php(39): Illuminate/Pipeline/Pipeline->Illuminate/Pipeline/{closure}(Object(Illuminate/Http/Request))
#69 D:/xampp/htdocs/gatewaybooks/vendor/laravel/framework/src/Illuminate/Pipeline/Pipeline.php(183): Illuminate/Http/Middleware/TrustProxies->handle(Object(Illuminate/Http/Request), Object(Closure))
#70 D:/xampp/htdocs/gatewaybooks/vendor/laravel/framework/src/Illuminate/Pipeline/Pipeline.php(119): Illuminate/Pipeline/Pipeline->Illuminate/Pipeline/{closure}(Object(Illuminate/Http/Request))
#71 D:/xampp/htdocs/gatewaybooks/vendor/laravel/framework/src/Illuminate/Foundation/Http/Kernel.php(175): Illuminate/Pipeline/Pipeline->then(Object(Closure))
#72 D:/xampp/htdocs/gatewaybooks/vendor/laravel/framework/src/Illuminate/Foundation/Http/Kernel.php(144): Illuminate/Foundation/Http/Kernel->sendRequestThroughRouter(Object(Illuminate/Http/Request))
#73 D:/xampp/htdocs/gatewaybooks/public/index.php(52): Illuminate/Foundation/Http/Kernel->handle(Object(Illuminate/Http/Request))
#74 D:/xampp/htdocs/gatewaybooks/vendor/laravel/framework/src/Illuminate/Foundation/resources/server.php(16): require_once('D://xampp//htdocs...')
#75 {main}
"} 
[2026-08-29 18:32:44] local.ERROR: Route [profile.edit] not defined. {"view":{"view":"D:\\xampp\\htdocs\\gatewaybooks\\resources\\views\\layouts\\navigation.blade.php","data":{"errors":"<pre class=sf-dump id=sf-dump-1281928095 data-indent-pad=\"  \"><span class=sf-dump-note>Illuminate\\Support\\ViewErrorBag</span> {<a class=sf-dump-ref>#372</a><samp data-depth=1 class=sf-dump-expanded>
  #<span class=sf-dump-protected title=\"Protected property\">bags</span>: []
</samp>}
</pre><script>Sfdump(\"sf-dump-1281928095\", {\"maxDepth\":3,\"maxStringLength\":160})</script>
","componentName":"<pre class=sf-dump id=sf-dump-169949572 data-indent-pad=\"  \">\"<span class=sf-dump-str title=\"10 characters\">app-layout</span>\"
</pre><script>Sfdump(\"sf-dump-169949572\", {\"maxDepth\":3,\"maxStringLength\":160})</script>
","attributes":"<pre class=sf-dump id=sf-dump-2130034418 data-indent-pad=\"  \"><span class=sf-dump-note>Illuminate\\View\\ComponentAttributeBag</span> {<a class=sf-dump-ref>#1092</a><samp data-depth=1 class=sf-dump-expanded>
  #<span class=sf-dump-protected title=\"Protected property\">attributes</span>: []
</samp>}
</pre><script>Sfdump(\"sf-dump-2130034418\", {\"maxDepth\":3,\"maxStringLength\":160})</script>
","slot":"<pre class=sf-dump id=sf-dump-1833192257 data-indent-pad=\"  \"><span class=sf-dump-note>Illuminate\\View\\ComponentSlot</span> {<a class=sf-dump-ref>#1100</a><samp data-depth=1 class=sf-dump-expanded>
  +<span class=sf-dump-public title=\"Public property\">attributes</span>: <span class=\"sf-dump-note sf-dump-ellipsization\" title=\"Illuminate\\View\\ComponentAttributeBag
\"><span class=\"sf-dump-ellipsis sf-dump-ellipsis-note\">Illuminate\\View</span><span class=\"sf-dump-ellipsis sf-dump-ellipsis-note\">\\</span><span class=\"sf-dump-ellipsis-tail\">ComponentAttributeBag</span></span> {<a class=sf-dump-ref>#1097</a><samp data-depth=2 class=sf-dump-compact>
    #<span class=sf-dump-protected title=\"Protected property\">attributes</span>: []
  </samp>}
  #<span class=sf-dump-protected title=\"Protected property\">contents</span>: \"\"\"
    <span class=sf-dump-str title=\"309 characters\">&lt;div class=&quot;py-12&quot;&gt;<span class=\"sf-dump-default sf-dump-ns\">\\n</span></span>
    <span class=sf-dump-str title=\"309 characters\">        &lt;div class=&quot;max-w-7xl mx-auto sm:px-6 lg:px-8&quot;&gt;<span class=\"sf-dump-default sf-dump-ns\">\\n</span></span>
    <span class=sf-dump-str title=\"309 characters\">            &lt;div class=&quot;bg-white overflow-hidden shadow-sm sm:rounded-lg&quot;&gt;<span class=\"sf-dump-default sf-dump-ns\">\\n</span></span>
    <span class=sf-dump-str title=\"309 characters\">                &lt;div class=&quot;p-6 text-gray-900&quot;&gt;<span class=\"sf-dump-default sf-dump-ns\">\\n</span></span>
    <span class=sf-dump-str title=\"309 characters\">                    You&amp;#039;re logged in!<span class=\"sf-dump-default sf-dump-ns\">\\n</span></span>
    <span class=sf-dump-str title=\"309 characters\">                &lt;/div&gt;<span class=\"sf-dump-default sf-dump-ns\">\\n</span></span>
    <span class=sf-dump-str title=\"309 characters\">            &lt;/div&gt;<span class=\"sf-dump-default sf-dump-ns\">\\n</span></span>
    <span class=sf-dump-str title=\"309 characters\">        &lt;/div&gt;<span class=\"sf-dump-default sf-dump-ns\">\\n</span></span>
    <span class=sf-dump-str title=\"309 characters\">    &lt;/div&gt;</span>
    \"\"\"
</samp>}
</pre><script>Sfdump(\"sf-dump-1833192257\", {\"maxDepth\":3,\"maxStringLength\":160})</script>
","header":"<pre class=sf-dump id=sf-dump-32183197 data-indent-pad=\"  \"><span class=sf-dump-note>Illuminate\\View\\ComponentSlot</span> {<a class=sf-dump-ref>#1102</a><samp data-depth=1 class=sf-dump-expanded>
  +<span class=sf-dump-public title=\"Public property\">attributes</span>: <span class=\"sf-dump-note sf-dump-ellipsization\" title=\"Illuminate\\View\\ComponentAttributeBag
\"><span class=\"sf-dump-ellipsis sf-dump-ellipsis-note\">Illuminate\\View</span><span class=\"sf-dump-ellipsis sf-dump-ellipsis-note\">\\</span><span class=\"sf-dump-ellipsis-tail\">ComponentAttributeBag</span></span> {<a class=sf-dump-ref>#1101</a><samp data-depth=2 class=sf-dump-compact>
    #<span class=sf-dump-protected title=\"Protected property\">attributes</span>: []
  </samp>}
  #<span class=sf-dump-protected title=\"Protected property\">contents</span>: \"\"\"
    <span class=sf-dump-str title=\"98 characters\">&lt;h2 class=&quot;font-semibold text-xl text-gray-800 leading-tight&quot;&gt;<span class=\"sf-dump-default sf-dump-ns\">\\n</span></span>
    <span class=sf-dump-str title=\"98 characters\">            Dashboard<span class=\"sf-dump-default sf-dump-ns\">\\n</span></span>
    <span class=sf-dump-str title=\"98 characters\">        &lt;/h2&gt;</span>
    \"\"\"
</samp>}
</pre><script>Sfdump(\"sf-dump-32183197\", {\"maxDepth\":3,\"maxStringLength\":160})</script>
","__laravel_slots":"<pre class=sf-dump id=sf-dump-747305041 data-indent-pad=\"  \"><span class=sf-dump-note>array:2</span> [<samp data-depth=1 class=sf-dump-expanded>
  \"<span class=sf-dump-key>__default</span>\" => <span class=\"sf-dump-note sf-dump-ellipsization\" title=\"Illuminate\\View\\ComponentSlot
\"><span class=\"sf-dump-ellipsis sf-dump-ellipsis-note\">Illuminate\\View</span><span class=\"sf-dump-ellipsis sf-dump-ellipsis-note\">\\</span><span class=\"sf-dump-ellipsis-tail\">ComponentSlot</span></span> {<a class=sf-dump-ref>#1100</a><samp data-depth=2 class=sf-dump-compact>
    +<span class=sf-dump-public title=\"Public property\">attributes</span>: <span class=\"sf-dump-note sf-dump-ellipsization\" title=\"Illuminate\\View\\ComponentAttributeBag
\"><span class=\"sf-dump-ellipsis sf-dump-ellipsis-note\">Illuminate\\View</span><span class=\"sf-dump-ellipsis sf-dump-ellipsis-note\">\\</span><span class=\"sf-dump-ellipsis-tail\">ComponentAttributeBag</span></span> {<a class=sf-dump-ref>#1097</a><samp data-depth=3 class=sf-dump-compact>
      #<span class=sf-dump-protected title=\"Protected property\">attributes</span>: []
    </samp>}
    #<span class=sf-dump-protected title=\"Protected property\">contents</span>: \"\"\"
      <span class=sf-dump-str title=\"309 characters\">&lt;div class=&quot;py-12&quot;&gt;<span class=\"sf-dump-default sf-dump-ns\">\\n</span></span>
      <span class=sf-dump-str title=\"309 characters\">        &lt;div class=&quot;max-w-7xl mx-auto sm:px-6 lg:px-8&quot;&gt;<span class=\"sf-dump-default sf-dump-ns\">\\n</span></span>
      <span class=sf-dump-str title=\"309 characters\">            &lt;div class=&quot;bg-white overflow-hidden shadow-sm sm:rounded-lg&quot;&gt;<span class=\"sf-dump-default sf-dump-ns\">\\n</span></span>
      <span class=sf-dump-str title=\"309 characters\">                &lt;div class=&quot;p-6 text-gray-900&quot;&gt;<span class=\"sf-dump-default sf-dump-ns\">\\n</span></span>
      <span class=sf-dump-str title=\"309 characters\">                    You&amp;#039;re logged in!<span class=\"sf-dump-default sf-dump-ns\">\\n</span></span>
      <span class=sf-dump-str title=\"309 characters\">                &lt;/div&gt;<span class=\"sf-dump-default sf-dump-ns\">\\n</span></span>
      <span class=sf-dump-str title=\"309 characters\">            &lt;/div&gt;<span class=\"sf-dump-default sf-dump-ns\">\\n</span></span>
      <span class=sf-dump-str title=\"309 characters\">        &lt;/div&gt;<span class=\"sf-dump-default sf-dump-ns\">\\n</span></span>
      <span class=sf-dump-str title=\"309 characters\">    &lt;/div&gt;</span>
      \"\"\"
  </samp>}
  \"<span class=sf-dump-key>header</span>\" => <span class=\"sf-dump-note sf-dump-ellipsization\" title=\"Illuminate\\View\\ComponentSlot
\"><span class=\"sf-dump-ellipsis sf-dump-ellipsis-note\">Illuminate\\View</span><span class=\"sf-dump-ellipsis sf-dump-ellipsis-note\">\\</span><span class=\"sf-dump-ellipsis-tail\">ComponentSlot</span></span> {<a class=sf-dump-ref>#1102</a><samp data-depth=2 class=sf-dump-compact>
    +<span class=sf-dump-public title=\"Public property\">attributes</span>: <span class=\"sf-dump-note sf-dump-ellipsization\" title=\"Illuminate\\View\\ComponentAttributeBag
\"><span class=\"sf-dump-ellipsis sf-dump-ellipsis-note\">Illuminate\\View</span><span class=\"sf-dump-ellipsis sf-dump-ellipsis-note\">\\</span><span class=\"sf-dump-ellipsis-tail\">ComponentAttributeBag</span></span> {<a class=sf-dump-ref>#1101</a><samp data-depth=3 class=sf-dump-compact>
      #<span class=sf-dump-protected title=\"Protected property\">attributes</span>: []
    </samp>}
    #<span class=sf-dump-protected title=\"Protected property\">contents</span>: \"\"\"
      <span class=sf-dump-str title=\"98 characters\">&lt;h2 class=&quot;font-semibold text-xl text-gray-800 leading-tight&quot;&gt;<span class=\"sf-dump-default sf-dump-ns\">\\n</span></span>
      <span class=sf-dump-str title=\"98 characters\">            Dashboard<span class=\"sf-dump-default sf-dump-ns\">\\n</span></span>
      <span class=sf-dump-str title=\"98 characters\">        &lt;/h2&gt;</span>
      \"\"\"
  </samp>}
</samp>]
</pre><script>Sfdump(\"sf-dump-747305041\", {\"maxDepth\":3,\"maxStringLength\":160})</script>
"}},"userId":1,"exception":"[object] (Spatie\\LaravelIgnition\\Exceptions\\ViewException(code: 0): Route [profile.edit] not defined. at D:/xampp/htdocs/gatewaybooks/vendor/laravel/framework/src/Illuminate/Routing/UrlGenerator.php:477)
[stacktrace]
#0 D:/xampp/htdocs/gatewaybooks/vendor/laravel/framework/src/Illuminate/Foundation/helpers.php(811): Illuminate/Routing/UrlGenerator->route('profile.edit', Array, true)
#1 D:/xampp/htdocs/gatewaybooks/resources/views/layouts/navigation.blade.php(37): route('profile.edit')
#2 D:/xampp/htdocs/gatewaybooks/vendor/laravel/framework/src/Illuminate/Filesystem/Filesystem.php(123): require('D://xampp//htdocs...')
#3 D:/xampp/htdocs/gatewaybooks/vendor/laravel/framework/src/Illuminate/Filesystem/Filesystem.php(124): Illuminate/Filesystem/Filesystem::Illuminate/Filesystem/{closure}()
#4 D:/xampp/htdocs/gatewaybooks/vendor/laravel/framework/src/Illuminate/View/Engines/PhpEngine.php(58): Illuminate/Filesystem/Filesystem->getRequire('D://xampp//htdocs...', Array)
#5 D:/xampp/htdocs/gatewaybooks/vendor/laravel/framework/src/Illuminate/View/Engines/CompilerEngine.php(72): Illuminate/View/Engines/PhpEngine->evaluatePath('D://xampp//htdocs...', Array)
#6 D:/xampp/htdocs/gatewaybooks/vendor/laravel/framework/src/Illuminate/View/View.php(207): Illuminate/View/Engines/CompilerEngine->get('D://xampp//htdocs...', Array)
#7 D:/xampp/htdocs/gatewaybooks/vendor/laravel/framework/src/Illuminate/View/View.php(190): Illuminate/View/View->getContents()
#8 D:/xampp/htdocs/gatewaybooks/vendor/laravel/framework/src/Illuminate/View/View.php(159): Illuminate/View/View->renderContents()
#9 D:/xampp/htdocs/gatewaybooks/resources/views/layouts/app.blade.php(19): Illuminate/View/View->render()
#10 D:/xampp/htdocs/gatewaybooks/vendor/laravel/framework/src/Illuminate/Filesystem/Filesystem.php(123): require('D://xampp//htdocs...')
#11 D:/xampp/htdocs/gatewaybooks/vendor/laravel/framework/src/Illuminate/Filesystem/Filesystem.php(124): Illuminate/Filesystem/Filesystem::Illuminate/Filesystem/{closure}()
#12 D:/xampp/htdocs/gatewaybooks/vendor/laravel/framework/src/Illuminate/View/Engines/PhpEngine.php(58): Illuminate/Filesystem/Filesystem->getRequire('D://xampp//htdocs...', Array)
#13 D:/xampp/htdocs/gatewaybooks/vendor/laravel/framework/src/Illuminate/View/Engines/CompilerEngine.php(72): Illuminate/View/Engines/PhpEngine->evaluatePath('D://xampp//htdocs...', Array)
#14 D:/xampp/htdocs/gatewaybooks/vendor/laravel/framework/src/Illuminate/View/View.php(207): Illuminate/View/Engines/CompilerEngine->get('D://xampp//htdocs...', Array)
#15 D:/xampp/htdocs/gatewaybooks/vendor/laravel/framework/src/Illuminate/View/View.php(190): Illuminate/View/View->getContents()
#16 D:/xampp/htdocs/gatewaybooks/vendor/laravel/framework/src/Illuminate/View/View.php(159): Illuminate/View/View->renderContents()
#17 D:/xampp/htdocs/gatewaybooks/vendor/laravel/framework/src/Illuminate/View/Concerns/ManagesComponents.php(99): Illuminate/View/View->render()
#18 D:/xampp/htdocs/gatewaybooks/resources/views/dashboard.blade.php(12): Illuminate/View/Factory->renderComponent()
#19 D:/xampp/htdocs/gatewaybooks/vendor/laravel/framework/src/Illuminate/Filesystem/Filesystem.php(123): require('D://xampp//htdocs...')
#20 D:/xampp/htdocs/gatewaybooks/vendor/laravel/framework/src/Illuminate/Filesystem/Filesystem.php(124): Illuminate/Filesystem/Filesystem::Illuminate/Filesystem/{closure}()
#21 D:/xampp/htdocs/gatewaybooks/vendor/laravel/framework/src/Illuminate/View/Engines/PhpEngine.php(58): Illuminate/Filesystem/Filesystem->getRequire('D://xampp//htdocs...', Array)
#22 D:/xampp/htdocs/gatewaybooks/vendor/laravel/framework/src/Illuminate/View/Engines/CompilerEngine.php(72): Illuminate/View/Engines/PhpEngine->evaluatePath('D://xampp//htdocs...', Array)
#23 D:/xampp/htdocs/gatewaybooks/vendor/laravel/framework/src/Illuminate/View/View.php(207): Illuminate/View/Engines/CompilerEngine->get('D://xampp//htdocs...', Array)
#24 D:/xampp/htdocs/gatewaybooks/vendor/laravel/framework/src/Illuminate/View/View.php(190): Illuminate/View/View->getContents()
#25 D:/xampp/htdocs/gatewaybooks/vendor/laravel/framework/src/Illuminate/View/View.php(159): Illuminate/View/View->renderContents()
#26 D:/xampp/htdocs/gatewaybooks/vendor/laravel/framework/src/Illuminate/Http/Response.php(69): Illuminate/View/View->render()
#27 D:/xampp/htdocs/gatewaybooks/vendor/laravel/framework/src/Illuminate/Http/Response.php(35): Illuminate/Http/Response->setContent(Object(Illuminate/View/View))
#28 D:/xampp/htdocs/gatewaybooks/vendor/laravel/framework/src/Illuminate/Routing/Router.php(918): Illuminate/Http/Response->__construct(Object(Illuminate/View/View), 200, Array)
#29 D:/xampp/htdocs/gatewaybooks/vendor/laravel/framework/src/Illuminate/Routing/Router.php(885): Illuminate/Routing/Router::toResponse(Object(Illuminate/Http/Request), Object(Illuminate/View/View))
#30 D:/xampp/htdocs/gatewaybooks/vendor/laravel/framework/src/Illuminate/Routing/Router.php(806): Illuminate/Routing/Router->prepareResponse(Object(Illuminate/Http/Request), Object(Illuminate/View/View))
#31 D:/xampp/htdocs/gatewaybooks/vendor/laravel/framework/src/Illuminate/Pipeline/Pipeline.php(144): Illuminate/Routing/Router->Illuminate/Routing/{closure}(Object(Illuminate/Http/Request))
#32 D:/xampp/htdocs/gatewaybooks/vendor/laravel/framework/src/Illuminate/Auth/Middleware/EnsureEmailIsVerified.php(41): Illuminate/Pipeline/Pipeline->Illuminate/Pipeline/{closure}(Object(Illuminate/Http/Request))
#33 D:/xampp/htdocs/gatewaybooks/vendor/laravel/framework/src/Illuminate/Pipeline/Pipeline.php(183): Illuminate/Auth/Middleware/EnsureEmailIsVerified->handle(Object(Illuminate/Http/Request), Object(Closure))
#34 D:/xampp/htdocs/gatewaybooks/vendor/laravel/framework/src/Illuminate/Routing/Middleware/SubstituteBindings.php(50): Illuminate/Pipeline/Pipeline->Illuminate/Pipeline/{closure}(Object(Illuminate/Http/Request))
#35 D:/xampp/htdocs/gatewaybooks/vendor/laravel/framework/src/Illuminate/Pipeline/Pipeline.php(183): Illuminate/Routing/Middleware/SubstituteBindings->handle(Object(Illuminate/Http/Request), Object(Closure))
#36 D:/xampp/htdocs/gatewaybooks/vendor/laravel/framework/src/Illuminate/Auth/Middleware/Authenticate.php(57): Illuminate/Pipeline/Pipeline->Illuminate/Pipeline/{closure}(Object(Illuminate/Http/Request))
#37 D:/xampp/htdocs/gatewaybooks/vendor/laravel/framework/src/Illuminate/Pipeline/Pipeline.php(183): Illuminate/Auth/Middleware/Authenticate->handle(Object(Illuminate/Http/Request), Object(Closure))
#38 D:/xampp/htdocs/gatewaybooks/vendor/laravel/framework/src/Illuminate/Foundation/Http/Middleware/VerifyCsrfToken.php(78): Illuminate/Pipeline/Pipeline->Illuminate/Pipeline/{closure}(Object(Illuminate/Http/Request))
#39 D:/xampp/htdocs/gatewaybooks/vendor/laravel/framework/src/Illuminate/Pipeline/Pipeline.php(183): Illuminate/Foundation/Http/Middleware/VerifyCsrfToken->handle(Object(Illuminate/Http/Request), Object(Closure))
#40 D:/xampp/htdocs/gatewaybooks/vendor/laravel/framework/src/Illuminate/View/Middleware/ShareErrorsFromSession.php(49): Illuminate/Pipeline/Pipeline->Illuminate/Pipeline/{closure}(Object(Illuminate/Http/Request))
#41 D:/xampp/htdocs/gatewaybooks/vendor/laravel/framework/src/Illuminate/Pipeline/Pipeline.php(183): Illuminate/View/Middleware/ShareErrorsFromSession->handle(Object(Illuminate/Http/Request), Object(Closure))
#42 D:/xampp/htdocs/gatewaybooks/vendor/laravel/framework/src/Illuminate/Session/Middleware/StartSession.php(121): Illuminate/Pipeline/Pipeline->Illuminate/Pipeline/{closure}(Object(Illuminate/Http/Request))
#43 D:/xampp/htdocs/gatewaybooks/vendor/laravel/framework/src/Illuminate/Session/Middleware/StartSession.php(64): Illuminate/Session/Middleware/StartSession->handleStatefulRequest(Object(Illuminate/Http/Request), Object(Illuminate/Session/Store), Object(Closure))
#44 D:/xampp/htdocs/gatewaybooks/vendor/laravel/framework/src/Illuminate/Pipeline/Pipeline.php(183): Illuminate/Session/Middleware/StartSession->handle(Object(Illuminate/Http/Request), Object(Closure))
#45 D:/xampp/htdocs/gatewaybooks/vendor/laravel/framework/src/Illuminate/Cookie/Middleware/AddQueuedCookiesToResponse.php(37): Illuminate/Pipeline/Pipeline->Illuminate/Pipeline/{closure}(Object(Illuminate/Http/Request))
#46 D:/xampp/htdocs/gatewaybooks/vendor/laravel/framework/src/Illuminate/Pipeline/Pipeline.php(183): Illuminate/Cookie/Middleware/AddQueuedCookiesToResponse->handle(Object(Illuminate/Http/Request), Object(Closure))
#47 D:/xampp/htdocs/gatewaybooks/vendor/laravel/framework/src/Illuminate/Cookie/Middleware/EncryptCookies.php(67): Illuminate/Pipeline/Pipeline->Illuminate/Pipeline/{closure}(Object(Illuminate/Http/Request))
#48 D:/xampp/htdocs/gatewaybooks/vendor/laravel/framework/src/Illuminate/Pipeline/Pipeline.php(183): Illuminate/Cookie/Middleware/EncryptCookies->handle(Object(Illuminate/Http/Request), Object(Closure))
#49 D:/xampp/htdocs/gatewaybooks/vendor/laravel/framework/src/Illuminate/Pipeline/Pipeline.php(119): Illuminate/Pipeline/Pipeline->Illuminate/Pipeline/{closure}(Object(Illuminate/Http/Request))
#50 D:/xampp/htdocs/gatewaybooks/vendor/laravel/framework/src/Illuminate/Routing/Router.php(807): Illuminate/Pipeline/Pipeline->then(Object(Closure))
#51 D:/xampp/htdocs/gatewaybooks/vendor/laravel/framework/src/Illuminate/Routing/Router.php(784): Illuminate/Routing/Router->runRouteWithinStack(Object(Illuminate/Routing/Route), Object(Illuminate/Http/Request))
#52 D:/xampp/htdocs/gatewaybooks/vendor/laravel/framework/src/Illuminate/Routing/Router.php(748): Illuminate/Routing/Router->runRoute(Object(Illuminate/Http/Request), Object(Illuminate/Routing/Route))
#53 D:/xampp/htdocs/gatewaybooks/vendor/laravel/framework/src/Illuminate/Routing/Router.php(737): Illuminate/Routing/Router->dispatchToRoute(Object(Illuminate/Http/Request))
#54 D:/xampp/htdocs/gatewaybooks/vendor/laravel/framework/src/Illuminate/Foundation/Http/Kernel.php(200): Illuminate/Routing/Router->dispatch(Object(Illuminate/Http/Request))
#55 D:/xampp/htdocs/gatewaybooks/vendor/laravel/framework/src/Illuminate/Pipeline/Pipeline.php(144): Illuminate/Foundation/Http/Kernel->Illuminate/Foundation/Http/{closure}(Object(Illuminate/Http/Request))
#56 D:/xampp/htdocs/gatewaybooks/vendor/laravel/framework/src/Illuminate/Foundation/Http/Middleware/TransformsRequest.php(21): Illuminate/Pipeline/Pipeline->Illuminate/Pipeline/{closure}(Object(Illuminate/Http/Request))
#57 D:/xampp/htdocs/gatewaybooks/vendor/laravel/framework/src/Illuminate/Foundation/Http/Middleware/ConvertEmptyStringsToNull.php(31): Illuminate/Foundation/Http/Middleware/TransformsRequest->handle(Object(Illuminate/Http/Request), Object(Closure))
#58 D:/xampp/htdocs/gatewaybooks/vendor/laravel/framework/src/Illuminate/Pipeline/Pipeline.php(183): Illuminate/Foundation/Http/Middleware/ConvertEmptyStringsToNull->handle(Object(Illuminate/Http/Request), Object(Closure))
#59 D:/xampp/htdocs/gatewaybooks/vendor/laravel/framework/src/Illuminate/Foundation/Http/Middleware/TransformsRequest.php(21): Illuminate/Pipeline/Pipeline->Illuminate/Pipeline/{closure}(Object(Illuminate/Http/Request))
#60 D:/xampp/htdocs/gatewaybooks/vendor/laravel/framework/src/Illuminate/Foundation/Http/Middleware/TrimStrings.php(40): Illuminate/Foundation/Http/Middleware/TransformsRequest->handle(Object(Illuminate/Http/Request), Object(Closure))
#61 D:/xampp/htdocs/gatewaybooks/vendor/laravel/framework/src/Illuminate/Pipeline/Pipeline.php(183): Illuminate/Foundation/Http/Middleware/TrimStrings->handle(Object(Illuminate/Http/Request), Object(Closure))
#62 D:/xampp/htdocs/gatewaybooks/vendor/laravel/framework/src/Illuminate/Foundation/Http/Middleware/ValidatePostSize.php(27): Illuminate/Pipeline/Pipeline->Illuminate/Pipeline/{closure}(Object(Illuminate/Http/Request))
#63 D:/xampp/htdocs/gatewaybooks/vendor/laravel/framework/src/Illuminate/Pipeline/Pipeline.php(183): Illuminate/Foundation/Http/Middleware/ValidatePostSize->handle(Object(Illuminate/Http/Request), Object(Closure))
#64 D:/xampp/htdocs/gatewaybooks/vendor/laravel/framework/src/Illuminate/Foundation/Http/Middleware/PreventRequestsDuringMaintenance.php(99): Illuminate/Pipeline/Pipeline->Illuminate/Pipeline/{closure}(Object(Illuminate/Http/Request))
#65 D:/xampp/htdocs/gatewaybooks/vendor/laravel/framework/src/Illuminate/Pipeline/Pipeline.php(183): Illuminate/Foundation/Http/Middleware/PreventRequestsDuringMaintenance->handle(Object(Illuminate/Http/Request), Object(Closure))
#66 D:/xampp/htdocs/gatewaybooks/vendor/laravel/framework/src/Illuminate/Http/Middleware/HandleCors.php(49): Illuminate/Pipeline/Pipeline->Illuminate/Pipeline/{closure}(Object(Illuminate/Http/Request))
#67 D:/xampp/htdocs/gatewaybooks/vendor/laravel/framework/src/Illuminate/Pipeline/Pipeline.php(183): Illuminate/Http/Middleware/HandleCors->handle(Object(Illuminate/Http/Request), Object(Closure))
#68 D:/xampp/htdocs/gatewaybooks/vendor/laravel/framework/src/Illuminate/Http/Middleware/TrustProxies.php(39): Illuminate/Pipeline/Pipeline->Illuminate/Pipeline/{closure}(Object(Illuminate/Http/Request))
#69 D:/xampp/htdocs/gatewaybooks/vendor/laravel/framework/src/Illuminate/Pipeline/Pipeline.php(183): Illuminate/Http/Middleware/TrustProxies->handle(Object(Illuminate/Http/Request), Object(Closure))
#70 D:/xampp/htdocs/gatewaybooks/vendor/laravel/framework/src/Illuminate/Pipeline/Pipeline.php(119): Illuminate/Pipeline/Pipeline->Illuminate/Pipeline/{closure}(Object(Illuminate/Http/Request))
#71 D:/xampp/htdocs/gatewaybooks/vendor/laravel/framework/src/Illuminate/Foundation/Http/Kernel.php(175): Illuminate/Pipeline/Pipeline->then(Object(Closure))
#72 D:/xampp/htdocs/gatewaybooks/vendor/laravel/framework/src/Illuminate/Foundation/Http/Kernel.php(144): Illuminate/Foundation/Http/Kernel->sendRequestThroughRouter(Object(Illuminate/Http/Request))
#73 D:/xampp/htdocs/gatewaybooks/public/index.php(52): Illuminate/Foundation/Http/Kernel->handle(Object(Illuminate/Http/Request))
#74 D:/xampp/htdocs/gatewaybooks/vendor/laravel/framework/src/Illuminate/Foundation/resources/server.php(16): require_once('D://xampp//htdocs...')
#75 {main}

[previous exception] [object] (Symfony\\Component\\Routing\\Exception\\RouteNotFoundException(code: 0): Route [profile.edit] not defined. at D:/xampp/htdocs/gatewaybooks/vendor/laravel/framework/src/Illuminate/Routing/UrlGenerator.php:477)
[stacktrace]
#0 D:/xampp/htdocs/gatewaybooks/vendor/laravel/framework/src/Illuminate/Foundation/helpers.php(811): Illuminate/Routing/UrlGenerator->route('profile.edit', Array, true)
#1 D:/xampp/htdocs/gatewaybooks/storage/framework/views/e0f9d0d7eb4b134bcf1c3a9cb5a680e5.php(86): route('profile.edit')
#2 D:/xampp/htdocs/gatewaybooks/vendor/laravel/framework/src/Illuminate/Filesystem/Filesystem.php(123): require('D://xampp//htdocs...')
#3 D:/xampp/htdocs/gatewaybooks/vendor/laravel/framework/src/Illuminate/Filesystem/Filesystem.php(124): Illuminate/Filesystem/Filesystem::Illuminate/Filesystem/{closure}()
#4 D:/xampp/htdocs/gatewaybooks/vendor/laravel/framework/src/Illuminate/View/Engines/PhpEngine.php(58): Illuminate/Filesystem/Filesystem->getRequire('D://xampp//htdocs...', Array)
#5 D:/xampp/htdocs/gatewaybooks/vendor/laravel/framework/src/Illuminate/View/Engines/CompilerEngine.php(72): Illuminate/View/Engines/PhpEngine->evaluatePath('D://xampp//htdocs...', Array)
#6 D:/xampp/htdocs/gatewaybooks/vendor/laravel/framework/src/Illuminate/View/View.php(207): Illuminate/View/Engines/CompilerEngine->get('D://xampp//htdocs...', Array)
#7 D:/xampp/htdocs/gatewaybooks/vendor/laravel/framework/src/Illuminate/View/View.php(190): Illuminate/View/View->getContents()
#8 D:/xampp/htdocs/gatewaybooks/vendor/laravel/framework/src/Illuminate/View/View.php(159): Illuminate/View/View->renderContents()
#9 D:/xampp/htdocs/gatewaybooks/storage/framework/views/5262b364d0ef48d310211e3405a37cb7.php(19): Illuminate/View/View->render()
#10 D:/xampp/htdocs/gatewaybooks/vendor/laravel/framework/src/Illuminate/Filesystem/Filesystem.php(123): require('D://xampp//htdocs...')
#11 D:/xampp/htdocs/gatewaybooks/vendor/laravel/framework/src/Illuminate/Filesystem/Filesystem.php(124): Illuminate/Filesystem/Filesystem::Illuminate/Filesystem/{closure}()
#12 D:/xampp/htdocs/gatewaybooks/vendor/laravel/framework/src/Illuminate/View/Engines/PhpEngine.php(58): Illuminate/Filesystem/Filesystem->getRequire('D://xampp//htdocs...', Array)
#13 D:/xampp/htdocs/gatewaybooks/vendor/laravel/framework/src/Illuminate/View/Engines/CompilerEngine.php(72): Illuminate/View/Engines/PhpEngine->evaluatePath('D://xampp//htdocs...', Array)
#14 D:/xampp/htdocs/gatewaybooks/vendor/laravel/framework/src/Illuminate/View/View.php(207): Illuminate/View/Engines/CompilerEngine->get('D://xampp//htdocs...', Array)
#15 D:/xampp/htdocs/gatewaybooks/vendor/laravel/framework/src/Illuminate/View/View.php(190): Illuminate/View/View->getContents()
#16 D:/xampp/htdocs/gatewaybooks/vendor/laravel/framework/src/Illuminate/View/View.php(159): Illuminate/View/View->renderContents()
#17 D:/xampp/htdocs/gatewaybooks/vendor/laravel/framework/src/Illuminate/View/Concerns/ManagesComponents.php(99): Illuminate/View/View->render()
#18 D:/xampp/htdocs/gatewaybooks/storage/framework/views/78a147f6325f5803c3aaba4d8b1c50b7.php(28): Illuminate/View/Factory->renderComponent()
#19 D:/xampp/htdocs/gatewaybooks/vendor/laravel/framework/src/Illuminate/Filesystem/Filesystem.php(123): require('D://xampp//htdocs...')
#20 D:/xampp/htdocs/gatewaybooks/vendor/laravel/framework/src/Illuminate/Filesystem/Filesystem.php(124): Illuminate/Filesystem/Filesystem::Illuminate/Filesystem/{closure}()
#21 D:/xampp/htdocs/gatewaybooks/vendor/laravel/framework/src/Illuminate/View/Engines/PhpEngine.php(58): Illuminate/Filesystem/Filesystem->getRequire('D://xampp//htdocs...', Array)
#22 D:/xampp/htdocs/gatewaybooks/vendor/laravel/framework/src/Illuminate/View/Engines/CompilerEngine.php(72): Illuminate/View/Engines/PhpEngine->evaluatePath('D://xampp//htdocs...', Array)
#23 D:/xampp/htdocs/gatewaybooks/vendor/laravel/framework/src/Illuminate/View/View.php(207): Illuminate/View/Engines/CompilerEngine->get('D://xampp//htdocs...', Array)
#24 D:/xampp/htdocs/gatewaybooks/vendor/laravel/framework/src/Illuminate/View/View.php(190): Illuminate/View/View->getContents()
#25 D:/xampp/htdocs/gatewaybooks/vendor/laravel/framework/src/Illuminate/View/View.php(159): Illuminate/View/View->renderContents()
#26 D:/xampp/htdocs/gatewaybooks/vendor/laravel/framework/src/Illuminate/Http/Response.php(69): Illuminate/View/View->render()
#27 D:/xampp/htdocs/gatewaybooks/vendor/laravel/framework/src/Illuminate/Http/Response.php(35): Illuminate/Http/Response->setContent(Object(Illuminate/View/View))
#28 D:/xampp/htdocs/gatewaybooks/vendor/laravel/framework/src/Illuminate/Routing/Router.php(918): Illuminate/Http/Response->__construct(Object(Illuminate/View/View), 200, Array)
#29 D:/xampp/htdocs/gatewaybooks/vendor/laravel/framework/src/Illuminate/Routing/Router.php(885): Illuminate/Routing/Router::toResponse(Object(Illuminate/Http/Request), Object(Illuminate/View/View))
#30 D:/xampp/htdocs/gatewaybooks/vendor/laravel/framework/src/Illuminate/Routing/Router.php(806): Illuminate/Routing/Router->prepareResponse(Object(Illuminate/Http/Request), Object(Illuminate/View/View))
#31 D:/xampp/htdocs/gatewaybooks/vendor/laravel/framework/src/Illuminate/Pipeline/Pipeline.php(144): Illuminate/Routing/Router->Illuminate/Routing/{closure}(Object(Illuminate/Http/Request))
#32 D:/xampp/htdocs/gatewaybooks/vendor/laravel/framework/src/Illuminate/Auth/Middleware/EnsureEmailIsVerified.php(41): Illuminate/Pipeline/Pipeline->Illuminate/Pipeline/{closure}(Object(Illuminate/Http/Request))
#33 D:/xampp/htdocs/gatewaybooks/vendor/laravel/framework/src/Illuminate/Pipeline/Pipeline.php(183): Illuminate/Auth/Middleware/EnsureEmailIsVerified->handle(Object(Illuminate/Http/Request), Object(Closure))
#34 D:/xampp/htdocs/gatewaybooks/vendor/laravel/framework/src/Illuminate/Routing/Middleware/SubstituteBindings.php(50): Illuminate/Pipeline/Pipeline->Illuminate/Pipeline/{closure}(Object(Illuminate/Http/Request))
#35 D:/xampp/htdocs/gatewaybooks/vendor/laravel/framework/src/Illuminate/Pipeline/Pipeline.php(183): Illuminate/Routing/Middleware/SubstituteBindings->handle(Object(Illuminate/Http/Request), Object(Closure))
#36 D:/xampp/htdocs/gatewaybooks/vendor/laravel/framework/src/Illuminate/Auth/Middleware/Authenticate.php(57): Illuminate/Pipeline/Pipeline->Illuminate/Pipeline/{closure}(Object(Illuminate/Http/Request))
#37 D:/xampp/htdocs/gatewaybooks/vendor/laravel/framework/src/Illuminate/Pipeline/Pipeline.php(183): Illuminate/Auth/Middleware/Authenticate->handle(Object(Illuminate/Http/Request), Object(Closure))
#38 D:/xampp/htdocs/gatewaybooks/vendor/laravel/framework/src/Illuminate/Foundation/Http/Middleware/VerifyCsrfToken.php(78): Illuminate/Pipeline/Pipeline->Illuminate/Pipeline/{closure}(Object(Illuminate/Http/Request))
#39 D:/xampp/htdocs/gatewaybooks/vendor/laravel/framework/src/Illuminate/Pipeline/Pipeline.php(183): Illuminate/Foundation/Http/Middleware/VerifyCsrfToken->handle(Object(Illuminate/Http/Request), Object(Closure))
#40 D:/xampp/htdocs/gatewaybooks/vendor/laravel/framework/src/Illuminate/View/Middleware/ShareErrorsFromSession.php(49): Illuminate/Pipeline/Pipeline->Illuminate/Pipeline/{closure}(Object(Illuminate/Http/Request))
#41 D:/xampp/htdocs/gatewaybooks/vendor/laravel/framework/src/Illuminate/Pipeline/Pipeline.php(183): Illuminate/View/Middleware/ShareErrorsFromSession->handle(Object(Illuminate/Http/Request), Object(Closure))
#42 D:/xampp/htdocs/gatewaybooks/vendor/laravel/framework/src/Illuminate/Session/Middleware/StartSession.php(121): Illuminate/Pipeline/Pipeline->Illuminate/Pipeline/{closure}(Object(Illuminate/Http/Request))
#43 D:/xampp/htdocs/gatewaybooks/vendor/laravel/framework/src/Illuminate/Session/Middleware/StartSession.php(64): Illuminate/Session/Middleware/StartSession->handleStatefulRequest(Object(Illuminate/Http/Request), Object(Illuminate/Session/Store), Object(Closure))
#44 D:/xampp/htdocs/gatewaybooks/vendor/laravel/framework/src/Illuminate/Pipeline/Pipeline.php(183): Illuminate/Session/Middleware/StartSession->handle(Object(Illuminate/Http/Request), Object(Closure))
#45 D:/xampp/htdocs/gatewaybooks/vendor/laravel/framework/src/Illuminate/Cookie/Middleware/AddQueuedCookiesToResponse.php(37): Illuminate/Pipeline/Pipeline->Illuminate/Pipeline/{closure}(Object(Illuminate/Http/Request))
#46 D:/xampp/htdocs/gatewaybooks/vendor/laravel/framework/src/Illuminate/Pipeline/Pipeline.php(183): Illuminate/Cookie/Middleware/AddQueuedCookiesToResponse->handle(Object(Illuminate/Http/Request), Object(Closure))
#47 D:/xampp/htdocs/gatewaybooks/vendor/laravel/framework/src/Illuminate/Cookie/Middleware/EncryptCookies.php(67): Illuminate/Pipeline/Pipeline->Illuminate/Pipeline/{closure}(Object(Illuminate/Http/Request))
#48 D:/xampp/htdocs/gatewaybooks/vendor/laravel/framework/src/Illuminate/Pipeline/Pipeline.php(183): Illuminate/Cookie/Middleware/EncryptCookies->handle(Object(Illuminate/Http/Request), Object(Closure))
#49 D:/xampp/htdocs/gatewaybooks/vendor/laravel/framework/src/Illuminate/Pipeline/Pipeline.php(119): Illuminate/Pipeline/Pipeline->Illuminate/Pipeline/{closure}(Object(Illuminate/Http/Request))
#50 D:/xampp/htdocs/gatewaybooks/vendor/laravel/framework/src/Illuminate/Routing/Router.php(807): Illuminate/Pipeline/Pipeline->then(Object(Closure))
#51 D:/xampp/htdocs/gatewaybooks/vendor/laravel/framework/src/Illuminate/Routing/Router.php(784): Illuminate/Routing/Router->runRouteWithinStack(Object(Illuminate/Routing/Route), Object(Illuminate/Http/Request))
#52 D:/xampp/htdocs/gatewaybooks/vendor/laravel/framework/src/Illuminate/Routing/Router.php(748): Illuminate/Routing/Router->runRoute(Object(Illuminate/Http/Request), Object(Illuminate/Routing/Route))
#53 D:/xampp/htdocs/gatewaybooks/vendor/laravel/framework/src/Illuminate/Routing/Router.php(737): Illuminate/Routing/Router->dispatchToRoute(Object(Illuminate/Http/Request))
#54 D:/xampp/htdocs/gatewaybooks/vendor/laravel/framework/src/Illuminate/Foundation/Http/Kernel.php(200): Illuminate/Routing/Router->dispatch(Object(Illuminate/Http/Request))
#55 D:/xampp/htdocs/gatewaybooks/vendor/laravel/framework/src/Illuminate/Pipeline/Pipeline.php(144): Illuminate/Foundation/Http/Kernel->Illuminate/Foundation/Http/{closure}(Object(Illuminate/Http/Request))
#56 D:/xampp/htdocs/gatewaybooks/vendor/laravel/framework/src/Illuminate/Foundation/Http/Middleware/TransformsRequest.php(21): Illuminate/Pipeline/Pipeline->Illuminate/Pipeline/{closure}(Object(Illuminate/Http/Request))
#57 D:/xampp/htdocs/gatewaybooks/vendor/laravel/framework/src/Illuminate/Foundation/Http/Middleware/ConvertEmptyStringsToNull.php(31): Illuminate/Foundation/Http/Middleware/TransformsRequest->handle(Object(Illuminate/Http/Request), Object(Closure))
#58 D:/xampp/htdocs/gatewaybooks/vendor/laravel/framework/src/Illuminate/Pipeline/Pipeline.php(183): Illuminate/Foundation/Http/Middleware/ConvertEmptyStringsToNull->handle(Object(Illuminate/Http/Request), Object(Closure))
#59 D:/xampp/htdocs/gatewaybooks/vendor/laravel/framework/src/Illuminate/Foundation/Http/Middleware/TransformsRequest.php(21): Illuminate/Pipeline/Pipeline->Illuminate/Pipeline/{closure}(Object(Illuminate/Http/Request))
#60 D:/xampp/htdocs/gatewaybooks/vendor/laravel/framework/src/Illuminate/Foundation/Http/Middleware/TrimStrings.php(40): Illuminate/Foundation/Http/Middleware/TransformsRequest->handle(Object(Illuminate/Http/Request), Object(Closure))
#61 D:/xampp/htdocs/gatewaybooks/vendor/laravel/framework/src/Illuminate/Pipeline/Pipeline.php(183): Illuminate/Foundation/Http/Middleware/TrimStrings->handle(Object(Illuminate/Http/Request), Object(Closure))
#62 D:/xampp/htdocs/gatewaybooks/vendor/laravel/framework/src/Illuminate/Foundation/Http/Middleware/ValidatePostSize.php(27): Illuminate/Pipeline/Pipeline->Illuminate/Pipeline/{closure}(Object(Illuminate/Http/Request))
#63 D:/xampp/htdocs/gatewaybooks/vendor/laravel/framework/src/Illuminate/Pipeline/Pipeline.php(183): Illuminate/Foundation/Http/Middleware/ValidatePostSize->handle(Object(Illuminate/Http/Request), Object(Closure))
#64 D:/xampp/htdocs/gatewaybooks/vendor/laravel/framework/src/Illuminate/Foundation/Http/Middleware/PreventRequestsDuringMaintenance.php(99): Illuminate/Pipeline/Pipeline->Illuminate/Pipeline/{closure}(Object(Illuminate/Http/Request))
#65 D:/xampp/htdocs/gatewaybooks/vendor/laravel/framework/src/Illuminate/Pipeline/Pipeline.php(183): Illuminate/Foundation/Http/Middleware/PreventRequestsDuringMaintenance->handle(Object(Illuminate/Http/Request), Object(Closure))
#66 D:/xampp/htdocs/gatewaybooks/vendor/laravel/framework/src/Illuminate/Http/Middleware/HandleCors.php(49): Illuminate/Pipeline/Pipeline->Illuminate/Pipeline/{closure}(Object(Illuminate/Http/Request))
#67 D:/xampp/htdocs/gatewaybooks/vendor/laravel/framework/src/Illuminate/Pipeline/Pipeline.php(183): Illuminate/Http/Middleware/HandleCors->handle(Object(Illuminate/Http/Request), Object(Closure))
#68 D:/xampp/htdocs/gatewaybooks/vendor/laravel/framework/src/Illuminate/Http/Middleware/TrustProxies.php(39): Illuminate/Pipeline/Pipeline->Illuminate/Pipeline/{closure}(Object(Illuminate/Http/Request))
#69 D:/xampp/htdocs/gatewaybooks/vendor/laravel/framework/src/Illuminate/Pipeline/Pipeline.php(183): Illuminate/Http/Middleware/TrustProxies->handle(Object(Illuminate/Http/Request), Object(Closure))
#70 D:/xampp/htdocs/gatewaybooks/vendor/laravel/framework/src/Illuminate/Pipeline/Pipeline.php(119): Illuminate/Pipeline/Pipeline->Illuminate/Pipeline/{closure}(Object(Illuminate/Http/Request))
#71 D:/xampp/htdocs/gatewaybooks/vendor/laravel/framework/src/Illuminate/Foundation/Http/Kernel.php(175): Illuminate/Pipeline/Pipeline->then(Object(Closure))
#72 D:/xampp/htdocs/gatewaybooks/vendor/laravel/framework/src/Illuminate/Foundation/Http/Kernel.php(144): Illuminate/Foundation/Http/Kernel->sendRequestThroughRouter(Object(Illuminate/Http/Request))
#73 D:/xampp/htdocs/gatewaybooks/public/index.php(52): Illuminate/Foundation/Http/Kernel->handle(Object(Illuminate/Http/Request))
#74 D:/xampp/htdocs/gatewaybooks/vendor/laravel/framework/src/Illuminate/Foundation/resources/server.php(16): require_once('D://xampp//htdocs...')
#75 {main}
"} 
[2026-08-29 18:37:20] local.ERROR: View [admin.profile] not found. {"userId":1,"exception":"[object] (InvalidArgumentException(code: 0): View [admin.profile] not found. at D:/xampp/htdocs/gatewaybooks/vendor/laravel/framework/src/Illuminate/View/FileViewFinder.php:137)
[stacktrace]
#0 D:/xampp/htdocs/gatewaybooks/vendor/laravel/framework/src/Illuminate/View/FileViewFinder.php(79): Illuminate/View/FileViewFinder->findInPaths('admin.profile', Array)
#1 D:/xampp/htdocs/gatewaybooks/vendor/laravel/framework/src/Illuminate/View/Factory.php(138): Illuminate/View/FileViewFinder->find('admin.profile')
#2 D:/xampp/htdocs/gatewaybooks/vendor/laravel/framework/src/Illuminate/Foundation/helpers.php(1020): Illuminate/View/Factory->make('admin.profile', Array, Array)
#3 D:/xampp/htdocs/gatewaybooks/routes/web.php(87): view('admin/profile')
#4 D:/xampp/htdocs/gatewaybooks/vendor/laravel/framework/src/Illuminate/Routing/CallableDispatcher.php(40): Illuminate/Routing/RouteFileRegistrar->{closure}()
#5 D:/xampp/htdocs/gatewaybooks/vendor/laravel/framework/src/Illuminate/Routing/Route.php(237): Illuminate/Routing/CallableDispatcher->dispatch(Object(Illuminate/Routing/Route), Object(Closure))
#6 D:/xampp/htdocs/gatewaybooks/vendor/laravel/framework/src/Illuminate/Routing/Route.php(208): Illuminate/Routing/Route->runCallable()
#7 D:/xampp/htdocs/gatewaybooks/vendor/laravel/framework/src/Illuminate/Routing/Router.php(806): Illuminate/Routing/Route->run()
#8 D:/xampp/htdocs/gatewaybooks/vendor/laravel/framework/src/Illuminate/Pipeline/Pipeline.php(144): Illuminate/Routing/Router->Illuminate/Routing/{closure}(Object(Illuminate/Http/Request))
#9 D:/xampp/htdocs/gatewaybooks/vendor/laravel/framework/src/Illuminate/Auth/Middleware/EnsureEmailIsVerified.php(41): Illuminate/Pipeline/Pipeline->Illuminate/Pipeline/{closure}(Object(Illuminate/Http/Request))
#10 D:/xampp/htdocs/gatewaybooks/vendor/laravel/framework/src/Illuminate/Pipeline/Pipeline.php(183): Illuminate/Auth/Middleware/EnsureEmailIsVerified->handle(Object(Illuminate/Http/Request), Object(Closure))
#11 D:/xampp/htdocs/gatewaybooks/vendor/laravel/framework/src/Illuminate/Routing/Middleware/SubstituteBindings.php(50): Illuminate/Pipeline/Pipeline->Illuminate/Pipeline/{closure}(Object(Illuminate/Http/Request))
#12 D:/xampp/htdocs/gatewaybooks/vendor/laravel/framework/src/Illuminate/Pipeline/Pipeline.php(183): Illuminate/Routing/Middleware/SubstituteBindings->handle(Object(Illuminate/Http/Request), Object(Closure))
#13 D:/xampp/htdocs/gatewaybooks/vendor/laravel/framework/src/Illuminate/Auth/Middleware/Authenticate.php(57): Illuminate/Pipeline/Pipeline->Illuminate/Pipeline/{closure}(Object(Illuminate/Http/Request))
#14 D:/xampp/htdocs/gatewaybooks/vendor/laravel/framework/src/Illuminate/Pipeline/Pipeline.php(183): Illuminate/Auth/Middleware/Authenticate->handle(Object(Illuminate/Http/Request), Object(Closure))
#15 D:/xampp/htdocs/gatewaybooks/vendor/laravel/framework/src/Illuminate/Foundation/Http/Middleware/VerifyCsrfToken.php(78): Illuminate/Pipeline/Pipeline->Illuminate/Pipeline/{closure}(Object(Illuminate/Http/Request))
#16 D:/xampp/htdocs/gatewaybooks/vendor/laravel/framework/src/Illuminate/Pipeline/Pipeline.php(183): Illuminate/Foundation/Http/Middleware/VerifyCsrfToken->handle(Object(Illuminate/Http/Request), Object(Closure))
#17 D:/xampp/htdocs/gatewaybooks/vendor/laravel/framework/src/Illuminate/View/Middleware/ShareErrorsFromSession.php(49): Illuminate/Pipeline/Pipeline->Illuminate/Pipeline/{closure}(Object(Illuminate/Http/Request))
#18 D:/xampp/htdocs/gatewaybooks/vendor/laravel/framework/src/Illuminate/Pipeline/Pipeline.php(183): Illuminate/View/Middleware/ShareErrorsFromSession->handle(Object(Illuminate/Http/Request), Object(Closure))
#19 D:/xampp/htdocs/gatewaybooks/vendor/laravel/framework/src/Illuminate/Session/Middleware/StartSession.php(121): Illuminate/Pipeline/Pipeline->Illuminate/Pipeline/{closure}(Object(Illuminate/Http/Request))
#20 D:/xampp/htdocs/gatewaybooks/vendor/laravel/framework/src/Illuminate/Session/Middleware/StartSession.php(64): Illuminate/Session/Middleware/StartSession->handleStatefulRequest(Object(Illuminate/Http/Request), Object(Illuminate/Session/Store), Object(Closure))
#21 D:/xampp/htdocs/gatewaybooks/vendor/laravel/framework/src/Illuminate/Pipeline/Pipeline.php(183): Illuminate/Session/Middleware/StartSession->handle(Object(Illuminate/Http/Request), Object(Closure))
#22 D:/xampp/htdocs/gatewaybooks/vendor/laravel/framework/src/Illuminate/Cookie/Middleware/AddQueuedCookiesToResponse.php(37): Illuminate/Pipeline/Pipeline->Illuminate/Pipeline/{closure}(Object(Illuminate/Http/Request))
#23 D:/xampp/htdocs/gatewaybooks/vendor/laravel/framework/src/Illuminate/Pipeline/Pipeline.php(183): Illuminate/Cookie/Middleware/AddQueuedCookiesToResponse->handle(Object(Illuminate/Http/Request), Object(Closure))
#24 D:/xampp/htdocs/gatewaybooks/vendor/laravel/framework/src/Illuminate/Cookie/Middleware/EncryptCookies.php(67): Illuminate/Pipeline/Pipeline->Illuminate/Pipeline/{closure}(Object(Illuminate/Http/Request))
#25 D:/xampp/htdocs/gatewaybooks/vendor/laravel/framework/src/Illuminate/Pipeline/Pipeline.php(183): Illuminate/Cookie/Middleware/EncryptCookies->handle(Object(Illuminate/Http/Request), Object(Closure))
#26 D:/xampp/htdocs/gatewaybooks/vendor/laravel/framework/src/Illuminate/Pipeline/Pipeline.php(119): Illuminate/Pipeline/Pipeline->Illuminate/Pipeline/{closure}(Object(Illuminate/Http/Request))
#27 D:/xampp/htdocs/gatewaybooks/vendor/laravel/framework/src/Illuminate/Routing/Router.php(807): Illuminate/Pipeline/Pipeline->then(Object(Closure))
#28 D:/xampp/htdocs/gatewaybooks/vendor/laravel/framework/src/Illuminate/Routing/Router.php(784): Illuminate/Routing/Router->runRouteWithinStack(Object(Illuminate/Routing/Route), Object(Illuminate/Http/Request))
#29 D:/xampp/htdocs/gatewaybooks/vendor/laravel/framework/src/Illuminate/Routing/Router.php(748): Illuminate/Routing/Router->runRoute(Object(Illuminate/Http/Request), Object(Illuminate/Routing/Route))
#30 D:/xampp/htdocs/gatewaybooks/vendor/laravel/framework/src/Illuminate/Routing/Router.php(737): Illuminate/Routing/Router->dispatchToRoute(Object(Illuminate/Http/Request))
#31 D:/xampp/htdocs/gatewaybooks/vendor/laravel/framework/src/Illuminate/Foundation/Http/Kernel.php(200): Illuminate/Routing/Router->dispatch(Object(Illuminate/Http/Request))
#32 D:/xampp/htdocs/gatewaybooks/vendor/laravel/framework/src/Illuminate/Pipeline/Pipeline.php(144): Illuminate/Foundation/Http/Kernel->Illuminate/Foundation/Http/{closure}(Object(Illuminate/Http/Request))
#33 D:/xampp/htdocs/gatewaybooks/vendor/laravel/framework/src/Illuminate/Foundation/Http/Middleware/TransformsRequest.php(21): Illuminate/Pipeline/Pipeline->Illuminate/Pipeline/{closure}(Object(Illuminate/Http/Request))
#34 D:/xampp/htdocs/gatewaybooks/vendor/laravel/framework/src/Illuminate/Foundation/Http/Middleware/ConvertEmptyStringsToNull.php(31): Illuminate/Foundation/Http/Middleware/TransformsRequest->handle(Object(Illuminate/Http/Request), Object(Closure))
#35 D:/xampp/htdocs/gatewaybooks/vendor/laravel/framework/src/Illuminate/Pipeline/Pipeline.php(183): Illuminate/Foundation/Http/Middleware/ConvertEmptyStringsToNull->handle(Object(Illuminate/Http/Request), Object(Closure))
#36 D:/xampp/htdocs/gatewaybooks/vendor/laravel/framework/src/Illuminate/Foundation/Http/Middleware/TransformsRequest.php(21): Illuminate/Pipeline/Pipeline->Illuminate/Pipeline/{closure}(Object(Illuminate/Http/Request))
#37 D:/xampp/htdocs/gatewaybooks/vendor/laravel/framework/src/Illuminate/Foundation/Http/Middleware/TrimStrings.php(40): Illuminate/Foundation/Http/Middleware/TransformsRequest->handle(Object(Illuminate/Http/Request), Object(Closure))
#38 D:/xampp/htdocs/gatewaybooks/vendor/laravel/framework/src/Illuminate/Pipeline/Pipeline.php(183): Illuminate/Foundation/Http/Middleware/TrimStrings->handle(Object(Illuminate/Http/Request), Object(Closure))
#39 D:/xampp/htdocs/gatewaybooks/vendor/laravel/framework/src/Illuminate/Foundation/Http/Middleware/ValidatePostSize.php(27): Illuminate/Pipeline/Pipeline->Illuminate/Pipeline/{closure}(Object(Illuminate/Http/Request))
#40 D:/xampp/htdocs/gatewaybooks/vendor/laravel/framework/src/Illuminate/Pipeline/Pipeline.php(183): Illuminate/Foundation/Http/Middleware/ValidatePostSize->handle(Object(Illuminate/Http/Request), Object(Closure))
#41 D:/xampp/htdocs/gatewaybooks/vendor/laravel/framework/src/Illuminate/Foundation/Http/Middleware/PreventRequestsDuringMaintenance.php(99): Illuminate/Pipeline/Pipeline->Illuminate/Pipeline/{closure}(Object(Illuminate/Http/Request))
#42 D:/xampp/htdocs/gatewaybooks/vendor/laravel/framework/src/Illuminate/Pipeline/Pipeline.php(183): Illuminate/Foundation/Http/Middleware/PreventRequestsDuringMaintenance->handle(Object(Illuminate/Http/Request), Object(Closure))
#43 D:/xampp/htdocs/gatewaybooks/vendor/laravel/framework/src/Illuminate/Http/Middleware/HandleCors.php(49): Illuminate/Pipeline/Pipeline->Illuminate/Pipeline/{closure}(Object(Illuminate/Http/Request))
#44 D:/xampp/htdocs/gatewaybooks/vendor/laravel/framework/src/Illuminate/Pipeline/Pipeline.php(183): Illuminate/Http/Middleware/HandleCors->handle(Object(Illuminate/Http/Request), Object(Closure))
#45 D:/xampp/htdocs/gatewaybooks/vendor/laravel/framework/src/Illuminate/Http/Middleware/TrustProxies.php(39): Illuminate/Pipeline/Pipeline->Illuminate/Pipeline/{closure}(Object(Illuminate/Http/Request))
#46 D:/xampp/htdocs/gatewaybooks/vendor/laravel/framework/src/Illuminate/Pipeline/Pipeline.php(183): Illuminate/Http/Middleware/TrustProxies->handle(Object(Illuminate/Http/Request), Object(Closure))
#47 D:/xampp/htdocs/gatewaybooks/vendor/laravel/framework/src/Illuminate/Pipeline/Pipeline.php(119): Illuminate/Pipeline/Pipeline->Illuminate/Pipeline/{closure}(Object(Illuminate/Http/Request))
#48 D:/xampp/htdocs/gatewaybooks/vendor/laravel/framework/src/Illuminate/Foundation/Http/Kernel.php(175): Illuminate/Pipeline/Pipeline->then(Object(Closure))
#49 D:/xampp/htdocs/gatewaybooks/vendor/laravel/framework/src/Illuminate/Foundation/Http/Kernel.php(144): Illuminate/Foundation/Http/Kernel->sendRequestThroughRouter(Object(Illuminate/Http/Request))
#50 D:/xampp/htdocs/gatewaybooks/public/index.php(52): Illuminate/Foundation/Http/Kernel->handle(Object(Illuminate/Http/Request))
#51 D:/xampp/htdocs/gatewaybooks/vendor/laravel/framework/src/Illuminate/Foundation/resources/server.php(16): require_once('D://xampp//htdocs...')
#52 {main}
"} 
[2026-08-29 18:37:54] local.ERROR: Route [profile.edit] not defined. {"view":{"view":"D:\\xampp\\htdocs\\gatewaybooks\\resources\\views\\layouts\\navigation.blade.php","data":{"errors":"<pre class=sf-dump id=sf-dump-1734582235 data-indent-pad=\"  \"><span class=sf-dump-note>Illuminate\\Support\\ViewErrorBag</span> {<a class=sf-dump-ref>#372</a><samp data-depth=1 class=sf-dump-expanded>
  #<span class=sf-dump-protected title=\"Protected property\">bags</span>: []
</samp>}
</pre><script>Sfdump(\"sf-dump-1734582235\", {\"maxDepth\":3,\"maxStringLength\":160})</script>
","componentName":"<pre class=sf-dump id=sf-dump-1098598442 data-indent-pad=\"  \">\"<span class=sf-dump-str title=\"10 characters\">app-layout</span>\"
</pre><script>Sfdump(\"sf-dump-1098598442\", {\"maxDepth\":3,\"maxStringLength\":160})</script>
","attributes":"<pre class=sf-dump id=sf-dump-773255524 data-indent-pad=\"  \"><span class=sf-dump-note>Illuminate\\View\\ComponentAttributeBag</span> {<a class=sf-dump-ref>#1092</a><samp data-depth=1 class=sf-dump-expanded>
  #<span class=sf-dump-protected title=\"Protected property\">attributes</span>: []
</samp>}
</pre><script>Sfdump(\"sf-dump-773255524\", {\"maxDepth\":3,\"maxStringLength\":160})</script>
","slot":"<pre class=sf-dump id=sf-dump-263185645 data-indent-pad=\"  \"><span class=sf-dump-note>Illuminate\\View\\ComponentSlot</span> {<a class=sf-dump-ref>#1100</a><samp data-depth=1 class=sf-dump-expanded>
  +<span class=sf-dump-public title=\"Public property\">attributes</span>: <span class=\"sf-dump-note sf-dump-ellipsization\" title=\"Illuminate\\View\\ComponentAttributeBag
\"><span class=\"sf-dump-ellipsis sf-dump-ellipsis-note\">Illuminate\\View</span><span class=\"sf-dump-ellipsis sf-dump-ellipsis-note\">\\</span><span class=\"sf-dump-ellipsis-tail\">ComponentAttributeBag</span></span> {<a class=sf-dump-ref>#1097</a><samp data-depth=2 class=sf-dump-compact>
    #<span class=sf-dump-protected title=\"Protected property\">attributes</span>: []
  </samp>}
  #<span class=sf-dump-protected title=\"Protected property\">contents</span>: \"\"\"
    <span class=sf-dump-str title=\"309 characters\">&lt;div class=&quot;py-12&quot;&gt;<span class=\"sf-dump-default sf-dump-ns\">\\n</span></span>
    <span class=sf-dump-str title=\"309 characters\">        &lt;div class=&quot;max-w-7xl mx-auto sm:px-6 lg:px-8&quot;&gt;<span class=\"sf-dump-default sf-dump-ns\">\\n</span></span>
    <span class=sf-dump-str title=\"309 characters\">            &lt;div class=&quot;bg-white overflow-hidden shadow-sm sm:rounded-lg&quot;&gt;<span class=\"sf-dump-default sf-dump-ns\">\\n</span></span>
    <span class=sf-dump-str title=\"309 characters\">                &lt;div class=&quot;p-6 text-gray-900&quot;&gt;<span class=\"sf-dump-default sf-dump-ns\">\\n</span></span>
    <span class=sf-dump-str title=\"309 characters\">                    You&amp;#039;re logged in!<span class=\"sf-dump-default sf-dump-ns\">\\n</span></span>
    <span class=sf-dump-str title=\"309 characters\">                &lt;/div&gt;<span class=\"sf-dump-default sf-dump-ns\">\\n</span></span>
    <span class=sf-dump-str title=\"309 characters\">            &lt;/div&gt;<span class=\"sf-dump-default sf-dump-ns\">\\n</span></span>
    <span class=sf-dump-str title=\"309 characters\">        &lt;/div&gt;<span class=\"sf-dump-default sf-dump-ns\">\\n</span></span>
    <span class=sf-dump-str title=\"309 characters\">    &lt;/div&gt;</span>
    \"\"\"
</samp>}
</pre><script>Sfdump(\"sf-dump-263185645\", {\"maxDepth\":3,\"maxStringLength\":160})</script>
","header":"<pre class=sf-dump id=sf-dump-1101540298 data-indent-pad=\"  \"><span class=sf-dump-note>Illuminate\\View\\ComponentSlot</span> {<a class=sf-dump-ref>#1102</a><samp data-depth=1 class=sf-dump-expanded>
  +<span class=sf-dump-public title=\"Public property\">attributes</span>: <span class=\"sf-dump-note sf-dump-ellipsization\" title=\"Illuminate\\View\\ComponentAttributeBag
\"><span class=\"sf-dump-ellipsis sf-dump-ellipsis-note\">Illuminate\\View</span><span class=\"sf-dump-ellipsis sf-dump-ellipsis-note\">\\</span><span class=\"sf-dump-ellipsis-tail\">ComponentAttributeBag</span></span> {<a class=sf-dump-ref>#1101</a><samp data-depth=2 class=sf-dump-compact>
    #<span class=sf-dump-protected title=\"Protected property\">attributes</span>: []
  </samp>}
  #<span class=sf-dump-protected title=\"Protected property\">contents</span>: \"\"\"
    <span class=sf-dump-str title=\"98 characters\">&lt;h2 class=&quot;font-semibold text-xl text-gray-800 leading-tight&quot;&gt;<span class=\"sf-dump-default sf-dump-ns\">\\n</span></span>
    <span class=sf-dump-str title=\"98 characters\">            Dashboard<span class=\"sf-dump-default sf-dump-ns\">\\n</span></span>
    <span class=sf-dump-str title=\"98 characters\">        &lt;/h2&gt;</span>
    \"\"\"
</samp>}
</pre><script>Sfdump(\"sf-dump-1101540298\", {\"maxDepth\":3,\"maxStringLength\":160})</script>
","__laravel_slots":"<pre class=sf-dump id=sf-dump-1240304507 data-indent-pad=\"  \"><span class=sf-dump-note>array:2</span> [<samp data-depth=1 class=sf-dump-expanded>
  \"<span class=sf-dump-key>__default</span>\" => <span class=\"sf-dump-note sf-dump-ellipsization\" title=\"Illuminate\\View\\ComponentSlot
\"><span class=\"sf-dump-ellipsis sf-dump-ellipsis-note\">Illuminate\\View</span><span class=\"sf-dump-ellipsis sf-dump-ellipsis-note\">\\</span><span class=\"sf-dump-ellipsis-tail\">ComponentSlot</span></span> {<a class=sf-dump-ref>#1100</a><samp data-depth=2 class=sf-dump-compact>
    +<span class=sf-dump-public title=\"Public property\">attributes</span>: <span class=\"sf-dump-note sf-dump-ellipsization\" title=\"Illuminate\\View\\ComponentAttributeBag
\"><span class=\"sf-dump-ellipsis sf-dump-ellipsis-note\">Illuminate\\View</span><span class=\"sf-dump-ellipsis sf-dump-ellipsis-note\">\\</span><span class=\"sf-dump-ellipsis-tail\">ComponentAttributeBag</span></span> {<a class=sf-dump-ref>#1097</a><samp data-depth=3 class=sf-dump-compact>
      #<span class=sf-dump-protected title=\"Protected property\">attributes</span>: []
    </samp>}
    #<span class=sf-dump-protected title=\"Protected property\">contents</span>: \"\"\"
      <span class=sf-dump-str title=\"309 characters\">&lt;div class=&quot;py-12&quot;&gt;<span class=\"sf-dump-default sf-dump-ns\">\\n</span></span>
      <span class=sf-dump-str title=\"309 characters\">        &lt;div class=&quot;max-w-7xl mx-auto sm:px-6 lg:px-8&quot;&gt;<span class=\"sf-dump-default sf-dump-ns\">\\n</span></span>
      <span class=sf-dump-str title=\"309 characters\">            &lt;div class=&quot;bg-white overflow-hidden shadow-sm sm:rounded-lg&quot;&gt;<span class=\"sf-dump-default sf-dump-ns\">\\n</span></span>
      <span class=sf-dump-str title=\"309 characters\">                &lt;div class=&quot;p-6 text-gray-900&quot;&gt;<span class=\"sf-dump-default sf-dump-ns\">\\n</span></span>
      <span class=sf-dump-str title=\"309 characters\">                    You&amp;#039;re logged in!<span class=\"sf-dump-default sf-dump-ns\">\\n</span></span>
      <span class=sf-dump-str title=\"309 characters\">                &lt;/div&gt;<span class=\"sf-dump-default sf-dump-ns\">\\n</span></span>
      <span class=sf-dump-str title=\"309 characters\">            &lt;/div&gt;<span class=\"sf-dump-default sf-dump-ns\">\\n</span></span>
      <span class=sf-dump-str title=\"309 characters\">        &lt;/div&gt;<span class=\"sf-dump-default sf-dump-ns\">\\n</span></span>
      <span class=sf-dump-str title=\"309 characters\">    &lt;/div&gt;</span>
      \"\"\"
  </samp>}
  \"<span class=sf-dump-key>header</span>\" => <span class=\"sf-dump-note sf-dump-ellipsization\" title=\"Illuminate\\View\\ComponentSlot
\"><span class=\"sf-dump-ellipsis sf-dump-ellipsis-note\">Illuminate\\View</span><span class=\"sf-dump-ellipsis sf-dump-ellipsis-note\">\\</span><span class=\"sf-dump-ellipsis-tail\">ComponentSlot</span></span> {<a class=sf-dump-ref>#1102</a><samp data-depth=2 class=sf-dump-compact>
    +<span class=sf-dump-public title=\"Public property\">attributes</span>: <span class=\"sf-dump-note sf-dump-ellipsization\" title=\"Illuminate\\View\\ComponentAttributeBag
\"><span class=\"sf-dump-ellipsis sf-dump-ellipsis-note\">Illuminate\\View</span><span class=\"sf-dump-ellipsis sf-dump-ellipsis-note\">\\</span><span class=\"sf-dump-ellipsis-tail\">ComponentAttributeBag</span></span> {<a class=sf-dump-ref>#1101</a><samp data-depth=3 class=sf-dump-compact>
      #<span class=sf-dump-protected title=\"Protected property\">attributes</span>: []
    </samp>}
    #<span class=sf-dump-protected title=\"Protected property\">contents</span>: \"\"\"
      <span class=sf-dump-str title=\"98 characters\">&lt;h2 class=&quot;font-semibold text-xl text-gray-800 leading-tight&quot;&gt;<span class=\"sf-dump-default sf-dump-ns\">\\n</span></span>
      <span class=sf-dump-str title=\"98 characters\">            Dashboard<span class=\"sf-dump-default sf-dump-ns\">\\n</span></span>
      <span class=sf-dump-str title=\"98 characters\">        &lt;/h2&gt;</span>
      \"\"\"
  </samp>}
</samp>]
</pre><script>Sfdump(\"sf-dump-1240304507\", {\"maxDepth\":3,\"maxStringLength\":160})</script>
"}},"userId":1,"exception":"[object] (Spatie\\LaravelIgnition\\Exceptions\\ViewException(code: 0): Route [profile.edit] not defined. at D:/xampp/htdocs/gatewaybooks/vendor/laravel/framework/src/Illuminate/Routing/UrlGenerator.php:477)
[stacktrace]
#0 D:/xampp/htdocs/gatewaybooks/vendor/laravel/framework/src/Illuminate/Foundation/helpers.php(811): Illuminate/Routing/UrlGenerator->route('profile.edit', Array, true)
#1 D:/xampp/htdocs/gatewaybooks/resources/views/layouts/navigation.blade.php(37): route('profile.edit')
#2 D:/xampp/htdocs/gatewaybooks/vendor/laravel/framework/src/Illuminate/Filesystem/Filesystem.php(123): require('D://xampp//htdocs...')
#3 D:/xampp/htdocs/gatewaybooks/vendor/laravel/framework/src/Illuminate/Filesystem/Filesystem.php(124): Illuminate/Filesystem/Filesystem::Illuminate/Filesystem/{closure}()
#4 D:/xampp/htdocs/gatewaybooks/vendor/laravel/framework/src/Illuminate/View/Engines/PhpEngine.php(58): Illuminate/Filesystem/Filesystem->getRequire('D://xampp//htdocs...', Array)
#5 D:/xampp/htdocs/gatewaybooks/vendor/laravel/framework/src/Illuminate/View/Engines/CompilerEngine.php(72): Illuminate/View/Engines/PhpEngine->evaluatePath('D://xampp//htdocs...', Array)
#6 D:/xampp/htdocs/gatewaybooks/vendor/laravel/framework/src/Illuminate/View/View.php(207): Illuminate/View/Engines/CompilerEngine->get('D://xampp//htdocs...', Array)
#7 D:/xampp/htdocs/gatewaybooks/vendor/laravel/framework/src/Illuminate/View/View.php(190): Illuminate/View/View->getContents()
#8 D:/xampp/htdocs/gatewaybooks/vendor/laravel/framework/src/Illuminate/View/View.php(159): Illuminate/View/View->renderContents()
#9 D:/xampp/htdocs/gatewaybooks/resources/views/layouts/app.blade.php(19): Illuminate/View/View->render()
#10 D:/xampp/htdocs/gatewaybooks/vendor/laravel/framework/src/Illuminate/Filesystem/Filesystem.php(123): require('D://xampp//htdocs...')
#11 D:/xampp/htdocs/gatewaybooks/vendor/laravel/framework/src/Illuminate/Filesystem/Filesystem.php(124): Illuminate/Filesystem/Filesystem::Illuminate/Filesystem/{closure}()
#12 D:/xampp/htdocs/gatewaybooks/vendor/laravel/framework/src/Illuminate/View/Engines/PhpEngine.php(58): Illuminate/Filesystem/Filesystem->getRequire('D://xampp//htdocs...', Array)
#13 D:/xampp/htdocs/gatewaybooks/vendor/laravel/framework/src/Illuminate/View/Engines/CompilerEngine.php(72): Illuminate/View/Engines/PhpEngine->evaluatePath('D://xampp//htdocs...', Array)
#14 D:/xampp/htdocs/gatewaybooks/vendor/laravel/framework/src/Illuminate/View/View.php(207): Illuminate/View/Engines/CompilerEngine->get('D://xampp//htdocs...', Array)
#15 D:/xampp/htdocs/gatewaybooks/vendor/laravel/framework/src/Illuminate/View/View.php(190): Illuminate/View/View->getContents()
#16 D:/xampp/htdocs/gatewaybooks/vendor/laravel/framework/src/Illuminate/View/View.php(159): Illuminate/View/View->renderContents()
#17 D:/xampp/htdocs/gatewaybooks/vendor/laravel/framework/src/Illuminate/View/Concerns/ManagesComponents.php(99): Illuminate/View/View->render()
#18 D:/xampp/htdocs/gatewaybooks/resources/views/dashboard.blade.php(12): Illuminate/View/Factory->renderComponent()
#19 D:/xampp/htdocs/gatewaybooks/vendor/laravel/framework/src/Illuminate/Filesystem/Filesystem.php(123): require('D://xampp//htdocs...')
#20 D:/xampp/htdocs/gatewaybooks/vendor/laravel/framework/src/Illuminate/Filesystem/Filesystem.php(124): Illuminate/Filesystem/Filesystem::Illuminate/Filesystem/{closure}()
#21 D:/xampp/htdocs/gatewaybooks/vendor/laravel/framework/src/Illuminate/View/Engines/PhpEngine.php(58): Illuminate/Filesystem/Filesystem->getRequire('D://xampp//htdocs...', Array)
#22 D:/xampp/htdocs/gatewaybooks/vendor/laravel/framework/src/Illuminate/View/Engines/CompilerEngine.php(72): Illuminate/View/Engines/PhpEngine->evaluatePath('D://xampp//htdocs...', Array)
#23 D:/xampp/htdocs/gatewaybooks/vendor/laravel/framework/src/Illuminate/View/View.php(207): Illuminate/View/Engines/CompilerEngine->get('D://xampp//htdocs...', Array)
#24 D:/xampp/htdocs/gatewaybooks/vendor/laravel/framework/src/Illuminate/View/View.php(190): Illuminate/View/View->getContents()
#25 D:/xampp/htdocs/gatewaybooks/vendor/laravel/framework/src/Illuminate/View/View.php(159): Illuminate/View/View->renderContents()
#26 D:/xampp/htdocs/gatewaybooks/vendor/laravel/framework/src/Illuminate/Http/Response.php(69): Illuminate/View/View->render()
#27 D:/xampp/htdocs/gatewaybooks/vendor/laravel/framework/src/Illuminate/Http/Response.php(35): Illuminate/Http/Response->setContent(Object(Illuminate/View/View))
#28 D:/xampp/htdocs/gatewaybooks/vendor/laravel/framework/src/Illuminate/Routing/Router.php(918): Illuminate/Http/Response->__construct(Object(Illuminate/View/View), 200, Array)
#29 D:/xampp/htdocs/gatewaybooks/vendor/laravel/framework/src/Illuminate/Routing/Router.php(885): Illuminate/Routing/Router::toResponse(Object(Illuminate/Http/Request), Object(Illuminate/View/View))
#30 D:/xampp/htdocs/gatewaybooks/vendor/laravel/framework/src/Illuminate/Routing/Router.php(806): Illuminate/Routing/Router->prepareResponse(Object(Illuminate/Http/Request), Object(Illuminate/View/View))
#31 D:/xampp/htdocs/gatewaybooks/vendor/laravel/framework/src/Illuminate/Pipeline/Pipeline.php(144): Illuminate/Routing/Router->Illuminate/Routing/{closure}(Object(Illuminate/Http/Request))
#32 D:/xampp/htdocs/gatewaybooks/vendor/laravel/framework/src/Illuminate/Auth/Middleware/EnsureEmailIsVerified.php(41): Illuminate/Pipeline/Pipeline->Illuminate/Pipeline/{closure}(Object(Illuminate/Http/Request))
#33 D:/xampp/htdocs/gatewaybooks/vendor/laravel/framework/src/Illuminate/Pipeline/Pipeline.php(183): Illuminate/Auth/Middleware/EnsureEmailIsVerified->handle(Object(Illuminate/Http/Request), Object(Closure))
#34 D:/xampp/htdocs/gatewaybooks/vendor/laravel/framework/src/Illuminate/Routing/Middleware/SubstituteBindings.php(50): Illuminate/Pipeline/Pipeline->Illuminate/Pipeline/{closure}(Object(Illuminate/Http/Request))
#35 D:/xampp/htdocs/gatewaybooks/vendor/laravel/framework/src/Illuminate/Pipeline/Pipeline.php(183): Illuminate/Routing/Middleware/SubstituteBindings->handle(Object(Illuminate/Http/Request), Object(Closure))
#36 D:/xampp/htdocs/gatewaybooks/vendor/laravel/framework/src/Illuminate/Auth/Middleware/Authenticate.php(57): Illuminate/Pipeline/Pipeline->Illuminate/Pipeline/{closure}(Object(Illuminate/Http/Request))
#37 D:/xampp/htdocs/gatewaybooks/vendor/laravel/framework/src/Illuminate/Pipeline/Pipeline.php(183): Illuminate/Auth/Middleware/Authenticate->handle(Object(Illuminate/Http/Request), Object(Closure))
#38 D:/xampp/htdocs/gatewaybooks/vendor/laravel/framework/src/Illuminate/Foundation/Http/Middleware/VerifyCsrfToken.php(78): Illuminate/Pipeline/Pipeline->Illuminate/Pipeline/{closure}(Object(Illuminate/Http/Request))
#39 D:/xampp/htdocs/gatewaybooks/vendor/laravel/framework/src/Illuminate/Pipeline/Pipeline.php(183): Illuminate/Foundation/Http/Middleware/VerifyCsrfToken->handle(Object(Illuminate/Http/Request), Object(Closure))
#40 D:/xampp/htdocs/gatewaybooks/vendor/laravel/framework/src/Illuminate/View/Middleware/ShareErrorsFromSession.php(49): Illuminate/Pipeline/Pipeline->Illuminate/Pipeline/{closure}(Object(Illuminate/Http/Request))
#41 D:/xampp/htdocs/gatewaybooks/vendor/laravel/framework/src/Illuminate/Pipeline/Pipeline.php(183): Illuminate/View/Middleware/ShareErrorsFromSession->handle(Object(Illuminate/Http/Request), Object(Closure))
#42 D:/xampp/htdocs/gatewaybooks/vendor/laravel/framework/src/Illuminate/Session/Middleware/StartSession.php(121): Illuminate/Pipeline/Pipeline->Illuminate/Pipeline/{closure}(Object(Illuminate/Http/Request))
#43 D:/xampp/htdocs/gatewaybooks/vendor/laravel/framework/src/Illuminate/Session/Middleware/StartSession.php(64): Illuminate/Session/Middleware/StartSession->handleStatefulRequest(Object(Illuminate/Http/Request), Object(Illuminate/Session/Store), Object(Closure))
#44 D:/xampp/htdocs/gatewaybooks/vendor/laravel/framework/src/Illuminate/Pipeline/Pipeline.php(183): Illuminate/Session/Middleware/StartSession->handle(Object(Illuminate/Http/Request), Object(Closure))
#45 D:/xampp/htdocs/gatewaybooks/vendor/laravel/framework/src/Illuminate/Cookie/Middleware/AddQueuedCookiesToResponse.php(37): Illuminate/Pipeline/Pipeline->Illuminate/Pipeline/{closure}(Object(Illuminate/Http/Request))
#46 D:/xampp/htdocs/gatewaybooks/vendor/laravel/framework/src/Illuminate/Pipeline/Pipeline.php(183): Illuminate/Cookie/Middleware/AddQueuedCookiesToResponse->handle(Object(Illuminate/Http/Request), Object(Closure))
#47 D:/xampp/htdocs/gatewaybooks/vendor/laravel/framework/src/Illuminate/Cookie/Middleware/EncryptCookies.php(67): Illuminate/Pipeline/Pipeline->Illuminate/Pipeline/{closure}(Object(Illuminate/Http/Request))
#48 D:/xampp/htdocs/gatewaybooks/vendor/laravel/framework/src/Illuminate/Pipeline/Pipeline.php(183): Illuminate/Cookie/Middleware/EncryptCookies->handle(Object(Illuminate/Http/Request), Object(Closure))
#49 D:/xampp/htdocs/gatewaybooks/vendor/laravel/framework/src/Illuminate/Pipeline/Pipeline.php(119): Illuminate/Pipeline/Pipeline->Illuminate/Pipeline/{closure}(Object(Illuminate/Http/Request))
#50 D:/xampp/htdocs/gatewaybooks/vendor/laravel/framework/src/Illuminate/Routing/Router.php(807): Illuminate/Pipeline/Pipeline->then(Object(Closure))
#51 D:/xampp/htdocs/gatewaybooks/vendor/laravel/framework/src/Illuminate/Routing/Router.php(784): Illuminate/Routing/Router->runRouteWithinStack(Object(Illuminate/Routing/Route), Object(Illuminate/Http/Request))
#52 D:/xampp/htdocs/gatewaybooks/vendor/laravel/framework/src/Illuminate/Routing/Router.php(748): Illuminate/Routing/Router->runRoute(Object(Illuminate/Http/Request), Object(Illuminate/Routing/Route))
#53 D:/xampp/htdocs/gatewaybooks/vendor/laravel/framework/src/Illuminate/Routing/Router.php(737): Illuminate/Routing/Router->dispatchToRoute(Object(Illuminate/Http/Request))
#54 D:/xampp/htdocs/gatewaybooks/vendor/laravel/framework/src/Illuminate/Foundation/Http/Kernel.php(200): Illuminate/Routing/Router->dispatch(Object(Illuminate/Http/Request))
#55 D:/xampp/htdocs/gatewaybooks/vendor/laravel/framework/src/Illuminate/Pipeline/Pipeline.php(144): Illuminate/Foundation/Http/Kernel->Illuminate/Foundation/Http/{closure}(Object(Illuminate/Http/Request))
#56 D:/xampp/htdocs/gatewaybooks/vendor/laravel/framework/src/Illuminate/Foundation/Http/Middleware/TransformsRequest.php(21): Illuminate/Pipeline/Pipeline->Illuminate/Pipeline/{closure}(Object(Illuminate/Http/Request))
#57 D:/xampp/htdocs/gatewaybooks/vendor/laravel/framework/src/Illuminate/Foundation/Http/Middleware/ConvertEmptyStringsToNull.php(31): Illuminate/Foundation/Http/Middleware/TransformsRequest->handle(Object(Illuminate/Http/Request), Object(Closure))
#58 D:/xampp/htdocs/gatewaybooks/vendor/laravel/framework/src/Illuminate/Pipeline/Pipeline.php(183): Illuminate/Foundation/Http/Middleware/ConvertEmptyStringsToNull->handle(Object(Illuminate/Http/Request), Object(Closure))
#59 D:/xampp/htdocs/gatewaybooks/vendor/laravel/framework/src/Illuminate/Foundation/Http/Middleware/TransformsRequest.php(21): Illuminate/Pipeline/Pipeline->Illuminate/Pipeline/{closure}(Object(Illuminate/Http/Request))
#60 D:/xampp/htdocs/gatewaybooks/vendor/laravel/framework/src/Illuminate/Foundation/Http/Middleware/TrimStrings.php(40): Illuminate/Foundation/Http/Middleware/TransformsRequest->handle(Object(Illuminate/Http/Request), Object(Closure))
#61 D:/xampp/htdocs/gatewaybooks/vendor/laravel/framework/src/Illuminate/Pipeline/Pipeline.php(183): Illuminate/Foundation/Http/Middleware/TrimStrings->handle(Object(Illuminate/Http/Request), Object(Closure))
#62 D:/xampp/htdocs/gatewaybooks/vendor/laravel/framework/src/Illuminate/Foundation/Http/Middleware/ValidatePostSize.php(27): Illuminate/Pipeline/Pipeline->Illuminate/Pipeline/{closure}(Object(Illuminate/Http/Request))
#63 D:/xampp/htdocs/gatewaybooks/vendor/laravel/framework/src/Illuminate/Pipeline/Pipeline.php(183): Illuminate/Foundation/Http/Middleware/ValidatePostSize->handle(Object(Illuminate/Http/Request), Object(Closure))
#64 D:/xampp/htdocs/gatewaybooks/vendor/laravel/framework/src/Illuminate/Foundation/Http/Middleware/PreventRequestsDuringMaintenance.php(99): Illuminate/Pipeline/Pipeline->Illuminate/Pipeline/{closure}(Object(Illuminate/Http/Request))
#65 D:/xampp/htdocs/gatewaybooks/vendor/laravel/framework/src/Illuminate/Pipeline/Pipeline.php(183): Illuminate/Foundation/Http/Middleware/PreventRequestsDuringMaintenance->handle(Object(Illuminate/Http/Request), Object(Closure))
#66 D:/xampp/htdocs/gatewaybooks/vendor/laravel/framework/src/Illuminate/Http/Middleware/HandleCors.php(49): Illuminate/Pipeline/Pipeline->Illuminate/Pipeline/{closure}(Object(Illuminate/Http/Request))
#67 D:/xampp/htdocs/gatewaybooks/vendor/laravel/framework/src/Illuminate/Pipeline/Pipeline.php(183): Illuminate/Http/Middleware/HandleCors->handle(Object(Illuminate/Http/Request), Object(Closure))
#68 D:/xampp/htdocs/gatewaybooks/vendor/laravel/framework/src/Illuminate/Http/Middleware/TrustProxies.php(39): Illuminate/Pipeline/Pipeline->Illuminate/Pipeline/{closure}(Object(Illuminate/Http/Request))
#69 D:/xampp/htdocs/gatewaybooks/vendor/laravel/framework/src/Illuminate/Pipeline/Pipeline.php(183): Illuminate/Http/Middleware/TrustProxies->handle(Object(Illuminate/Http/Request), Object(Closure))
#70 D:/xampp/htdocs/gatewaybooks/vendor/laravel/framework/src/Illuminate/Pipeline/Pipeline.php(119): Illuminate/Pipeline/Pipeline->Illuminate/Pipeline/{closure}(Object(Illuminate/Http/Request))
#71 D:/xampp/htdocs/gatewaybooks/vendor/laravel/framework/src/Illuminate/Foundation/Http/Kernel.php(175): Illuminate/Pipeline/Pipeline->then(Object(Closure))
#72 D:/xampp/htdocs/gatewaybooks/vendor/laravel/framework/src/Illuminate/Foundation/Http/Kernel.php(144): Illuminate/Foundation/Http/Kernel->sendRequestThroughRouter(Object(Illuminate/Http/Request))
#73 D:/xampp/htdocs/gatewaybooks/public/index.php(52): Illuminate/Foundation/Http/Kernel->handle(Object(Illuminate/Http/Request))
#74 D:/xampp/htdocs/gatewaybooks/vendor/laravel/framework/src/Illuminate/Foundation/resources/server.php(16): require_once('D://xampp//htdocs...')
#75 {main}

[previous exception] [object] (Symfony\\Component\\Routing\\Exception\\RouteNotFoundException(code: 0): Route [profile.edit] not defined. at D:/xampp/htdocs/gatewaybooks/vendor/laravel/framework/src/Illuminate/Routing/UrlGenerator.php:477)
[stacktrace]
#0 D:/xampp/htdocs/gatewaybooks/vendor/laravel/framework/src/Illuminate/Foundation/helpers.php(811): Illuminate/Routing/UrlGenerator->route('profile.edit', Array, true)
#1 D:/xampp/htdocs/gatewaybooks/storage/framework/views/e0f9d0d7eb4b134bcf1c3a9cb5a680e5.php(86): route('profile.edit')
#2 D:/xampp/htdocs/gatewaybooks/vendor/laravel/framework/src/Illuminate/Filesystem/Filesystem.php(123): require('D://xampp//htdocs...')
#3 D:/xampp/htdocs/gatewaybooks/vendor/laravel/framework/src/Illuminate/Filesystem/Filesystem.php(124): Illuminate/Filesystem/Filesystem::Illuminate/Filesystem/{closure}()
#4 D:/xampp/htdocs/gatewaybooks/vendor/laravel/framework/src/Illuminate/View/Engines/PhpEngine.php(58): Illuminate/Filesystem/Filesystem->getRequire('D://xampp//htdocs...', Array)
#5 D:/xampp/htdocs/gatewaybooks/vendor/laravel/framework/src/Illuminate/View/Engines/CompilerEngine.php(72): Illuminate/View/Engines/PhpEngine->evaluatePath('D://xampp//htdocs...', Array)
#6 D:/xampp/htdocs/gatewaybooks/vendor/laravel/framework/src/Illuminate/View/View.php(207): Illuminate/View/Engines/CompilerEngine->get('D://xampp//htdocs...', Array)
#7 D:/xampp/htdocs/gatewaybooks/vendor/laravel/framework/src/Illuminate/View/View.php(190): Illuminate/View/View->getContents()
#8 D:/xampp/htdocs/gatewaybooks/vendor/laravel/framework/src/Illuminate/View/View.php(159): Illuminate/View/View->renderContents()
#9 D:/xampp/htdocs/gatewaybooks/storage/framework/views/5262b364d0ef48d310211e3405a37cb7.php(19): Illuminate/View/View->render()
#10 D:/xampp/htdocs/gatewaybooks/vendor/laravel/framework/src/Illuminate/Filesystem/Filesystem.php(123): require('D://xampp//htdocs...')
#11 D:/xampp/htdocs/gatewaybooks/vendor/laravel/framework/src/Illuminate/Filesystem/Filesystem.php(124): Illuminate/Filesystem/Filesystem::Illuminate/Filesystem/{closure}()
#12 D:/xampp/htdocs/gatewaybooks/vendor/laravel/framework/src/Illuminate/View/Engines/PhpEngine.php(58): Illuminate/Filesystem/Filesystem->getRequire('D://xampp//htdocs...', Array)
#13 D:/xampp/htdocs/gatewaybooks/vendor/laravel/framework/src/Illuminate/View/Engines/CompilerEngine.php(72): Illuminate/View/Engines/PhpEngine->evaluatePath('D://xampp//htdocs...', Array)
#14 D:/xampp/htdocs/gatewaybooks/vendor/laravel/framework/src/Illuminate/View/View.php(207): Illuminate/View/Engines/CompilerEngine->get('D://xampp//htdocs...', Array)
#15 D:/xampp/htdocs/gatewaybooks/vendor/laravel/framework/src/Illuminate/View/View.php(190): Illuminate/View/View->getContents()
#16 D:/xampp/htdocs/gatewaybooks/vendor/laravel/framework/src/Illuminate/View/View.php(159): Illuminate/View/View->renderContents()
#17 D:/xampp/htdocs/gatewaybooks/vendor/laravel/framework/src/Illuminate/View/Concerns/ManagesComponents.php(99): Illuminate/View/View->render()
#18 D:/xampp/htdocs/gatewaybooks/storage/framework/views/78a147f6325f5803c3aaba4d8b1c50b7.php(28): Illuminate/View/Factory->renderComponent()
#19 D:/xampp/htdocs/gatewaybooks/vendor/laravel/framework/src/Illuminate/Filesystem/Filesystem.php(123): require('D://xampp//htdocs...')
#20 D:/xampp/htdocs/gatewaybooks/vendor/laravel/framework/src/Illuminate/Filesystem/Filesystem.php(124): Illuminate/Filesystem/Filesystem::Illuminate/Filesystem/{closure}()
#21 D:/xampp/htdocs/gatewaybooks/vendor/laravel/framework/src/Illuminate/View/Engines/PhpEngine.php(58): Illuminate/Filesystem/Filesystem->getRequire('D://xampp//htdocs...', Array)
#22 D:/xampp/htdocs/gatewaybooks/vendor/laravel/framework/src/Illuminate/View/Engines/CompilerEngine.php(72): Illuminate/View/Engines/PhpEngine->evaluatePath('D://xampp//htdocs...', Array)
#23 D:/xampp/htdocs/gatewaybooks/vendor/laravel/framework/src/Illuminate/View/View.php(207): Illuminate/View/Engines/CompilerEngine->get('D://xampp//htdocs...', Array)
#24 D:/xampp/htdocs/gatewaybooks/vendor/laravel/framework/src/Illuminate/View/View.php(190): Illuminate/View/View->getContents()
#25 D:/xampp/htdocs/gatewaybooks/vendor/laravel/framework/src/Illuminate/View/View.php(159): Illuminate/View/View->renderContents()
#26 D:/xampp/htdocs/gatewaybooks/vendor/laravel/framework/src/Illuminate/Http/Response.php(69): Illuminate/View/View->render()
#27 D:/xampp/htdocs/gatewaybooks/vendor/laravel/framework/src/Illuminate/Http/Response.php(35): Illuminate/Http/Response->setContent(Object(Illuminate/View/View))
#28 D:/xampp/htdocs/gatewaybooks/vendor/laravel/framework/src/Illuminate/Routing/Router.php(918): Illuminate/Http/Response->__construct(Object(Illuminate/View/View), 200, Array)
#29 D:/xampp/htdocs/gatewaybooks/vendor/laravel/framework/src/Illuminate/Routing/Router.php(885): Illuminate/Routing/Router::toResponse(Object(Illuminate/Http/Request), Object(Illuminate/View/View))
#30 D:/xampp/htdocs/gatewaybooks/vendor/laravel/framework/src/Illuminate/Routing/Router.php(806): Illuminate/Routing/Router->prepareResponse(Object(Illuminate/Http/Request), Object(Illuminate/View/View))
#31 D:/xampp/htdocs/gatewaybooks/vendor/laravel/framework/src/Illuminate/Pipeline/Pipeline.php(144): Illuminate/Routing/Router->Illuminate/Routing/{closure}(Object(Illuminate/Http/Request))
#32 D:/xampp/htdocs/gatewaybooks/vendor/laravel/framework/src/Illuminate/Auth/Middleware/EnsureEmailIsVerified.php(41): Illuminate/Pipeline/Pipeline->Illuminate/Pipeline/{closure}(Object(Illuminate/Http/Request))
#33 D:/xampp/htdocs/gatewaybooks/vendor/laravel/framework/src/Illuminate/Pipeline/Pipeline.php(183): Illuminate/Auth/Middleware/EnsureEmailIsVerified->handle(Object(Illuminate/Http/Request), Object(Closure))
#34 D:/xampp/htdocs/gatewaybooks/vendor/laravel/framework/src/Illuminate/Routing/Middleware/SubstituteBindings.php(50): Illuminate/Pipeline/Pipeline->Illuminate/Pipeline/{closure}(Object(Illuminate/Http/Request))
#35 D:/xampp/htdocs/gatewaybooks/vendor/laravel/framework/src/Illuminate/Pipeline/Pipeline.php(183): Illuminate/Routing/Middleware/SubstituteBindings->handle(Object(Illuminate/Http/Request), Object(Closure))
#36 D:/xampp/htdocs/gatewaybooks/vendor/laravel/framework/src/Illuminate/Auth/Middleware/Authenticate.php(57): Illuminate/Pipeline/Pipeline->Illuminate/Pipeline/{closure}(Object(Illuminate/Http/Request))
#37 D:/xampp/htdocs/gatewaybooks/vendor/laravel/framework/src/Illuminate/Pipeline/Pipeline.php(183): Illuminate/Auth/Middleware/Authenticate->handle(Object(Illuminate/Http/Request), Object(Closure))
#38 D:/xampp/htdocs/gatewaybooks/vendor/laravel/framework/src/Illuminate/Foundation/Http/Middleware/VerifyCsrfToken.php(78): Illuminate/Pipeline/Pipeline->Illuminate/Pipeline/{closure}(Object(Illuminate/Http/Request))
#39 D:/xampp/htdocs/gatewaybooks/vendor/laravel/framework/src/Illuminate/Pipeline/Pipeline.php(183): Illuminate/Foundation/Http/Middleware/VerifyCsrfToken->handle(Object(Illuminate/Http/Request), Object(Closure))
#40 D:/xampp/htdocs/gatewaybooks/vendor/laravel/framework/src/Illuminate/View/Middleware/ShareErrorsFromSession.php(49): Illuminate/Pipeline/Pipeline->Illuminate/Pipeline/{closure}(Object(Illuminate/Http/Request))
#41 D:/xampp/htdocs/gatewaybooks/vendor/laravel/framework/src/Illuminate/Pipeline/Pipeline.php(183): Illuminate/View/Middleware/ShareErrorsFromSession->handle(Object(Illuminate/Http/Request), Object(Closure))
#42 D:/xampp/htdocs/gatewaybooks/vendor/laravel/framework/src/Illuminate/Session/Middleware/StartSession.php(121): Illuminate/Pipeline/Pipeline->Illuminate/Pipeline/{closure}(Object(Illuminate/Http/Request))
#43 D:/xampp/htdocs/gatewaybooks/vendor/laravel/framework/src/Illuminate/Session/Middleware/StartSession.php(64): Illuminate/Session/Middleware/StartSession->handleStatefulRequest(Object(Illuminate/Http/Request), Object(Illuminate/Session/Store), Object(Closure))
#44 D:/xampp/htdocs/gatewaybooks/vendor/laravel/framework/src/Illuminate/Pipeline/Pipeline.php(183): Illuminate/Session/Middleware/StartSession->handle(Object(Illuminate/Http/Request), Object(Closure))
#45 D:/xampp/htdocs/gatewaybooks/vendor/laravel/framework/src/Illuminate/Cookie/Middleware/AddQueuedCookiesToResponse.php(37): Illuminate/Pipeline/Pipeline->Illuminate/Pipeline/{closure}(Object(Illuminate/Http/Request))
#46 D:/xampp/htdocs/gatewaybooks/vendor/laravel/framework/src/Illuminate/Pipeline/Pipeline.php(183): Illuminate/Cookie/Middleware/AddQueuedCookiesToResponse->handle(Object(Illuminate/Http/Request), Object(Closure))
#47 D:/xampp/htdocs/gatewaybooks/vendor/laravel/framework/src/Illuminate/Cookie/Middleware/EncryptCookies.php(67): Illuminate/Pipeline/Pipeline->Illuminate/Pipeline/{closure}(Object(Illuminate/Http/Request))
#48 D:/xampp/htdocs/gatewaybooks/vendor/laravel/framework/src/Illuminate/Pipeline/Pipeline.php(183): Illuminate/Cookie/Middleware/EncryptCookies->handle(Object(Illuminate/Http/Request), Object(Closure))
#49 D:/xampp/htdocs/gatewaybooks/vendor/laravel/framework/src/Illuminate/Pipeline/Pipeline.php(119): Illuminate/Pipeline/Pipeline->Illuminate/Pipeline/{closure}(Object(Illuminate/Http/Request))
#50 D:/xampp/htdocs/gatewaybooks/vendor/laravel/framework/src/Illuminate/Routing/Router.php(807): Illuminate/Pipeline/Pipeline->then(Object(Closure))
#51 D:/xampp/htdocs/gatewaybooks/vendor/laravel/framework/src/Illuminate/Routing/Router.php(784): Illuminate/Routing/Router->runRouteWithinStack(Object(Illuminate/Routing/Route), Object(Illuminate/Http/Request))
#52 D:/xampp/htdocs/gatewaybooks/vendor/laravel/framework/src/Illuminate/Routing/Router.php(748): Illuminate/Routing/Router->runRoute(Object(Illuminate/Http/Request), Object(Illuminate/Routing/Route))
#53 D:/xampp/htdocs/gatewaybooks/vendor/laravel/framework/src/Illuminate/Routing/Router.php(737): Illuminate/Routing/Router->dispatchToRoute(Object(Illuminate/Http/Request))
#54 D:/xampp/htdocs/gatewaybooks/vendor/laravel/framework/src/Illuminate/Foundation/Http/Kernel.php(200): Illuminate/Routing/Router->dispatch(Object(Illuminate/Http/Request))
#55 D:/xampp/htdocs/gatewaybooks/vendor/laravel/framework/src/Illuminate/Pipeline/Pipeline.php(144): Illuminate/Foundation/Http/Kernel->Illuminate/Foundation/Http/{closure}(Object(Illuminate/Http/Request))
#56 D:/xampp/htdocs/gatewaybooks/vendor/laravel/framework/src/Illuminate/Foundation/Http/Middleware/TransformsRequest.php(21): Illuminate/Pipeline/Pipeline->Illuminate/Pipeline/{closure}(Object(Illuminate/Http/Request))
#57 D:/xampp/htdocs/gatewaybooks/vendor/laravel/framework/src/Illuminate/Foundation/Http/Middleware/ConvertEmptyStringsToNull.php(31): Illuminate/Foundation/Http/Middleware/TransformsRequest->handle(Object(Illuminate/Http/Request), Object(Closure))
#58 D:/xampp/htdocs/gatewaybooks/vendor/laravel/framework/src/Illuminate/Pipeline/Pipeline.php(183): Illuminate/Foundation/Http/Middleware/ConvertEmptyStringsToNull->handle(Object(Illuminate/Http/Request), Object(Closure))
#59 D:/xampp/htdocs/gatewaybooks/vendor/laravel/framework/src/Illuminate/Foundation/Http/Middleware/TransformsRequest.php(21): Illuminate/Pipeline/Pipeline->Illuminate/Pipeline/{closure}(Object(Illuminate/Http/Request))
#60 D:/xampp/htdocs/gatewaybooks/vendor/laravel/framework/src/Illuminate/Foundation/Http/Middleware/TrimStrings.php(40): Illuminate/Foundation/Http/Middleware/TransformsRequest->handle(Object(Illuminate/Http/Request), Object(Closure))
#61 D:/xampp/htdocs/gatewaybooks/vendor/laravel/framework/src/Illuminate/Pipeline/Pipeline.php(183): Illuminate/Foundation/Http/Middleware/TrimStrings->handle(Object(Illuminate/Http/Request), Object(Closure))
#62 D:/xampp/htdocs/gatewaybooks/vendor/laravel/framework/src/Illuminate/Foundation/Http/Middleware/ValidatePostSize.php(27): Illuminate/Pipeline/Pipeline->Illuminate/Pipeline/{closure}(Object(Illuminate/Http/Request))
#63 D:/xampp/htdocs/gatewaybooks/vendor/laravel/framework/src/Illuminate/Pipeline/Pipeline.php(183): Illuminate/Foundation/Http/Middleware/ValidatePostSize->handle(Object(Illuminate/Http/Request), Object(Closure))
#64 D:/xampp/htdocs/gatewaybooks/vendor/laravel/framework/src/Illuminate/Foundation/Http/Middleware/PreventRequestsDuringMaintenance.php(99): Illuminate/Pipeline/Pipeline->Illuminate/Pipeline/{closure}(Object(Illuminate/Http/Request))
#65 D:/xampp/htdocs/gatewaybooks/vendor/laravel/framework/src/Illuminate/Pipeline/Pipeline.php(183): Illuminate/Foundation/Http/Middleware/PreventRequestsDuringMaintenance->handle(Object(Illuminate/Http/Request), Object(Closure))
#66 D:/xampp/htdocs/gatewaybooks/vendor/laravel/framework/src/Illuminate/Http/Middleware/HandleCors.php(49): Illuminate/Pipeline/Pipeline->Illuminate/Pipeline/{closure}(Object(Illuminate/Http/Request))
#67 D:/xampp/htdocs/gatewaybooks/vendor/laravel/framework/src/Illuminate/Pipeline/Pipeline.php(183): Illuminate/Http/Middleware/HandleCors->handle(Object(Illuminate/Http/Request), Object(Closure))
#68 D:/xampp/htdocs/gatewaybooks/vendor/laravel/framework/src/Illuminate/Http/Middleware/TrustProxies.php(39): Illuminate/Pipeline/Pipeline->Illuminate/Pipeline/{closure}(Object(Illuminate/Http/Request))
#69 D:/xampp/htdocs/gatewaybooks/vendor/laravel/framework/src/Illuminate/Pipeline/Pipeline.php(183): Illuminate/Http/Middleware/TrustProxies->handle(Object(Illuminate/Http/Request), Object(Closure))
#70 D:/xampp/htdocs/gatewaybooks/vendor/laravel/framework/src/Illuminate/Pipeline/Pipeline.php(119): Illuminate/Pipeline/Pipeline->Illuminate/Pipeline/{closure}(Object(Illuminate/Http/Request))
#71 D:/xampp/htdocs/gatewaybooks/vendor/laravel/framework/src/Illuminate/Foundation/Http/Kernel.php(175): Illuminate/Pipeline/Pipeline->then(Object(Closure))
#72 D:/xampp/htdocs/gatewaybooks/vendor/laravel/framework/src/Illuminate/Foundation/Http/Kernel.php(144): Illuminate/Foundation/Http/Kernel->sendRequestThroughRouter(Object(Illuminate/Http/Request))
#73 D:/xampp/htdocs/gatewaybooks/public/index.php(52): Illuminate/Foundation/Http/Kernel->handle(Object(Illuminate/Http/Request))
#74 D:/xampp/htdocs/gatewaybooks/vendor/laravel/framework/src/Illuminate/Foundation/resources/server.php(16): require_once('D://xampp//htdocs...')
#75 {main}
"} 
[2026-09-01 09:38:31] local.ERROR: Attempt to read property "user_img" on null {"view":{"view":"D:\\xampp\\htdocs\\gatewaybooks\\resources\\views\\admin\\layout\\master.blade.php","data":{"errors":"<pre class=sf-dump id=sf-dump-1476438419 data-indent-pad=\"  \"><span class=sf-dump-note>Illuminate\\Support\\ViewErrorBag</span> {<a class=sf-dump-ref>#362</a><samp data-depth=1 class=sf-dump-expanded>
  #<span class=sf-dump-protected title=\"Protected property\">bags</span>: []
</samp>}
</pre><script>Sfdump(\"sf-dump-1476438419\", {\"maxDepth\":3,\"maxStringLength\":160})</script>
","books":"<pre class=sf-dump id=sf-dump-78370021 data-indent-pad=\"  \"><span class=sf-dump-note>Illuminate\\Pagination\\LengthAwarePaginator</span> {<a class=sf-dump-ref>#391</a><samp data-depth=1 class=sf-dump-expanded>
  #<span class=sf-dump-protected title=\"Protected property\">items</span>: <span class=\"sf-dump-note sf-dump-ellipsization\" title=\"Illuminate\\Database\\Eloquent\\Collection
\"><span class=\"sf-dump-ellipsis sf-dump-ellipsis-note\">Illuminate\\Database\\Eloquent</span><span class=\"sf-dump-ellipsis sf-dump-ellipsis-note\">\\</span><span class=\"sf-dump-ellipsis-tail\">Collection</span></span> {<a class=sf-dump-ref>#399</a><samp data-depth=2 class=sf-dump-compact>
    #<span class=sf-dump-protected title=\"Protected property\">items</span>: <span class=sf-dump-note>array:15</span> [<samp data-depth=3 class=sf-dump-compact>
      <span class=sf-dump-index>0</span> => <span class=\"sf-dump-note sf-dump-ellipsization\" title=\"App\\Models\\Book
\"><span class=\"sf-dump-ellipsis sf-dump-ellipsis-note\">App\\Models</span><span class=\"sf-dump-ellipsis sf-dump-ellipsis-note\">\\</span><span class=\"sf-dump-ellipsis-tail\">Book</span></span> {<a class=sf-dump-ref>#401</a> &#8230;30}
      <span class=sf-dump-index>1</span> => <span class=\"sf-dump-note sf-dump-ellipsization\" title=\"App\\Models\\Book
\"><span class=\"sf-dump-ellipsis sf-dump-ellipsis-note\">App\\Models</span><span class=\"sf-dump-ellipsis sf-dump-ellipsis-note\">\\</span><span class=\"sf-dump-ellipsis-tail\">Book</span></span> {<a class=sf-dump-ref>#402</a> &#8230;30}
      <span class=sf-dump-index>2</span> => <span class=\"sf-dump-note sf-dump-ellipsization\" title=\"App\\Models\\Book
\"><span class=\"sf-dump-ellipsis sf-dump-ellipsis-note\">App\\Models</span><span class=\"sf-dump-ellipsis sf-dump-ellipsis-note\">\\</span><span class=\"sf-dump-ellipsis-tail\">Book</span></span> {<a class=sf-dump-ref>#403</a> &#8230;30}
      <span class=sf-dump-index>3</span> => <span class=\"sf-dump-note sf-dump-ellipsization\" title=\"App\\Models\\Book
\"><span class=\"sf-dump-ellipsis sf-dump-ellipsis-note\">App\\Models</span><span class=\"sf-dump-ellipsis sf-dump-ellipsis-note\">\\</span><span class=\"sf-dump-ellipsis-tail\">Book</span></span> {<a class=sf-dump-ref>#404</a> &#8230;30}
      <span class=sf-dump-index>4</span> => <span class=\"sf-dump-note sf-dump-ellipsization\" title=\"App\\Models\\Book
\"><span class=\"sf-dump-ellipsis sf-dump-ellipsis-note\">App\\Models</span><span class=\"sf-dump-ellipsis sf-dump-ellipsis-note\">\\</span><span class=\"sf-dump-ellipsis-tail\">Book</span></span> {<a class=sf-dump-ref>#405</a> &#8230;30}
      <span class=sf-dump-index>5</span> => <span class=\"sf-dump-note sf-dump-ellipsization\" title=\"App\\Models\\Book
\"><span class=\"sf-dump-ellipsis sf-dump-ellipsis-note\">App\\Models</span><span class=\"sf-dump-ellipsis sf-dump-ellipsis-note\">\\</span><span class=\"sf-dump-ellipsis-tail\">Book</span></span> {<a class=sf-dump-ref>#406</a> &#8230;30}
      <span class=sf-dump-index>6</span> => <span class=\"sf-dump-note sf-dump-ellipsization\" title=\"App\\Models\\Book
\"><span class=\"sf-dump-ellipsis sf-dump-ellipsis-note\">App\\Models</span><span class=\"sf-dump-ellipsis sf-dump-ellipsis-note\">\\</span><span class=\"sf-dump-ellipsis-tail\">Book</span></span> {<a class=sf-dump-ref>#407</a> &#8230;30}
      <span class=sf-dump-index>7</span> => <span class=\"sf-dump-note sf-dump-ellipsization\" title=\"App\\Models\\Book
\"><span class=\"sf-dump-ellipsis sf-dump-ellipsis-note\">App\\Models</span><span class=\"sf-dump-ellipsis sf-dump-ellipsis-note\">\\</span><span class=\"sf-dump-ellipsis-tail\">Book</span></span> {<a class=sf-dump-ref>#408</a> &#8230;30}
      <span class=sf-dump-index>8</span> => <span class=\"sf-dump-note sf-dump-ellipsization\" title=\"App\\Models\\Book
\"><span class=\"sf-dump-ellipsis sf-dump-ellipsis-note\">App\\Models</span><span class=\"sf-dump-ellipsis sf-dump-ellipsis-note\">\\</span><span class=\"sf-dump-ellipsis-tail\">Book</span></span> {<a class=sf-dump-ref>#409</a> &#8230;30}
      <span class=sf-dump-index>9</span> => <span class=\"sf-dump-note sf-dump-ellipsization\" title=\"App\\Models\\Book
\"><span class=\"sf-dump-ellipsis sf-dump-ellipsis-note\">App\\Models</span><span class=\"sf-dump-ellipsis sf-dump-ellipsis-note\">\\</span><span class=\"sf-dump-ellipsis-tail\">Book</span></span> {<a class=sf-dump-ref>#410</a> &#8230;30}
      <span class=sf-dump-index>10</span> => <span class=\"sf-dump-note sf-dump-ellipsization\" title=\"App\\Models\\Book
\"><span class=\"sf-dump-ellipsis sf-dump-ellipsis-note\">App\\Models</span><span class=\"sf-dump-ellipsis sf-dump-ellipsis-note\">\\</span><span class=\"sf-dump-ellipsis-tail\">Book</span></span> {<a class=sf-dump-ref>#411</a> &#8230;30}
      <span class=sf-dump-index>11</span> => <span class=\"sf-dump-note sf-dump-ellipsization\" title=\"App\\Models\\Book
\"><span class=\"sf-dump-ellipsis sf-dump-ellipsis-note\">App\\Models</span><span class=\"sf-dump-ellipsis sf-dump-ellipsis-note\">\\</span><span class=\"sf-dump-ellipsis-tail\">Book</span></span> {<a class=sf-dump-ref>#412</a> &#8230;30}
      <span class=sf-dump-index>12</span> => <span class=\"sf-dump-note sf-dump-ellipsization\" title=\"App\\Models\\Book
\"><span class=\"sf-dump-ellipsis sf-dump-ellipsis-note\">App\\Models</span><span class=\"sf-dump-ellipsis sf-dump-ellipsis-note\">\\</span><span class=\"sf-dump-ellipsis-tail\">Book</span></span> {<a class=sf-dump-ref>#413</a> &#8230;30}
      <span class=sf-dump-index>13</span> => <span class=\"sf-dump-note sf-dump-ellipsization\" title=\"App\\Models\\Book
\"><span class=\"sf-dump-ellipsis sf-dump-ellipsis-note\">App\\Models</span><span class=\"sf-dump-ellipsis sf-dump-ellipsis-note\">\\</span><span class=\"sf-dump-ellipsis-tail\">Book</span></span> {<a class=sf-dump-ref>#414</a> &#8230;30}
      <span class=sf-dump-index>14</span> => <span class=\"sf-dump-note sf-dump-ellipsization\" title=\"App\\Models\\Book
\"><span class=\"sf-dump-ellipsis sf-dump-ellipsis-note\">App\\Models</span><span class=\"sf-dump-ellipsis sf-dump-ellipsis-note\">\\</span><span class=\"sf-dump-ellipsis-tail\">Book</span></span> {<a class=sf-dump-ref>#415</a> &#8230;30}
    </samp>]
    #<span class=sf-dump-protected title=\"Protected property\">escapeWhenCastingToString</span>: <span class=sf-dump-const>false</span>
  </samp>}
  #<span class=sf-dump-protected title=\"Protected property\">perPage</span>: <span class=sf-dump-num>15</span>
  #<span class=sf-dump-protected title=\"Protected property\">currentPage</span>: <span class=sf-dump-num>1</span>
  #<span class=sf-dump-protected title=\"Protected property\">path</span>: \"<span class=sf-dump-str title=\"32 characters\">http://127.0.0.1:8000/admin/book</span>\"
  #<span class=sf-dump-protected title=\"Protected property\">query</span>: []
  #<span class=sf-dump-protected title=\"Protected property\">fragment</span>: <span class=sf-dump-const>null</span>
  #<span class=sf-dump-protected title=\"Protected property\">pageName</span>: \"<span class=sf-dump-str title=\"4 characters\">page</span>\"
  +<span class=sf-dump-public title=\"Public property\">onEachSide</span>: <span class=sf-dump-num>3</span>
  #<span class=sf-dump-protected title=\"Protected property\">options</span>: <span class=sf-dump-note>array:2</span> [<samp data-depth=2 class=sf-dump-compact>
    \"<span class=sf-dump-key>path</span>\" => \"<span class=sf-dump-str title=\"32 characters\">http://127.0.0.1:8000/admin/book</span>\"
    \"<span class=sf-dump-key>pageName</span>\" => \"<span class=sf-dump-str title=\"4 characters\">page</span>\"
  </samp>]
  #<span class=sf-dump-protected title=\"Protected property\">total</span>: <span class=sf-dump-num>50</span>
  #<span class=sf-dump-protected title=\"Protected property\">lastPage</span>: <span class=sf-dump-num>4</span>
</samp>}
</pre><script>Sfdump(\"sf-dump-78370021\", {\"maxDepth\":3,\"maxStringLength\":160})</script>
","__currentLoopData":"<pre class=sf-dump id=sf-dump-1275899831 data-indent-pad=\"  \"><span class=sf-dump-note>Illuminate\\Pagination\\LengthAwarePaginator</span> {<a class=sf-dump-ref>#391</a><samp data-depth=1 class=sf-dump-expanded>
  #<span class=sf-dump-protected title=\"Protected property\">items</span>: <span class=\"sf-dump-note sf-dump-ellipsization\" title=\"Illuminate\\Database\\Eloquent\\Collection
\"><span class=\"sf-dump-ellipsis sf-dump-ellipsis-note\">Illuminate\\Database\\Eloquent</span><span class=\"sf-dump-ellipsis sf-dump-ellipsis-note\">\\</span><span class=\"sf-dump-ellipsis-tail\">Collection</span></span> {<a class=sf-dump-ref>#399</a><samp data-depth=2 class=sf-dump-compact>
    #<span class=sf-dump-protected title=\"Protected property\">items</span>: <span class=sf-dump-note>array:15</span> [<samp data-depth=3 class=sf-dump-compact>
      <span class=sf-dump-index>0</span> => <span class=\"sf-dump-note sf-dump-ellipsization\" title=\"App\\Models\\Book
\"><span class=\"sf-dump-ellipsis sf-dump-ellipsis-note\">App\\Models</span><span class=\"sf-dump-ellipsis sf-dump-ellipsis-note\">\\</span><span class=\"sf-dump-ellipsis-tail\">Book</span></span> {<a class=sf-dump-ref>#401</a> &#8230;30}
      <span class=sf-dump-index>1</span> => <span class=\"sf-dump-note sf-dump-ellipsization\" title=\"App\\Models\\Book
\"><span class=\"sf-dump-ellipsis sf-dump-ellipsis-note\">App\\Models</span><span class=\"sf-dump-ellipsis sf-dump-ellipsis-note\">\\</span><span class=\"sf-dump-ellipsis-tail\">Book</span></span> {<a class=sf-dump-ref>#402</a> &#8230;30}
      <span class=sf-dump-index>2</span> => <span class=\"sf-dump-note sf-dump-ellipsization\" title=\"App\\Models\\Book
\"><span class=\"sf-dump-ellipsis sf-dump-ellipsis-note\">App\\Models</span><span class=\"sf-dump-ellipsis sf-dump-ellipsis-note\">\\</span><span class=\"sf-dump-ellipsis-tail\">Book</span></span> {<a class=sf-dump-ref>#403</a> &#8230;30}
      <span class=sf-dump-index>3</span> => <span class=\"sf-dump-note sf-dump-ellipsization\" title=\"App\\Models\\Book
\"><span class=\"sf-dump-ellipsis sf-dump-ellipsis-note\">App\\Models</span><span class=\"sf-dump-ellipsis sf-dump-ellipsis-note\">\\</span><span class=\"sf-dump-ellipsis-tail\">Book</span></span> {<a class=sf-dump-ref>#404</a> &#8230;30}
      <span class=sf-dump-index>4</span> => <span class=\"sf-dump-note sf-dump-ellipsization\" title=\"App\\Models\\Book
\"><span class=\"sf-dump-ellipsis sf-dump-ellipsis-note\">App\\Models</span><span class=\"sf-dump-ellipsis sf-dump-ellipsis-note\">\\</span><span class=\"sf-dump-ellipsis-tail\">Book</span></span> {<a class=sf-dump-ref>#405</a> &#8230;30}
      <span class=sf-dump-index>5</span> => <span class=\"sf-dump-note sf-dump-ellipsization\" title=\"App\\Models\\Book
\"><span class=\"sf-dump-ellipsis sf-dump-ellipsis-note\">App\\Models</span><span class=\"sf-dump-ellipsis sf-dump-ellipsis-note\">\\</span><span class=\"sf-dump-ellipsis-tail\">Book</span></span> {<a class=sf-dump-ref>#406</a> &#8230;30}
      <span class=sf-dump-index>6</span> => <span class=\"sf-dump-note sf-dump-ellipsization\" title=\"App\\Models\\Book
\"><span class=\"sf-dump-ellipsis sf-dump-ellipsis-note\">App\\Models</span><span class=\"sf-dump-ellipsis sf-dump-ellipsis-note\">\\</span><span class=\"sf-dump-ellipsis-tail\">Book</span></span> {<a class=sf-dump-ref>#407</a> &#8230;30}
      <span class=sf-dump-index>7</span> => <span class=\"sf-dump-note sf-dump-ellipsization\" title=\"App\\Models\\Book
\"><span class=\"sf-dump-ellipsis sf-dump-ellipsis-note\">App\\Models</span><span class=\"sf-dump-ellipsis sf-dump-ellipsis-note\">\\</span><span class=\"sf-dump-ellipsis-tail\">Book</span></span> {<a class=sf-dump-ref>#408</a> &#8230;30}
      <span class=sf-dump-index>8</span> => <span class=\"sf-dump-note sf-dump-ellipsization\" title=\"App\\Models\\Book
\"><span class=\"sf-dump-ellipsis sf-dump-ellipsis-note\">App\\Models</span><span class=\"sf-dump-ellipsis sf-dump-ellipsis-note\">\\</span><span class=\"sf-dump-ellipsis-tail\">Book</span></span> {<a class=sf-dump-ref>#409</a> &#8230;30}
      <span class=sf-dump-index>9</span> => <span class=\"sf-dump-note sf-dump-ellipsization\" title=\"App\\Models\\Book
\"><span class=\"sf-dump-ellipsis sf-dump-ellipsis-note\">App\\Models</span><span class=\"sf-dump-ellipsis sf-dump-ellipsis-note\">\\</span><span class=\"sf-dump-ellipsis-tail\">Book</span></span> {<a class=sf-dump-ref>#410</a> &#8230;30}
      <span class=sf-dump-index>10</span> => <span class=\"sf-dump-note sf-dump-ellipsization\" title=\"App\\Models\\Book
\"><span class=\"sf-dump-ellipsis sf-dump-ellipsis-note\">App\\Models</span><span class=\"sf-dump-ellipsis sf-dump-ellipsis-note\">\\</span><span class=\"sf-dump-ellipsis-tail\">Book</span></span> {<a class=sf-dump-ref>#411</a> &#8230;30}
      <span class=sf-dump-index>11</span> => <span class=\"sf-dump-note sf-dump-ellipsization\" title=\"App\\Models\\Book
\"><span class=\"sf-dump-ellipsis sf-dump-ellipsis-note\">App\\Models</span><span class=\"sf-dump-ellipsis sf-dump-ellipsis-note\">\\</span><span class=\"sf-dump-ellipsis-tail\">Book</span></span> {<a class=sf-dump-ref>#412</a> &#8230;30}
      <span class=sf-dump-index>12</span> => <span class=\"sf-dump-note sf-dump-ellipsization\" title=\"App\\Models\\Book
\"><span class=\"sf-dump-ellipsis sf-dump-ellipsis-note\">App\\Models</span><span class=\"sf-dump-ellipsis sf-dump-ellipsis-note\">\\</span><span class=\"sf-dump-ellipsis-tail\">Book</span></span> {<a class=sf-dump-ref>#413</a> &#8230;30}
      <span class=sf-dump-index>13</span> => <span class=\"sf-dump-note sf-dump-ellipsization\" title=\"App\\Models\\Book
\"><span class=\"sf-dump-ellipsis sf-dump-ellipsis-note\">App\\Models</span><span class=\"sf-dump-ellipsis sf-dump-ellipsis-note\">\\</span><span class=\"sf-dump-ellipsis-tail\">Book</span></span> {<a class=sf-dump-ref>#414</a> &#8230;30}
      <span class=sf-dump-index>14</span> => <span class=\"sf-dump-note sf-dump-ellipsization\" title=\"App\\Models\\Book
\"><span class=\"sf-dump-ellipsis sf-dump-ellipsis-note\">App\\Models</span><span class=\"sf-dump-ellipsis sf-dump-ellipsis-note\">\\</span><span class=\"sf-dump-ellipsis-tail\">Book</span></span> {<a class=sf-dump-ref>#415</a> &#8230;30}
    </samp>]
    #<span class=sf-dump-protected title=\"Protected property\">escapeWhenCastingToString</span>: <span class=sf-dump-const>false</span>
  </samp>}
  #<span class=sf-dump-protected title=\"Protected property\">perPage</span>: <span class=sf-dump-num>15</span>
  #<span class=sf-dump-protected title=\"Protected property\">currentPage</span>: <span class=sf-dump-num>1</span>
  #<span class=sf-dump-protected title=\"Protected property\">path</span>: \"<span class=sf-dump-str title=\"32 characters\">http://127.0.0.1:8000/admin/book</span>\"
  #<span class=sf-dump-protected title=\"Protected property\">query</span>: []
  #<span class=sf-dump-protected title=\"Protected property\">fragment</span>: <span class=sf-dump-const>null</span>
  #<span class=sf-dump-protected title=\"Protected property\">pageName</span>: \"<span class=sf-dump-str title=\"4 characters\">page</span>\"
  +<span class=sf-dump-public title=\"Public property\">onEachSide</span>: <span class=sf-dump-num>3</span>
  #<span class=sf-dump-protected title=\"Protected property\">options</span>: <span class=sf-dump-note>array:2</span> [<samp data-depth=2 class=sf-dump-compact>
    \"<span class=sf-dump-key>path</span>\" => \"<span class=sf-dump-str title=\"32 characters\">http://127.0.0.1:8000/admin/book</span>\"
    \"<span class=sf-dump-key>pageName</span>\" => \"<span class=sf-dump-str title=\"4 characters\">page</span>\"
  </samp>]
  #<span class=sf-dump-protected title=\"Protected property\">total</span>: <span class=sf-dump-num>50</span>
  #<span class=sf-dump-protected title=\"Protected property\">lastPage</span>: <span class=sf-dump-num>4</span>
</samp>}
</pre><script>Sfdump(\"sf-dump-1275899831\", {\"maxDepth\":3,\"maxStringLength\":160})</script>
","book":"<pre class=sf-dump id=sf-dump-893509008 data-indent-pad=\"  \"><span class=sf-dump-note>App\\Models\\Book</span> {<a class=sf-dump-ref>#415</a><samp data-depth=1 class=sf-dump-expanded>
  #<span class=sf-dump-protected title=\"Protected property\">connection</span>: \"<span class=sf-dump-str title=\"5 characters\">mysql</span>\"
  #<span class=sf-dump-protected title=\"Protected property\">table</span>: \"<span class=sf-dump-str title=\"4 characters\">book</span>\"
  #<span class=sf-dump-protected title=\"Protected property\">primaryKey</span>: \"<span class=sf-dump-str title=\"2 characters\">id</span>\"
  #<span class=sf-dump-protected title=\"Protected property\">keyType</span>: \"<span class=sf-dump-str title=\"3 characters\">int</span>\"
  +<span class=sf-dump-public title=\"Public property\">incrementing</span>: <span class=sf-dump-const>true</span>
  #<span class=sf-dump-protected title=\"Protected property\">with</span>: []
  #<span class=sf-dump-protected title=\"Protected property\">withCount</span>: []
  +<span class=sf-dump-public title=\"Public property\">preventsLazyLoading</span>: <span class=sf-dump-const>false</span>
  #<span class=sf-dump-protected title=\"Protected property\">perPage</span>: <span class=sf-dump-num>15</span>
  +<span class=sf-dump-public title=\"Public property\">exists</span>: <span class=sf-dump-const>true</span>
  +<span class=sf-dump-public title=\"Public property\">wasRecentlyCreated</span>: <span class=sf-dump-const>false</span>
  #<span class=sf-dump-protected title=\"Protected property\">escapeWhenCastingToString</span>: <span class=sf-dump-const>false</span>
  #<span class=sf-dump-protected title=\"Protected property\">attributes</span>: <span class=sf-dump-note>array:25</span> [<samp data-depth=2 class=sf-dump-compact>
    \"<span class=sf-dump-key>id</span>\" => <span class=sf-dump-num>15</span>
    \"<span class=sf-dump-key>category_id</span>\" => <span class=sf-dump-num>32</span>
    \"<span class=sf-dump-key>author_id</span>\" => <span class=sf-dump-num>46</span>
    \"<span class=sf-dump-key>title</span>\" => \"<span class=sf-dump-str title=\"12 characters\">Isai Murazik</span>\"
    \"<span class=sf-dump-key>slug</span>\" => \"<span class=sf-dump-str title=\"12 characters\">isai-murazik</span>\"
    \"<span class=sf-dump-key>availability</span>\" => \"<span class=sf-dump-str title=\"12 characters\">out of Stock</span>\"
    \"<span class=sf-dump-key>price</span>\" => \"<span class=sf-dump-str title=\"4 characters\">9110</span>\"
    \"<span class=sf-dump-key>rating</span>\" => \"<span class=sf-dump-str title=\"6 characters\">rating</span>\"
    \"<span class=sf-dump-key>publisher</span>\" => \"<span class=sf-dump-str title=\"12 characters\">Kris-Roberts</span>\"
    \"<span class=sf-dump-key>country_of_publisher</span>\" => \"<span class=sf-dump-str title=\"6 characters\">Taiwan</span>\"
    \"<span class=sf-dump-key>isbn</span>\" => \"<span class=sf-dump-str title=\"13 characters\">9789058585271</span>\"
    \"<span class=sf-dump-key>isbn-10</span>\" => \"<span class=sf-dump-str title=\"10 characters\">4157141180</span>\"
    \"<span class=sf-dump-key>audience</span>\" => \"<span class=sf-dump-str title=\"4 characters\">Kids</span>\"
    \"<span class=sf-dump-key>format</span>\" => \"<span class=sf-dump-str title=\"5 characters\">eBook</span>\"
    \"<span class=sf-dump-key>language</span>\" => \"<span class=sf-dump-str title=\"2 characters\">sc</span>\"
    \"<span class=sf-dump-key>description</span>\" => \"<span class=sf-dump-str title=\"162 characters\">Sed modi odit et qui ut doloremque ut error. Autem mollitia rem et voluptates ipsum est nulla. Veniam odit necessitatibus fuga enim quasi excepturi magnam maxime.</span>\"
    \"<span class=sf-dump-key>book_upload</span>\" => \"<span class=sf-dump-str title=\"12 characters\">No pdf found</span>\"
    \"<span class=sf-dump-key>book_img</span>\" => \"<span class=sf-dump-str title=\"14 characters\">No image found</span>\"
    \"<span class=sf-dump-key>total_pages</span>\" => \"<span class=sf-dump-str title=\"3 characters\">143</span>\"
    \"<span class=sf-dump-key>downloaded</span>\" => \"<span class=sf-dump-str title=\"3 characters\">152</span>\"
    \"<span class=sf-dump-key>edition_number</span>\" => \"<span class=sf-dump-str title=\"11 characters\">3rd Edition</span>\"
    \"<span class=sf-dump-key>recommended</span>\" => \"<span class=sf-dump-str>1</span>\"
    \"<span class=sf-dump-key>status</span>\" => \"<span class=sf-dump-str title=\"8 characters\">DEACTIVE</span>\"
    \"<span class=sf-dump-key>created_at</span>\" => \"<span class=sf-dump-str title=\"19 characters\">2026-08-29 18:14:14</span>\"
    \"<span class=sf-dump-key>updated_at</span>\" => \"<span class=sf-dump-str title=\"19 characters\">2026-08-29 18:14:14</span>\"
  </samp>]
  #<span class=sf-dump-protected title=\"Protected property\">original</span>: <span class=sf-dump-note>array:25</span> [<samp data-depth=2 class=sf-dump-compact>
    \"<span class=sf-dump-key>id</span>\" => <span class=sf-dump-num>15</span>
    \"<span class=sf-dump-key>category_id</span>\" => <span class=sf-dump-num>32</span>
    \"<span class=sf-dump-key>author_id</span>\" => <span class=sf-dump-num>46</span>
    \"<span class=sf-dump-key>title</span>\" => \"<span class=sf-dump-str title=\"12 characters\">Isai Murazik</span>\"
    \"<span class=sf-dump-key>slug</span>\" => \"<span class=sf-dump-str title=\"12 characters\">isai-murazik</span>\"
    \"<span class=sf-dump-key>availability</span>\" => \"<span class=sf-dump-str title=\"12 characters\">out of Stock</span>\"
    \"<span class=sf-dump-key>price</span>\" => \"<span class=sf-dump-str title=\"4 characters\">9110</span>\"
    \"<span class=sf-dump-key>rating</span>\" => \"<span class=sf-dump-str title=\"6 characters\">rating</span>\"
    \"<span class=sf-dump-key>publisher</span>\" => \"<span class=sf-dump-str title=\"12 characters\">Kris-Roberts</span>\"
    \"<span class=sf-dump-key>country_of_publisher</span>\" => \"<span class=sf-dump-str title=\"6 characters\">Taiwan</span>\"
    \"<span class=sf-dump-key>isbn</span>\" => \"<span class=sf-dump-str title=\"13 characters\">9789058585271</span>\"
    \"<span class=sf-dump-key>isbn-10</span>\" => \"<span class=sf-dump-str title=\"10 characters\">4157141180</span>\"
    \"<span class=sf-dump-key>audience</span>\" => \"<span class=sf-dump-str title=\"4 characters\">Kids</span>\"
    \"<span class=sf-dump-key>format</span>\" => \"<span class=sf-dump-str title=\"5 characters\">eBook</span>\"
    \"<span class=sf-dump-key>language</span>\" => \"<span class=sf-dump-str title=\"2 characters\">sc</span>\"
    \"<span class=sf-dump-key>description</span>\" => \"<span class=sf-dump-str title=\"162 characters\">Sed modi odit et qui ut doloremque ut error. Autem mollitia rem et voluptates ipsum est nulla. Veniam odit necessitatibus fuga enim quasi excepturi magnam maxime.</span>\"
    \"<span class=sf-dump-key>book_upload</span>\" => \"<span class=sf-dump-str title=\"12 characters\">No pdf found</span>\"
    \"<span class=sf-dump-key>book_img</span>\" => \"<span class=sf-dump-str title=\"14 characters\">No image found</span>\"
    \"<span class=sf-dump-key>total_pages</span>\" => \"<span class=sf-dump-str title=\"3 characters\">143</span>\"
    \"<span class=sf-dump-key>downloaded</span>\" => \"<span class=sf-dump-str title=\"3 characters\">152</span>\"
    \"<span class=sf-dump-key>edition_number</span>\" => \"<span class=sf-dump-str title=\"11 characters\">3rd Edition</span>\"
    \"<span class=sf-dump-key>recommended</span>\" => \"<span class=sf-dump-str>1</span>\"
    \"<span class=sf-dump-key>status</span>\" => \"<span class=sf-dump-str title=\"8 characters\">DEACTIVE</span>\"
    \"<span class=sf-dump-key>created_at</span>\" => \"<span class=sf-dump-str title=\"19 characters\">2026-08-29 18:14:14</span>\"
    \"<span class=sf-dump-key>updated_at</span>\" => \"<span class=sf-dump-str title=\"19 characters\">2026-08-29 18:14:14</span>\"
  </samp>]
  #<span class=sf-dump-protected title=\"Protected property\">changes</span>: []
  #<span class=sf-dump-protected title=\"Protected property\">casts</span>: []
  #<span class=sf-dump-protected title=\"Protected property\">classCastCache</span>: []
  #<span class=sf-dump-protected title=\"Protected property\">attributeCastCache</span>: []
  #<span class=sf-dump-protected title=\"Protected property\">dateFormat</span>: <span class=sf-dump-const>null</span>
  #<span class=sf-dump-protected title=\"Protected property\">appends</span>: []
  #<span class=sf-dump-protected title=\"Protected property\">dispatchesEvents</span>: []
  #<span class=sf-dump-protected title=\"Protected property\">observables</span>: []
  #<span class=sf-dump-protected title=\"Protected property\">relations</span>: []
  #<span class=sf-dump-protected title=\"Protected property\">touches</span>: []
  +<span class=sf-dump-public title=\"Public property\">timestamps</span>: <span class=sf-dump-const>true</span>
  +<span class=sf-dump-public title=\"Public property\">usesUniqueIds</span>: <span class=sf-dump-const>false</span>
  #<span class=sf-dump-protected title=\"Protected property\">hidden</span>: []
  #<span class=sf-dump-protected title=\"Protected property\">visible</span>: []
  #<span class=sf-dump-protected title=\"Protected property\">fillable</span>: []
  #<span class=sf-dump-protected title=\"Protected property\">guarded</span>: []
</samp>}
</pre><script>Sfdump(\"sf-dump-893509008\", {\"maxDepth\":3,\"maxStringLength\":160})</script>
","loop":"<pre class=sf-dump id=sf-dump-1053374702 data-indent-pad=\"  \"><span class=sf-dump-const>null</span>
</pre><script>Sfdump(\"sf-dump-1053374702\", {\"maxDepth\":3,\"maxStringLength\":160})</script>
"}},"exception":"[object] (Spatie\\LaravelIgnition\\Exceptions\\ViewException(code: 0): Attempt to read property \"user_img\" on null at D:/xampp/htdocs/gatewaybooks/resources/views/admin/layout/master.blade.php:70)
[stacktrace]
#0 D:/xampp/htdocs/gatewaybooks/vendor/laravel/framework/src/Illuminate/Filesystem/Filesystem.php(123): require('D://xampp//htdocs...')
#1 D:/xampp/htdocs/gatewaybooks/vendor/laravel/framework/src/Illuminate/Filesystem/Filesystem.php(124): Illuminate/Filesystem/Filesystem::Illuminate/Filesystem/{closure}()
#2 D:/xampp/htdocs/gatewaybooks/vendor/laravel/framework/src/Illuminate/View/Engines/PhpEngine.php(58): Illuminate/Filesystem/Filesystem->getRequire('D://xampp//htdocs...', Array)
#3 D:/xampp/htdocs/gatewaybooks/vendor/laravel/framework/src/Illuminate/View/Engines/CompilerEngine.php(72): Illuminate/View/Engines/PhpEngine->evaluatePath('D://xampp//htdocs...', Array)
#4 D:/xampp/htdocs/gatewaybooks/vendor/laravel/framework/src/Illuminate/View/View.php(207): Illuminate/View/Engines/CompilerEngine->get('D://xampp//htdocs...', Array)
#5 D:/xampp/htdocs/gatewaybooks/vendor/laravel/framework/src/Illuminate/View/View.php(190): Illuminate/View/View->getContents()
#6 D:/xampp/htdocs/gatewaybooks/vendor/laravel/framework/src/Illuminate/View/View.php(159): Illuminate/View/View->renderContents()
#7 D:/xampp/htdocs/gatewaybooks/resources/views/admin/book/index.blade.php(91): Illuminate/View/View->render()
#8 D:/xampp/htdocs/gatewaybooks/vendor/laravel/framework/src/Illuminate/Filesystem/Filesystem.php(123): require('D://xampp//htdocs...')
#9 D:/xampp/htdocs/gatewaybooks/vendor/laravel/framework/src/Illuminate/Filesystem/Filesystem.php(124): Illuminate/Filesystem/Filesystem::Illuminate/Filesystem/{closure}()
#10 D:/xampp/htdocs/gatewaybooks/vendor/laravel/framework/src/Illuminate/View/Engines/PhpEngine.php(58): Illuminate/Filesystem/Filesystem->getRequire('D://xampp//htdocs...', Array)
#11 D:/xampp/htdocs/gatewaybooks/vendor/laravel/framework/src/Illuminate/View/Engines/CompilerEngine.php(72): Illuminate/View/Engines/PhpEngine->evaluatePath('D://xampp//htdocs...', Array)
#12 D:/xampp/htdocs/gatewaybooks/vendor/laravel/framework/src/Illuminate/View/View.php(207): Illuminate/View/Engines/CompilerEngine->get('D://xampp//htdocs...', Array)
#13 D:/xampp/htdocs/gatewaybooks/vendor/laravel/framework/src/Illuminate/View/View.php(190): Illuminate/View/View->getContents()
#14 D:/xampp/htdocs/gatewaybooks/vendor/laravel/framework/src/Illuminate/View/View.php(159): Illuminate/View/View->renderContents()
#15 D:/xampp/htdocs/gatewaybooks/vendor/laravel/framework/src/Illuminate/Http/Response.php(69): Illuminate/View/View->render()
#16 D:/xampp/htdocs/gatewaybooks/vendor/laravel/framework/src/Illuminate/Http/Response.php(35): Illuminate/Http/Response->setContent(Object(Illuminate/View/View))
#17 D:/xampp/htdocs/gatewaybooks/vendor/laravel/framework/src/Illuminate/Routing/Router.php(918): Illuminate/Http/Response->__construct(Object(Illuminate/View/View), 200, Array)
#18 D:/xampp/htdocs/gatewaybooks/vendor/laravel/framework/src/Illuminate/Routing/Router.php(885): Illuminate/Routing/Router::toResponse(Object(Illuminate/Http/Request), Object(Illuminate/View/View))
#19 D:/xampp/htdocs/gatewaybooks/vendor/laravel/framework/src/Illuminate/Routing/Router.php(806): Illuminate/Routing/Router->prepareResponse(Object(Illuminate/Http/Request), Object(Illuminate/View/View))
#20 D:/xampp/htdocs/gatewaybooks/vendor/laravel/framework/src/Illuminate/Pipeline/Pipeline.php(144): Illuminate/Routing/Router->Illuminate/Routing/{closure}(Object(Illuminate/Http/Request))
#21 D:/xampp/htdocs/gatewaybooks/vendor/laravel/framework/src/Illuminate/Routing/Middleware/SubstituteBindings.php(50): Illuminate/Pipeline/Pipeline->Illuminate/Pipeline/{closure}(Object(Illuminate/Http/Request))
#22 D:/xampp/htdocs/gatewaybooks/vendor/laravel/framework/src/Illuminate/Pipeline/Pipeline.php(183): Illuminate/Routing/Middleware/SubstituteBindings->handle(Object(Illuminate/Http/Request), Object(Closure))
#23 D:/xampp/htdocs/gatewaybooks/vendor/laravel/framework/src/Illuminate/Foundation/Http/Middleware/VerifyCsrfToken.php(78): Illuminate/Pipeline/Pipeline->Illuminate/Pipeline/{closure}(Object(Illuminate/Http/Request))
#24 D:/xampp/htdocs/gatewaybooks/vendor/laravel/framework/src/Illuminate/Pipeline/Pipeline.php(183): Illuminate/Foundation/Http/Middleware/VerifyCsrfToken->handle(Object(Illuminate/Http/Request), Object(Closure))
#25 D:/xampp/htdocs/gatewaybooks/vendor/laravel/framework/src/Illuminate/View/Middleware/ShareErrorsFromSession.php(49): Illuminate/Pipeline/Pipeline->Illuminate/Pipeline/{closure}(Object(Illuminate/Http/Request))
#26 D:/xampp/htdocs/gatewaybooks/vendor/laravel/framework/src/Illuminate/Pipeline/Pipeline.php(183): Illuminate/View/Middleware/ShareErrorsFromSession->handle(Object(Illuminate/Http/Request), Object(Closure))
#27 D:/xampp/htdocs/gatewaybooks/vendor/laravel/framework/src/Illuminate/Session/Middleware/StartSession.php(121): Illuminate/Pipeline/Pipeline->Illuminate/Pipeline/{closure}(Object(Illuminate/Http/Request))
#28 D:/xampp/htdocs/gatewaybooks/vendor/laravel/framework/src/Illuminate/Session/Middleware/StartSession.php(64): Illuminate/Session/Middleware/StartSession->handleStatefulRequest(Object(Illuminate/Http/Request), Object(Illuminate/Session/Store), Object(Closure))
#29 D:/xampp/htdocs/gatewaybooks/vendor/laravel/framework/src/Illuminate/Pipeline/Pipeline.php(183): Illuminate/Session/Middleware/StartSession->handle(Object(Illuminate/Http/Request), Object(Closure))
#30 D:/xampp/htdocs/gatewaybooks/vendor/laravel/framework/src/Illuminate/Cookie/Middleware/AddQueuedCookiesToResponse.php(37): Illuminate/Pipeline/Pipeline->Illuminate/Pipeline/{closure}(Object(Illuminate/Http/Request))
#31 D:/xampp/htdocs/gatewaybooks/vendor/laravel/framework/src/Illuminate/Pipeline/Pipeline.php(183): Illuminate/Cookie/Middleware/AddQueuedCookiesToResponse->handle(Object(Illuminate/Http/Request), Object(Closure))
#32 D:/xampp/htdocs/gatewaybooks/vendor/laravel/framework/src/Illuminate/Cookie/Middleware/EncryptCookies.php(67): Illuminate/Pipeline/Pipeline->Illuminate/Pipeline/{closure}(Object(Illuminate/Http/Request))
#33 D:/xampp/htdocs/gatewaybooks/vendor/laravel/framework/src/Illuminate/Pipeline/Pipeline.php(183): Illuminate/Cookie/Middleware/EncryptCookies->handle(Object(Illuminate/Http/Request), Object(Closure))
#34 D:/xampp/htdocs/gatewaybooks/vendor/laravel/framework/src/Illuminate/Pipeline/Pipeline.php(119): Illuminate/Pipeline/Pipeline->Illuminate/Pipeline/{closure}(Object(Illuminate/Http/Request))
#35 D:/xampp/htdocs/gatewaybooks/vendor/laravel/framework/src/Illuminate/Routing/Router.php(807): Illuminate/Pipeline/Pipeline->then(Object(Closure))
#36 D:/xampp/htdocs/gatewaybooks/vendor/laravel/framework/src/Illuminate/Routing/Router.php(784): Illuminate/Routing/Router->runRouteWithinStack(Object(Illuminate/Routing/Route), Object(Illuminate/Http/Request))
#37 D:/xampp/htdocs/gatewaybooks/vendor/laravel/framework/src/Illuminate/Routing/Router.php(748): Illuminate/Routing/Router->runRoute(Object(Illuminate/Http/Request), Object(Illuminate/Routing/Route))
#38 D:/xampp/htdocs/gatewaybooks/vendor/laravel/framework/src/Illuminate/Routing/Router.php(737): Illuminate/Routing/Router->dispatchToRoute(Object(Illuminate/Http/Request))
#39 D:/xampp/htdocs/gatewaybooks/vendor/laravel/framework/src/Illuminate/Foundation/Http/Kernel.php(200): Illuminate/Routing/Router->dispatch(Object(Illuminate/Http/Request))
#40 D:/xampp/htdocs/gatewaybooks/vendor/laravel/framework/src/Illuminate/Pipeline/Pipeline.php(144): Illuminate/Foundation/Http/Kernel->Illuminate/Foundation/Http/{closure}(Object(Illuminate/Http/Request))
#41 D:/xampp/htdocs/gatewaybooks/vendor/laravel/framework/src/Illuminate/Foundation/Http/Middleware/TransformsRequest.php(21): Illuminate/Pipeline/Pipeline->Illuminate/Pipeline/{closure}(Object(Illuminate/Http/Request))
#42 D:/xampp/htdocs/gatewaybooks/vendor/laravel/framework/src/Illuminate/Foundation/Http/Middleware/ConvertEmptyStringsToNull.php(31): Illuminate/Foundation/Http/Middleware/TransformsRequest->handle(Object(Illuminate/Http/Request), Object(Closure))
#43 D:/xampp/htdocs/gatewaybooks/vendor/laravel/framework/src/Illuminate/Pipeline/Pipeline.php(183): Illuminate/Foundation/Http/Middleware/ConvertEmptyStringsToNull->handle(Object(Illuminate/Http/Request), Object(Closure))
#44 D:/xampp/htdocs/gatewaybooks/vendor/laravel/framework/src/Illuminate/Foundation/Http/Middleware/TransformsRequest.php(21): Illuminate/Pipeline/Pipeline->Illuminate/Pipeline/{closure}(Object(Illuminate/Http/Request))
#45 D:/xampp/htdocs/gatewaybooks/vendor/laravel/framework/src/Illuminate/Foundation/Http/Middleware/TrimStrings.php(40): Illuminate/Foundation/Http/Middleware/TransformsRequest->handle(Object(Illuminate/Http/Request), Object(Closure))
#46 D:/xampp/htdocs/gatewaybooks/vendor/laravel/framework/src/Illuminate/Pipeline/Pipeline.php(183): Illuminate/Foundation/Http/Middleware/TrimStrings->handle(Object(Illuminate/Http/Request), Object(Closure))
#47 D:/xampp/htdocs/gatewaybooks/vendor/laravel/framework/src/Illuminate/Foundation/Http/Middleware/ValidatePostSize.php(27): Illuminate/Pipeline/Pipeline->Illuminate/Pipeline/{closure}(Object(Illuminate/Http/Request))
#48 D:/xampp/htdocs/gatewaybooks/vendor/laravel/framework/src/Illuminate/Pipeline/Pipeline.php(183): Illuminate/Foundation/Http/Middleware/ValidatePostSize->handle(Object(Illuminate/Http/Request), Object(Closure))
#49 D:/xampp/htdocs/gatewaybooks/vendor/laravel/framework/src/Illuminate/Foundation/Http/Middleware/PreventRequestsDuringMaintenance.php(99): Illuminate/Pipeline/Pipeline->Illuminate/Pipeline/{closure}(Object(Illuminate/Http/Request))
#50 D:/xampp/htdocs/gatewaybooks/vendor/laravel/framework/src/Illuminate/Pipeline/Pipeline.php(183): Illuminate/Foundation/Http/Middleware/PreventRequestsDuringMaintenance->handle(Object(Illuminate/Http/Request), Object(Closure))
#51 D:/xampp/htdocs/gatewaybooks/vendor/laravel/framework/src/Illuminate/Http/Middleware/HandleCors.php(49): Illuminate/Pipeline/Pipeline->Illuminate/Pipeline/{closure}(Object(Illuminate/Http/Request))
#52 D:/xampp/htdocs/gatewaybooks/vendor/laravel/framework/src/Illuminate/Pipeline/Pipeline.php(183): Illuminate/Http/Middleware/HandleCors->handle(Object(Illuminate/Http/Request), Object(Closure))
#53 D:/xampp/htdocs/gatewaybooks/vendor/laravel/framework/src/Illuminate/Http/Middleware/TrustProxies.php(39): Illuminate/Pipeline/Pipeline->Illuminate/Pipeline/{closure}(Object(Illuminate/Http/Request))
#54 D:/xampp/htdocs/gatewaybooks/vendor/laravel/framework/src/Illuminate/Pipeline/Pipeline.php(183): Illuminate/Http/Middleware/TrustProxies->handle(Object(Illuminate/Http/Request), Object(Closure))
#55 D:/xampp/htdocs/gatewaybooks/vendor/laravel/framework/src/Illuminate/Pipeline/Pipeline.php(119): Illuminate/Pipeline/Pipeline->Illuminate/Pipeline/{closure}(Object(Illuminate/Http/Request))
#56 D:/xampp/htdocs/gatewaybooks/vendor/laravel/framework/src/Illuminate/Foundation/Http/Kernel.php(175): Illuminate/Pipeline/Pipeline->then(Object(Closure))
#57 D:/xampp/htdocs/gatewaybooks/vendor/laravel/framework/src/Illuminate/Foundation/Http/Kernel.php(144): Illuminate/Foundation/Http/Kernel->sendRequestThroughRouter(Object(Illuminate/Http/Request))
#58 D:/xampp/htdocs/gatewaybooks/public/index.php(52): Illuminate/Foundation/Http/Kernel->handle(Object(Illuminate/Http/Request))
#59 D:/xampp/htdocs/gatewaybooks/vendor/laravel/framework/src/Illuminate/Foundation/resources/server.php(16): require_once('D://xampp//htdocs...')
#60 {main}

[previous exception] [object] (ErrorException(code: 0): Attempt to read property \"user_img\" on null at D:/xampp/htdocs/gatewaybooks/storage/framework/views/1b9a783da950bd953626e2e61042f4af.php:70)
[stacktrace]
#0 D:/xampp/htdocs/gatewaybooks/vendor/laravel/framework/src/Illuminate/Foundation/Bootstrap/HandleExceptions.php(255): Illuminate/Foundation/Bootstrap/HandleExceptions->handleError(2, 'Attempt to read...', 'D://xampp//htdocs...', 70)
#1 D:/xampp/htdocs/gatewaybooks/storage/framework/views/1b9a783da950bd953626e2e61042f4af.php(70): Illuminate/Foundation/Bootstrap/HandleExceptions->Illuminate/Foundation/Bootstrap/{closure}(2, 'Attempt to read...', 'D://xampp//htdocs...', 70)
#2 D:/xampp/htdocs/gatewaybooks/vendor/laravel/framework/src/Illuminate/Filesystem/Filesystem.php(123): require('D://xampp//htdocs...')
#3 D:/xampp/htdocs/gatewaybooks/vendor/laravel/framework/src/Illuminate/Filesystem/Filesystem.php(124): Illuminate/Filesystem/Filesystem::Illuminate/Filesystem/{closure}()
#4 D:/xampp/htdocs/gatewaybooks/vendor/laravel/framework/src/Illuminate/View/Engines/PhpEngine.php(58): Illuminate/Filesystem/Filesystem->getRequire('D://xampp//htdocs...', Array)
#5 D:/xampp/htdocs/gatewaybooks/vendor/laravel/framework/src/Illuminate/View/Engines/CompilerEngine.php(72): Illuminate/View/Engines/PhpEngine->evaluatePath('D://xampp//htdocs...', Array)
#6 D:/xampp/htdocs/gatewaybooks/vendor/laravel/framework/src/Illuminate/View/View.php(207): Illuminate/View/Engines/CompilerEngine->get('D://xampp//htdocs...', Array)
#7 D:/xampp/htdocs/gatewaybooks/vendor/laravel/framework/src/Illuminate/View/View.php(190): Illuminate/View/View->getContents()
#8 D:/xampp/htdocs/gatewaybooks/vendor/laravel/framework/src/Illuminate/View/View.php(159): Illuminate/View/View->renderContents()
#9 D:/xampp/htdocs/gatewaybooks/storage/framework/views/b8f916e0e68871521a93a2bc6a04dcf6.php(93): Illuminate/View/View->render()
#10 D:/xampp/htdocs/gatewaybooks/vendor/laravel/framework/src/Illuminate/Filesystem/Filesystem.php(123): require('D://xampp//htdocs...')
#11 D:/xampp/htdocs/gatewaybooks/vendor/laravel/framework/src/Illuminate/Filesystem/Filesystem.php(124): Illuminate/Filesystem/Filesystem::Illuminate/Filesystem/{closure}()
#12 D:/xampp/htdocs/gatewaybooks/vendor/laravel/framework/src/Illuminate/View/Engines/PhpEngine.php(58): Illuminate/Filesystem/Filesystem->getRequire('D://xampp//htdocs...', Array)
#13 D:/xampp/htdocs/gatewaybooks/vendor/laravel/framework/src/Illuminate/View/Engines/CompilerEngine.php(72): Illuminate/View/Engines/PhpEngine->evaluatePath('D://xampp//htdocs...', Array)
#14 D:/xampp/htdocs/gatewaybooks/vendor/laravel/framework/src/Illuminate/View/View.php(207): Illuminate/View/Engines/CompilerEngine->get('D://xampp//htdocs...', Array)
#15 D:/xampp/htdocs/gatewaybooks/vendor/laravel/framework/src/Illuminate/View/View.php(190): Illuminate/View/View->getContents()
#16 D:/xampp/htdocs/gatewaybooks/vendor/laravel/framework/src/Illuminate/View/View.php(159): Illuminate/View/View->renderContents()
#17 D:/xampp/htdocs/gatewaybooks/vendor/laravel/framework/src/Illuminate/Http/Response.php(69): Illuminate/View/View->render()
#18 D:/xampp/htdocs/gatewaybooks/vendor/laravel/framework/src/Illuminate/Http/Response.php(35): Illuminate/Http/Response->setContent(Object(Illuminate/View/View))
#19 D:/xampp/htdocs/gatewaybooks/vendor/laravel/framework/src/Illuminate/Routing/Router.php(918): Illuminate/Http/Response->__construct(Object(Illuminate/View/View), 200, Array)
#20 D:/xampp/htdocs/gatewaybooks/vendor/laravel/framework/src/Illuminate/Routing/Router.php(885): Illuminate/Routing/Router::toResponse(Object(Illuminate/Http/Request), Object(Illuminate/View/View))
#21 D:/xampp/htdocs/gatewaybooks/vendor/laravel/framework/src/Illuminate/Routing/Router.php(806): Illuminate/Routing/Router->prepareResponse(Object(Illuminate/Http/Request), Object(Illuminate/View/View))
#22 D:/xampp/htdocs/gatewaybooks/vendor/laravel/framework/src/Illuminate/Pipeline/Pipeline.php(144): Illuminate/Routing/Router->Illuminate/Routing/{closure}(Object(Illuminate/Http/Request))
#23 D:/xampp/htdocs/gatewaybooks/vendor/laravel/framework/src/Illuminate/Routing/Middleware/SubstituteBindings.php(50): Illuminate/Pipeline/Pipeline->Illuminate/Pipeline/{closure}(Object(Illuminate/Http/Request))
#24 D:/xampp/htdocs/gatewaybooks/vendor/laravel/framework/src/Illuminate/Pipeline/Pipeline.php(183): Illuminate/Routing/Middleware/SubstituteBindings->handle(Object(Illuminate/Http/Request), Object(Closure))
#25 D:/xampp/htdocs/gatewaybooks/vendor/laravel/framework/src/Illuminate/Foundation/Http/Middleware/VerifyCsrfToken.php(78): Illuminate/Pipeline/Pipeline->Illuminate/Pipeline/{closure}(Object(Illuminate/Http/Request))
#26 D:/xampp/htdocs/gatewaybooks/vendor/laravel/framework/src/Illuminate/Pipeline/Pipeline.php(183): Illuminate/Foundation/Http/Middleware/VerifyCsrfToken->handle(Object(Illuminate/Http/Request), Object(Closure))
#27 D:/xampp/htdocs/gatewaybooks/vendor/laravel/framework/src/Illuminate/View/Middleware/ShareErrorsFromSession.php(49): Illuminate/Pipeline/Pipeline->Illuminate/Pipeline/{closure}(Object(Illuminate/Http/Request))
#28 D:/xampp/htdocs/gatewaybooks/vendor/laravel/framework/src/Illuminate/Pipeline/Pipeline.php(183): Illuminate/View/Middleware/ShareErrorsFromSession->handle(Object(Illuminate/Http/Request), Object(Closure))
#29 D:/xampp/htdocs/gatewaybooks/vendor/laravel/framework/src/Illuminate/Session/Middleware/StartSession.php(121): Illuminate/Pipeline/Pipeline->Illuminate/Pipeline/{closure}(Object(Illuminate/Http/Request))
#30 D:/xampp/htdocs/gatewaybooks/vendor/laravel/framework/src/Illuminate/Session/Middleware/StartSession.php(64): Illuminate/Session/Middleware/StartSession->handleStatefulRequest(Object(Illuminate/Http/Request), Object(Illuminate/Session/Store), Object(Closure))
#31 D:/xampp/htdocs/gatewaybooks/vendor/laravel/framework/src/Illuminate/Pipeline/Pipeline.php(183): Illuminate/Session/Middleware/StartSession->handle(Object(Illuminate/Http/Request), Object(Closure))
#32 D:/xampp/htdocs/gatewaybooks/vendor/laravel/framework/src/Illuminate/Cookie/Middleware/AddQueuedCookiesToResponse.php(37): Illuminate/Pipeline/Pipeline->Illuminate/Pipeline/{closure}(Object(Illuminate/Http/Request))
#33 D:/xampp/htdocs/gatewaybooks/vendor/laravel/framework/src/Illuminate/Pipeline/Pipeline.php(183): Illuminate/Cookie/Middleware/AddQueuedCookiesToResponse->handle(Object(Illuminate/Http/Request), Object(Closure))
#34 D:/xampp/htdocs/gatewaybooks/vendor/laravel/framework/src/Illuminate/Cookie/Middleware/EncryptCookies.php(67): Illuminate/Pipeline/Pipeline->Illuminate/Pipeline/{closure}(Object(Illuminate/Http/Request))
#35 D:/xampp/htdocs/gatewaybooks/vendor/laravel/framework/src/Illuminate/Pipeline/Pipeline.php(183): Illuminate/Cookie/Middleware/EncryptCookies->handle(Object(Illuminate/Http/Request), Object(Closure))
#36 D:/xampp/htdocs/gatewaybooks/vendor/laravel/framework/src/Illuminate/Pipeline/Pipeline.php(119): Illuminate/Pipeline/Pipeline->Illuminate/Pipeline/{closure}(Object(Illuminate/Http/Request))
#37 D:/xampp/htdocs/gatewaybooks/vendor/laravel/framework/src/Illuminate/Routing/Router.php(807): Illuminate/Pipeline/Pipeline->then(Object(Closure))
#38 D:/xampp/htdocs/gatewaybooks/vendor/laravel/framework/src/Illuminate/Routing/Router.php(784): Illuminate/Routing/Router->runRouteWithinStack(Object(Illuminate/Routing/Route), Object(Illuminate/Http/Request))
#39 D:/xampp/htdocs/gatewaybooks/vendor/laravel/framework/src/Illuminate/Routing/Router.php(748): Illuminate/Routing/Router->runRoute(Object(Illuminate/Http/Request), Object(Illuminate/Routing/Route))
#40 D:/xampp/htdocs/gatewaybooks/vendor/laravel/framework/src/Illuminate/Routing/Router.php(737): Illuminate/Routing/Router->dispatchToRoute(Object(Illuminate/Http/Request))
#41 D:/xampp/htdocs/gatewaybooks/vendor/laravel/framework/src/Illuminate/Foundation/Http/Kernel.php(200): Illuminate/Routing/Router->dispatch(Object(Illuminate/Http/Request))
#42 D:/xampp/htdocs/gatewaybooks/vendor/laravel/framework/src/Illuminate/Pipeline/Pipeline.php(144): Illuminate/Foundation/Http/Kernel->Illuminate/Foundation/Http/{closure}(Object(Illuminate/Http/Request))
#43 D:/xampp/htdocs/gatewaybooks/vendor/laravel/framework/src/Illuminate/Foundation/Http/Middleware/TransformsRequest.php(21): Illuminate/Pipeline/Pipeline->Illuminate/Pipeline/{closure}(Object(Illuminate/Http/Request))
#44 D:/xampp/htdocs/gatewaybooks/vendor/laravel/framework/src/Illuminate/Foundation/Http/Middleware/ConvertEmptyStringsToNull.php(31): Illuminate/Foundation/Http/Middleware/TransformsRequest->handle(Object(Illuminate/Http/Request), Object(Closure))
#45 D:/xampp/htdocs/gatewaybooks/vendor/laravel/framework/src/Illuminate/Pipeline/Pipeline.php(183): Illuminate/Foundation/Http/Middleware/ConvertEmptyStringsToNull->handle(Object(Illuminate/Http/Request), Object(Closure))
#46 D:/xampp/htdocs/gatewaybooks/vendor/laravel/framework/src/Illuminate/Foundation/Http/Middleware/TransformsRequest.php(21): Illuminate/Pipeline/Pipeline->Illuminate/Pipeline/{closure}(Object(Illuminate/Http/Request))
#47 D:/xampp/htdocs/gatewaybooks/vendor/laravel/framework/src/Illuminate/Foundation/Http/Middleware/TrimStrings.php(40): Illuminate/Foundation/Http/Middleware/TransformsRequest->handle(Object(Illuminate/Http/Request), Object(Closure))
#48 D:/xampp/htdocs/gatewaybooks/vendor/laravel/framework/src/Illuminate/Pipeline/Pipeline.php(183): Illuminate/Foundation/Http/Middleware/TrimStrings->handle(Object(Illuminate/Http/Request), Object(Closure))
#49 D:/xampp/htdocs/gatewaybooks/vendor/laravel/framework/src/Illuminate/Foundation/Http/Middleware/ValidatePostSize.php(27): Illuminate/Pipeline/Pipeline->Illuminate/Pipeline/{closure}(Object(Illuminate/Http/Request))
#50 D:/xampp/htdocs/gatewaybooks/vendor/laravel/framework/src/Illuminate/Pipeline/Pipeline.php(183): Illuminate/Foundation/Http/Middleware/ValidatePostSize->handle(Object(Illuminate/Http/Request), Object(Closure))
#51 D:/xampp/htdocs/gatewaybooks/vendor/laravel/framework/src/Illuminate/Foundation/Http/Middleware/PreventRequestsDuringMaintenance.php(99): Illuminate/Pipeline/Pipeline->Illuminate/Pipeline/{closure}(Object(Illuminate/Http/Request))
#52 D:/xampp/htdocs/gatewaybooks/vendor/laravel/framework/src/Illuminate/Pipeline/Pipeline.php(183): Illuminate/Foundation/Http/Middleware/PreventRequestsDuringMaintenance->handle(Object(Illuminate/Http/Request), Object(Closure))
#53 D:/xampp/htdocs/gatewaybooks/vendor/laravel/framework/src/Illuminate/Http/Middleware/HandleCors.php(49): Illuminate/Pipeline/Pipeline->Illuminate/Pipeline/{closure}(Object(Illuminate/Http/Request))
#54 D:/xampp/htdocs/gatewaybooks/vendor/laravel/framework/src/Illuminate/Pipeline/Pipeline.php(183): Illuminate/Http/Middleware/HandleCors->handle(Object(Illuminate/Http/Request), Object(Closure))
#55 D:/xampp/htdocs/gatewaybooks/vendor/laravel/framework/src/Illuminate/Http/Middleware/TrustProxies.php(39): Illuminate/Pipeline/Pipeline->Illuminate/Pipeline/{closure}(Object(Illuminate/Http/Request))
#56 D:/xampp/htdocs/gatewaybooks/vendor/laravel/framework/src/Illuminate/Pipeline/Pipeline.php(183): Illuminate/Http/Middleware/TrustProxies->handle(Object(Illuminate/Http/Request), Object(Closure))
#57 D:/xampp/htdocs/gatewaybooks/vendor/laravel/framework/src/Illuminate/Pipeline/Pipeline.php(119): Illuminate/Pipeline/Pipeline->Illuminate/Pipeline/{closure}(Object(Illuminate/Http/Request))
#58 D:/xampp/htdocs/gatewaybooks/vendor/laravel/framework/src/Illuminate/Foundation/Http/Kernel.php(175): Illuminate/Pipeline/Pipeline->then(Object(Closure))
#59 D:/xampp/htdocs/gatewaybooks/vendor/laravel/framework/src/Illuminate/Foundation/Http/Kernel.php(144): Illuminate/Foundation/Http/Kernel->sendRequestThroughRouter(Object(Illuminate/Http/Request))
#60 D:/xampp/htdocs/gatewaybooks/public/index.php(52): Illuminate/Foundation/Http/Kernel->handle(Object(Illuminate/Http/Request))
#61 D:/xampp/htdocs/gatewaybooks/vendor/laravel/framework/src/Illuminate/Foundation/resources/server.php(16): require_once('D://xampp//htdocs...')
#62 {main}
"} 
[2026-09-01 09:39:01] local.ERROR: Attempt to read property "user_img" on null {"view":{"view":"D:\\xampp\\htdocs\\gatewaybooks\\resources\\views\\admin\\layout\\master.blade.php","data":{"errors":"<pre class=sf-dump id=sf-dump-644652580 data-indent-pad=\"  \"><span class=sf-dump-note>Illuminate\\Support\\ViewErrorBag</span> {<a class=sf-dump-ref>#344</a><samp data-depth=1 class=sf-dump-expanded>
  #<span class=sf-dump-protected title=\"Protected property\">bags</span>: []
</samp>}
</pre><script>Sfdump(\"sf-dump-644652580\", {\"maxDepth\":3,\"maxStringLength\":160})</script>
","authors":"<pre class=sf-dump id=sf-dump-59423037 data-indent-pad=\"  \"><span class=sf-dump-note>Illuminate\\Pagination\\LengthAwarePaginator</span> {<a class=sf-dump-ref>#373</a><samp data-depth=1 class=sf-dump-expanded>
  #<span class=sf-dump-protected title=\"Protected property\">items</span>: <span class=\"sf-dump-note sf-dump-ellipsization\" title=\"Illuminate\\Database\\Eloquent\\Collection
\"><span class=\"sf-dump-ellipsis sf-dump-ellipsis-note\">Illuminate\\Database\\Eloquent</span><span class=\"sf-dump-ellipsis sf-dump-ellipsis-note\">\\</span><span class=\"sf-dump-ellipsis-tail\">Collection</span></span> {<a class=sf-dump-ref>#381</a><samp data-depth=2 class=sf-dump-compact>
    #<span class=sf-dump-protected title=\"Protected property\">items</span>: <span class=sf-dump-note>array:15</span> [<samp data-depth=3 class=sf-dump-compact>
      <span class=sf-dump-index>0</span> => <span class=\"sf-dump-note sf-dump-ellipsization\" title=\"App\\Models\\Author
\"><span class=\"sf-dump-ellipsis sf-dump-ellipsis-note\">App\\Models</span><span class=\"sf-dump-ellipsis sf-dump-ellipsis-note\">\\</span><span class=\"sf-dump-ellipsis-tail\">Author</span></span> {<a class=sf-dump-ref>#383</a> &#8230;30}
      <span class=sf-dump-index>1</span> => <span class=\"sf-dump-note sf-dump-ellipsization\" title=\"App\\Models\\Author
\"><span class=\"sf-dump-ellipsis sf-dump-ellipsis-note\">App\\Models</span><span class=\"sf-dump-ellipsis sf-dump-ellipsis-note\">\\</span><span class=\"sf-dump-ellipsis-tail\">Author</span></span> {<a class=sf-dump-ref>#384</a> &#8230;30}
      <span class=sf-dump-index>2</span> => <span class=\"sf-dump-note sf-dump-ellipsization\" title=\"App\\Models\\Author
\"><span class=\"sf-dump-ellipsis sf-dump-ellipsis-note\">App\\Models</span><span class=\"sf-dump-ellipsis sf-dump-ellipsis-note\">\\</span><span class=\"sf-dump-ellipsis-tail\">Author</span></span> {<a class=sf-dump-ref>#385</a> &#8230;30}
      <span class=sf-dump-index>3</span> => <span class=\"sf-dump-note sf-dump-ellipsization\" title=\"App\\Models\\Author
\"><span class=\"sf-dump-ellipsis sf-dump-ellipsis-note\">App\\Models</span><span class=\"sf-dump-ellipsis sf-dump-ellipsis-note\">\\</span><span class=\"sf-dump-ellipsis-tail\">Author</span></span> {<a class=sf-dump-ref>#386</a> &#8230;30}
      <span class=sf-dump-index>4</span> => <span class=\"sf-dump-note sf-dump-ellipsization\" title=\"App\\Models\\Author
\"><span class=\"sf-dump-ellipsis sf-dump-ellipsis-note\">App\\Models</span><span class=\"sf-dump-ellipsis sf-dump-ellipsis-note\">\\</span><span class=\"sf-dump-ellipsis-tail\">Author</span></span> {<a class=sf-dump-ref>#387</a> &#8230;30}
      <span class=sf-dump-index>5</span> => <span class=\"sf-dump-note sf-dump-ellipsization\" title=\"App\\Models\\Author
\"><span class=\"sf-dump-ellipsis sf-dump-ellipsis-note\">App\\Models</span><span class=\"sf-dump-ellipsis sf-dump-ellipsis-note\">\\</span><span class=\"sf-dump-ellipsis-tail\">Author</span></span> {<a class=sf-dump-ref>#388</a> &#8230;30}
      <span class=sf-dump-index>6</span> => <span class=\"sf-dump-note sf-dump-ellipsization\" title=\"App\\Models\\Author
\"><span class=\"sf-dump-ellipsis sf-dump-ellipsis-note\">App\\Models</span><span class=\"sf-dump-ellipsis sf-dump-ellipsis-note\">\\</span><span class=\"sf-dump-ellipsis-tail\">Author</span></span> {<a class=sf-dump-ref>#389</a> &#8230;30}
      <span class=sf-dump-index>7</span> => <span class=\"sf-dump-note sf-dump-ellipsization\" title=\"App\\Models\\Author
\"><span class=\"sf-dump-ellipsis sf-dump-ellipsis-note\">App\\Models</span><span class=\"sf-dump-ellipsis sf-dump-ellipsis-note\">\\</span><span class=\"sf-dump-ellipsis-tail\">Author</span></span> {<a class=sf-dump-ref>#390</a> &#8230;30}
      <span class=sf-dump-index>8</span> => <span class=\"sf-dump-note sf-dump-ellipsization\" title=\"App\\Models\\Author
\"><span class=\"sf-dump-ellipsis sf-dump-ellipsis-note\">App\\Models</span><span class=\"sf-dump-ellipsis sf-dump-ellipsis-note\">\\</span><span class=\"sf-dump-ellipsis-tail\">Author</span></span> {<a class=sf-dump-ref>#391</a> &#8230;30}
      <span class=sf-dump-index>9</span> => <span class=\"sf-dump-note sf-dump-ellipsization\" title=\"App\\Models\\Author
\"><span class=\"sf-dump-ellipsis sf-dump-ellipsis-note\">App\\Models</span><span class=\"sf-dump-ellipsis sf-dump-ellipsis-note\">\\</span><span class=\"sf-dump-ellipsis-tail\">Author</span></span> {<a class=sf-dump-ref>#392</a> &#8230;30}
      <span class=sf-dump-index>10</span> => <span class=\"sf-dump-note sf-dump-ellipsization\" title=\"App\\Models\\Author
\"><span class=\"sf-dump-ellipsis sf-dump-ellipsis-note\">App\\Models</span><span class=\"sf-dump-ellipsis sf-dump-ellipsis-note\">\\</span><span class=\"sf-dump-ellipsis-tail\">Author</span></span> {<a class=sf-dump-ref>#393</a> &#8230;30}
      <span class=sf-dump-index>11</span> => <span class=\"sf-dump-note sf-dump-ellipsization\" title=\"App\\Models\\Author
\"><span class=\"sf-dump-ellipsis sf-dump-ellipsis-note\">App\\Models</span><span class=\"sf-dump-ellipsis sf-dump-ellipsis-note\">\\</span><span class=\"sf-dump-ellipsis-tail\">Author</span></span> {<a class=sf-dump-ref>#394</a> &#8230;30}
      <span class=sf-dump-index>12</span> => <span class=\"sf-dump-note sf-dump-ellipsization\" title=\"App\\Models\\Author
\"><span class=\"sf-dump-ellipsis sf-dump-ellipsis-note\">App\\Models</span><span class=\"sf-dump-ellipsis sf-dump-ellipsis-note\">\\</span><span class=\"sf-dump-ellipsis-tail\">Author</span></span> {<a class=sf-dump-ref>#395</a> &#8230;30}
      <span class=sf-dump-index>13</span> => <span class=\"sf-dump-note sf-dump-ellipsization\" title=\"App\\Models\\Author
\"><span class=\"sf-dump-ellipsis sf-dump-ellipsis-note\">App\\Models</span><span class=\"sf-dump-ellipsis sf-dump-ellipsis-note\">\\</span><span class=\"sf-dump-ellipsis-tail\">Author</span></span> {<a class=sf-dump-ref>#396</a> &#8230;30}
      <span class=sf-dump-index>14</span> => <span class=\"sf-dump-note sf-dump-ellipsization\" title=\"App\\Models\\Author
\"><span class=\"sf-dump-ellipsis sf-dump-ellipsis-note\">App\\Models</span><span class=\"sf-dump-ellipsis sf-dump-ellipsis-note\">\\</span><span class=\"sf-dump-ellipsis-tail\">Author</span></span> {<a class=sf-dump-ref>#397</a> &#8230;30}
    </samp>]
    #<span class=sf-dump-protected title=\"Protected property\">escapeWhenCastingToString</span>: <span class=sf-dump-const>false</span>
  </samp>}
  #<span class=sf-dump-protected title=\"Protected property\">perPage</span>: <span class=sf-dump-num>15</span>
  #<span class=sf-dump-protected title=\"Protected property\">currentPage</span>: <span class=sf-dump-num>1</span>
  #<span class=sf-dump-protected title=\"Protected property\">path</span>: \"<span class=sf-dump-str title=\"34 characters\">http://127.0.0.1:8000/admin/author</span>\"
  #<span class=sf-dump-protected title=\"Protected property\">query</span>: []
  #<span class=sf-dump-protected title=\"Protected property\">fragment</span>: <span class=sf-dump-const>null</span>
  #<span class=sf-dump-protected title=\"Protected property\">pageName</span>: \"<span class=sf-dump-str title=\"4 characters\">page</span>\"
  +<span class=sf-dump-public title=\"Public property\">onEachSide</span>: <span class=sf-dump-num>3</span>
  #<span class=sf-dump-protected title=\"Protected property\">options</span>: <span class=sf-dump-note>array:2</span> [<samp data-depth=2 class=sf-dump-compact>
    \"<span class=sf-dump-key>path</span>\" => \"<span class=sf-dump-str title=\"34 characters\">http://127.0.0.1:8000/admin/author</span>\"
    \"<span class=sf-dump-key>pageName</span>\" => \"<span class=sf-dump-str title=\"4 characters\">page</span>\"
  </samp>]
  #<span class=sf-dump-protected title=\"Protected property\">total</span>: <span class=sf-dump-num>50</span>
  #<span class=sf-dump-protected title=\"Protected property\">lastPage</span>: <span class=sf-dump-num>4</span>
</samp>}
</pre><script>Sfdump(\"sf-dump-59423037\", {\"maxDepth\":3,\"maxStringLength\":160})</script>
","__currentLoopData":"<pre class=sf-dump id=sf-dump-1132978280 data-indent-pad=\"  \"><span class=sf-dump-note>Illuminate\\Pagination\\LengthAwarePaginator</span> {<a class=sf-dump-ref>#373</a><samp data-depth=1 class=sf-dump-expanded>
  #<span class=sf-dump-protected title=\"Protected property\">items</span>: <span class=\"sf-dump-note sf-dump-ellipsization\" title=\"Illuminate\\Database\\Eloquent\\Collection
\"><span class=\"sf-dump-ellipsis sf-dump-ellipsis-note\">Illuminate\\Database\\Eloquent</span><span class=\"sf-dump-ellipsis sf-dump-ellipsis-note\">\\</span><span class=\"sf-dump-ellipsis-tail\">Collection</span></span> {<a class=sf-dump-ref>#381</a><samp data-depth=2 class=sf-dump-compact>
    #<span class=sf-dump-protected title=\"Protected property\">items</span>: <span class=sf-dump-note>array:15</span> [<samp data-depth=3 class=sf-dump-compact>
      <span class=sf-dump-index>0</span> => <span class=\"sf-dump-note sf-dump-ellipsization\" title=\"App\\Models\\Author
\"><span class=\"sf-dump-ellipsis sf-dump-ellipsis-note\">App\\Models</span><span class=\"sf-dump-ellipsis sf-dump-ellipsis-note\">\\</span><span class=\"sf-dump-ellipsis-tail\">Author</span></span> {<a class=sf-dump-ref>#383</a> &#8230;30}
      <span class=sf-dump-index>1</span> => <span class=\"sf-dump-note sf-dump-ellipsization\" title=\"App\\Models\\Author
\"><span class=\"sf-dump-ellipsis sf-dump-ellipsis-note\">App\\Models</span><span class=\"sf-dump-ellipsis sf-dump-ellipsis-note\">\\</span><span class=\"sf-dump-ellipsis-tail\">Author</span></span> {<a class=sf-dump-ref>#384</a> &#8230;30}
      <span class=sf-dump-index>2</span> => <span class=\"sf-dump-note sf-dump-ellipsization\" title=\"App\\Models\\Author
\"><span class=\"sf-dump-ellipsis sf-dump-ellipsis-note\">App\\Models</span><span class=\"sf-dump-ellipsis sf-dump-ellipsis-note\">\\</span><span class=\"sf-dump-ellipsis-tail\">Author</span></span> {<a class=sf-dump-ref>#385</a> &#8230;30}
      <span class=sf-dump-index>3</span> => <span class=\"sf-dump-note sf-dump-ellipsization\" title=\"App\\Models\\Author
\"><span class=\"sf-dump-ellipsis sf-dump-ellipsis-note\">App\\Models</span><span class=\"sf-dump-ellipsis sf-dump-ellipsis-note\">\\</span><span class=\"sf-dump-ellipsis-tail\">Author</span></span> {<a class=sf-dump-ref>#386</a> &#8230;30}
      <span class=sf-dump-index>4</span> => <span class=\"sf-dump-note sf-dump-ellipsization\" title=\"App\\Models\\Author
\"><span class=\"sf-dump-ellipsis sf-dump-ellipsis-note\">App\\Models</span><span class=\"sf-dump-ellipsis sf-dump-ellipsis-note\">\\</span><span class=\"sf-dump-ellipsis-tail\">Author</span></span> {<a class=sf-dump-ref>#387</a> &#8230;30}
      <span class=sf-dump-index>5</span> => <span class=\"sf-dump-note sf-dump-ellipsization\" title=\"App\\Models\\Author
\"><span class=\"sf-dump-ellipsis sf-dump-ellipsis-note\">App\\Models</span><span class=\"sf-dump-ellipsis sf-dump-ellipsis-note\">\\</span><span class=\"sf-dump-ellipsis-tail\">Author</span></span> {<a class=sf-dump-ref>#388</a> &#8230;30}
      <span class=sf-dump-index>6</span> => <span class=\"sf-dump-note sf-dump-ellipsization\" title=\"App\\Models\\Author
\"><span class=\"sf-dump-ellipsis sf-dump-ellipsis-note\">App\\Models</span><span class=\"sf-dump-ellipsis sf-dump-ellipsis-note\">\\</span><span class=\"sf-dump-ellipsis-tail\">Author</span></span> {<a class=sf-dump-ref>#389</a> &#8230;30}
      <span class=sf-dump-index>7</span> => <span class=\"sf-dump-note sf-dump-ellipsization\" title=\"App\\Models\\Author
\"><span class=\"sf-dump-ellipsis sf-dump-ellipsis-note\">App\\Models</span><span class=\"sf-dump-ellipsis sf-dump-ellipsis-note\">\\</span><span class=\"sf-dump-ellipsis-tail\">Author</span></span> {<a class=sf-dump-ref>#390</a> &#8230;30}
      <span class=sf-dump-index>8</span> => <span class=\"sf-dump-note sf-dump-ellipsization\" title=\"App\\Models\\Author
\"><span class=\"sf-dump-ellipsis sf-dump-ellipsis-note\">App\\Models</span><span class=\"sf-dump-ellipsis sf-dump-ellipsis-note\">\\</span><span class=\"sf-dump-ellipsis-tail\">Author</span></span> {<a class=sf-dump-ref>#391</a> &#8230;30}
      <span class=sf-dump-index>9</span> => <span class=\"sf-dump-note sf-dump-ellipsization\" title=\"App\\Models\\Author
\"><span class=\"sf-dump-ellipsis sf-dump-ellipsis-note\">App\\Models</span><span class=\"sf-dump-ellipsis sf-dump-ellipsis-note\">\\</span><span class=\"sf-dump-ellipsis-tail\">Author</span></span> {<a class=sf-dump-ref>#392</a> &#8230;30}
      <span class=sf-dump-index>10</span> => <span class=\"sf-dump-note sf-dump-ellipsization\" title=\"App\\Models\\Author
\"><span class=\"sf-dump-ellipsis sf-dump-ellipsis-note\">App\\Models</span><span class=\"sf-dump-ellipsis sf-dump-ellipsis-note\">\\</span><span class=\"sf-dump-ellipsis-tail\">Author</span></span> {<a class=sf-dump-ref>#393</a> &#8230;30}
      <span class=sf-dump-index>11</span> => <span class=\"sf-dump-note sf-dump-ellipsization\" title=\"App\\Models\\Author
\"><span class=\"sf-dump-ellipsis sf-dump-ellipsis-note\">App\\Models</span><span class=\"sf-dump-ellipsis sf-dump-ellipsis-note\">\\</span><span class=\"sf-dump-ellipsis-tail\">Author</span></span> {<a class=sf-dump-ref>#394</a> &#8230;30}
      <span class=sf-dump-index>12</span> => <span class=\"sf-dump-note sf-dump-ellipsization\" title=\"App\\Models\\Author
\"><span class=\"sf-dump-ellipsis sf-dump-ellipsis-note\">App\\Models</span><span class=\"sf-dump-ellipsis sf-dump-ellipsis-note\">\\</span><span class=\"sf-dump-ellipsis-tail\">Author</span></span> {<a class=sf-dump-ref>#395</a> &#8230;30}
      <span class=sf-dump-index>13</span> => <span class=\"sf-dump-note sf-dump-ellipsization\" title=\"App\\Models\\Author
\"><span class=\"sf-dump-ellipsis sf-dump-ellipsis-note\">App\\Models</span><span class=\"sf-dump-ellipsis sf-dump-ellipsis-note\">\\</span><span class=\"sf-dump-ellipsis-tail\">Author</span></span> {<a class=sf-dump-ref>#396</a> &#8230;30}
      <span class=sf-dump-index>14</span> => <span class=\"sf-dump-note sf-dump-ellipsization\" title=\"App\\Models\\Author
\"><span class=\"sf-dump-ellipsis sf-dump-ellipsis-note\">App\\Models</span><span class=\"sf-dump-ellipsis sf-dump-ellipsis-note\">\\</span><span class=\"sf-dump-ellipsis-tail\">Author</span></span> {<a class=sf-dump-ref>#397</a> &#8230;30}
    </samp>]
    #<span class=sf-dump-protected title=\"Protected property\">escapeWhenCastingToString</span>: <span class=sf-dump-const>false</span>
  </samp>}
  #<span class=sf-dump-protected title=\"Protected property\">perPage</span>: <span class=sf-dump-num>15</span>
  #<span class=sf-dump-protected title=\"Protected property\">currentPage</span>: <span class=sf-dump-num>1</span>
  #<span class=sf-dump-protected title=\"Protected property\">path</span>: \"<span class=sf-dump-str title=\"34 characters\">http://127.0.0.1:8000/admin/author</span>\"
  #<span class=sf-dump-protected title=\"Protected property\">query</span>: []
  #<span class=sf-dump-protected title=\"Protected property\">fragment</span>: <span class=sf-dump-const>null</span>
  #<span class=sf-dump-protected title=\"Protected property\">pageName</span>: \"<span class=sf-dump-str title=\"4 characters\">page</span>\"
  +<span class=sf-dump-public title=\"Public property\">onEachSide</span>: <span class=sf-dump-num>3</span>
  #<span class=sf-dump-protected title=\"Protected property\">options</span>: <span class=sf-dump-note>array:2</span> [<samp data-depth=2 class=sf-dump-compact>
    \"<span class=sf-dump-key>path</span>\" => \"<span class=sf-dump-str title=\"34 characters\">http://127.0.0.1:8000/admin/author</span>\"
    \"<span class=sf-dump-key>pageName</span>\" => \"<span class=sf-dump-str title=\"4 characters\">page</span>\"
  </samp>]
  #<span class=sf-dump-protected title=\"Protected property\">total</span>: <span class=sf-dump-num>50</span>
  #<span class=sf-dump-protected title=\"Protected property\">lastPage</span>: <span class=sf-dump-num>4</span>
</samp>}
</pre><script>Sfdump(\"sf-dump-1132978280\", {\"maxDepth\":3,\"maxStringLength\":160})</script>
","author":"<pre class=sf-dump id=sf-dump-1806234400 data-indent-pad=\"  \"><span class=sf-dump-note>App\\Models\\Author</span> {<a class=sf-dump-ref>#397</a><samp data-depth=1 class=sf-dump-expanded>
  #<span class=sf-dump-protected title=\"Protected property\">connection</span>: \"<span class=sf-dump-str title=\"5 characters\">mysql</span>\"
  #<span class=sf-dump-protected title=\"Protected property\">table</span>: \"<span class=sf-dump-str title=\"6 characters\">author</span>\"
  #<span class=sf-dump-protected title=\"Protected property\">primaryKey</span>: \"<span class=sf-dump-str title=\"2 characters\">id</span>\"
  #<span class=sf-dump-protected title=\"Protected property\">keyType</span>: \"<span class=sf-dump-str title=\"3 characters\">int</span>\"
  +<span class=sf-dump-public title=\"Public property\">incrementing</span>: <span class=sf-dump-const>true</span>
  #<span class=sf-dump-protected title=\"Protected property\">with</span>: []
  #<span class=sf-dump-protected title=\"Protected property\">withCount</span>: []
  +<span class=sf-dump-public title=\"Public property\">preventsLazyLoading</span>: <span class=sf-dump-const>false</span>
  #<span class=sf-dump-protected title=\"Protected property\">perPage</span>: <span class=sf-dump-num>15</span>
  +<span class=sf-dump-public title=\"Public property\">exists</span>: <span class=sf-dump-const>true</span>
  +<span class=sf-dump-public title=\"Public property\">wasRecentlyCreated</span>: <span class=sf-dump-const>false</span>
  #<span class=sf-dump-protected title=\"Protected property\">escapeWhenCastingToString</span>: <span class=sf-dump-const>false</span>
  #<span class=sf-dump-protected title=\"Protected property\">attributes</span>: <span class=sf-dump-note>array:18</span> [<samp data-depth=2 class=sf-dump-compact>
    \"<span class=sf-dump-key>id</span>\" => <span class=sf-dump-num>15</span>
    \"<span class=sf-dump-key>title</span>\" => \"<span class=sf-dump-str title=\"15 characters\">Charley Stracke</span>\"
    \"<span class=sf-dump-key>slug</span>\" => \"<span class=sf-dump-str title=\"15 characters\">charley-stracke</span>\"
    \"<span class=sf-dump-key>designation</span>\" => \"<span class=sf-dump-str title=\"37 characters\">Heating and Air Conditioning Mechanic</span>\"
    \"<span class=sf-dump-key>dob</span>\" => \"<span class=sf-dump-str title=\"10 characters\">1981-04-09</span>\"
    \"<span class=sf-dump-key>country</span>\" => \"<span class=sf-dump-str title=\"6 characters\">Brazil</span>\"
    \"<span class=sf-dump-key>email</span>\" => \"<span class=sf-dump-str title=\"26 characters\">nolan.clarabelle@gmail.com</span>\"
    \"<span class=sf-dump-key>phone</span>\" => \"<span class=sf-dump-str title=\"14 characters\">(272) 388-7497</span>\"
    \"<span class=sf-dump-key>description</span>\" => \"<span class=sf-dump-str title=\"374 characters\">Et ducimus ut qui dolore hic. Officiis deleniti ut aut et rem nesciunt et. Voluptatem ut quia repellendus rem reiciendis animi. Doloribus veniam ut quia optio odio vero quo. Illo dolores itaque dolorem recusandae nobis odio. Harum id corrupti quaerat doloribus blanditiis et. Itaque ut recusandae esse debitis aut alias earum. Consequatur nisi asperiores ea autem qui totam.</span>\"
    \"<span class=sf-dump-key>author_feature</span>\" => \"<span class=sf-dump-str title=\"3 characters\">yes</span>\"
    \"<span class=sf-dump-key>facebook_id</span>\" => \"<span class=sf-dump-str title=\"29 characters\">avery.satterfield@example.org</span>\"
    \"<span class=sf-dump-key>twitter_id</span>\" => \"<span class=sf-dump-str title=\"24 characters\">kilback.gina@example.org</span>\"
    \"<span class=sf-dump-key>youtube_id</span>\" => \"<span class=sf-dump-str title=\"25 characters\">kreiger.green@example.org</span>\"
    \"<span class=sf-dump-key>pinterest_id</span>\" => \"<span class=sf-dump-str title=\"20 characters\">xgleason@example.com</span>\"
    \"<span class=sf-dump-key>author_img</span>\" => \"<span class=sf-dump-str title=\"14 characters\">No image found</span>\"
    \"<span class=sf-dump-key>status</span>\" => \"<span class=sf-dump-str title=\"6 characters\">ACTIVE</span>\"
    \"<span class=sf-dump-key>created_at</span>\" => \"<span class=sf-dump-str title=\"19 characters\">2026-08-29 18:14:14</span>\"
    \"<span class=sf-dump-key>updated_at</span>\" => \"<span class=sf-dump-str title=\"19 characters\">2026-08-29 18:14:14</span>\"
  </samp>]
  #<span class=sf-dump-protected title=\"Protected property\">original</span>: <span class=sf-dump-note>array:18</span> [<samp data-depth=2 class=sf-dump-compact>
    \"<span class=sf-dump-key>id</span>\" => <span class=sf-dump-num>15</span>
    \"<span class=sf-dump-key>title</span>\" => \"<span class=sf-dump-str title=\"15 characters\">Charley Stracke</span>\"
    \"<span class=sf-dump-key>slug</span>\" => \"<span class=sf-dump-str title=\"15 characters\">charley-stracke</span>\"
    \"<span class=sf-dump-key>designation</span>\" => \"<span class=sf-dump-str title=\"37 characters\">Heating and Air Conditioning Mechanic</span>\"
    \"<span class=sf-dump-key>dob</span>\" => \"<span class=sf-dump-str title=\"10 characters\">1981-04-09</span>\"
    \"<span class=sf-dump-key>country</span>\" => \"<span class=sf-dump-str title=\"6 characters\">Brazil</span>\"
    \"<span class=sf-dump-key>email</span>\" => \"<span class=sf-dump-str title=\"26 characters\">nolan.clarabelle@gmail.com</span>\"
    \"<span class=sf-dump-key>phone</span>\" => \"<span class=sf-dump-str title=\"14 characters\">(272) 388-7497</span>\"
    \"<span class=sf-dump-key>description</span>\" => \"<span class=sf-dump-str title=\"374 characters\">Et ducimus ut qui dolore hic. Officiis deleniti ut aut et rem nesciunt et. Voluptatem ut quia repellendus rem reiciendis animi. Doloribus veniam ut quia optio odio vero quo. Illo dolores itaque dolorem recusandae nobis odio. Harum id corrupti quaerat doloribus blanditiis et. Itaque ut recusandae esse debitis aut alias earum. Consequatur nisi asperiores ea autem qui totam.</span>\"
    \"<span class=sf-dump-key>author_feature</span>\" => \"<span class=sf-dump-str title=\"3 characters\">yes</span>\"
    \"<span class=sf-dump-key>facebook_id</span>\" => \"<span class=sf-dump-str title=\"29 characters\">avery.satterfield@example.org</span>\"
    \"<span class=sf-dump-key>twitter_id</span>\" => \"<span class=sf-dump-str title=\"24 characters\">kilback.gina@example.org</span>\"
    \"<span class=sf-dump-key>youtube_id</span>\" => \"<span class=sf-dump-str title=\"25 characters\">kreiger.green@example.org</span>\"
    \"<span class=sf-dump-key>pinterest_id</span>\" => \"<span class=sf-dump-str title=\"20 characters\">xgleason@example.com</span>\"
    \"<span class=sf-dump-key>author_img</span>\" => \"<span class=sf-dump-str title=\"14 characters\">No image found</span>\"
    \"<span class=sf-dump-key>status</span>\" => \"<span class=sf-dump-str title=\"6 characters\">ACTIVE</span>\"
    \"<span class=sf-dump-key>created_at</span>\" => \"<span class=sf-dump-str title=\"19 characters\">2026-08-29 18:14:14</span>\"
    \"<span class=sf-dump-key>updated_at</span>\" => \"<span class=sf-dump-str title=\"19 characters\">2026-08-29 18:14:14</span>\"
  </samp>]
  #<span class=sf-dump-protected title=\"Protected property\">changes</span>: []
  #<span class=sf-dump-protected title=\"Protected property\">casts</span>: []
  #<span class=sf-dump-protected title=\"Protected property\">classCastCache</span>: []
  #<span class=sf-dump-protected title=\"Protected property\">attributeCastCache</span>: []
  #<span class=sf-dump-protected title=\"Protected property\">dateFormat</span>: <span class=sf-dump-const>null</span>
  #<span class=sf-dump-protected title=\"Protected property\">appends</span>: []
  #<span class=sf-dump-protected title=\"Protected property\">dispatchesEvents</span>: []
  #<span class=sf-dump-protected title=\"Protected property\">observables</span>: []
  #<span class=sf-dump-protected title=\"Protected property\">relations</span>: []
  #<span class=sf-dump-protected title=\"Protected property\">touches</span>: []
  +<span class=sf-dump-public title=\"Public property\">timestamps</span>: <span class=sf-dump-const>true</span>
  +<span class=sf-dump-public title=\"Public property\">usesUniqueIds</span>: <span class=sf-dump-const>false</span>
  #<span class=sf-dump-protected title=\"Protected property\">hidden</span>: []
  #<span class=sf-dump-protected title=\"Protected property\">visible</span>: []
  #<span class=sf-dump-protected title=\"Protected property\">fillable</span>: []
  #<span class=sf-dump-protected title=\"Protected property\">guarded</span>: []
</samp>}
</pre><script>Sfdump(\"sf-dump-1806234400\", {\"maxDepth\":3,\"maxStringLength\":160})</script>
","loop":"<pre class=sf-dump id=sf-dump-2015434266 data-indent-pad=\"  \"><span class=sf-dump-const>null</span>
</pre><script>Sfdump(\"sf-dump-2015434266\", {\"maxDepth\":3,\"maxStringLength\":160})</script>
"}},"exception":"[object] (Spatie\\LaravelIgnition\\Exceptions\\ViewException(code: 0): Attempt to read property \"user_img\" on null at D:/xampp/htdocs/gatewaybooks/resources/views/admin/layout/master.blade.php:70)
[stacktrace]
#0 D:/xampp/htdocs/gatewaybooks/vendor/laravel/framework/src/Illuminate/Filesystem/Filesystem.php(123): require('D://xampp//htdocs...')
#1 D:/xampp/htdocs/gatewaybooks/vendor/laravel/framework/src/Illuminate/Filesystem/Filesystem.php(124): Illuminate/Filesystem/Filesystem::Illuminate/Filesystem/{closure}()
#2 D:/xampp/htdocs/gatewaybooks/vendor/laravel/framework/src/Illuminate/View/Engines/PhpEngine.php(58): Illuminate/Filesystem/Filesystem->getRequire('D://xampp//htdocs...', Array)
#3 D:/xampp/htdocs/gatewaybooks/vendor/laravel/framework/src/Illuminate/View/Engines/CompilerEngine.php(72): Illuminate/View/Engines/PhpEngine->evaluatePath('D://xampp//htdocs...', Array)
#4 D:/xampp/htdocs/gatewaybooks/vendor/laravel/framework/src/Illuminate/View/View.php(207): Illuminate/View/Engines/CompilerEngine->get('D://xampp//htdocs...', Array)
#5 D:/xampp/htdocs/gatewaybooks/vendor/laravel/framework/src/Illuminate/View/View.php(190): Illuminate/View/View->getContents()
#6 D:/xampp/htdocs/gatewaybooks/vendor/laravel/framework/src/Illuminate/View/View.php(159): Illuminate/View/View->renderContents()
#7 D:/xampp/htdocs/gatewaybooks/resources/views/admin/author/index.blade.php(213): Illuminate/View/View->render()
#8 D:/xampp/htdocs/gatewaybooks/vendor/laravel/framework/src/Illuminate/Filesystem/Filesystem.php(123): require('D://xampp//htdocs...')
#9 D:/xampp/htdocs/gatewaybooks/vendor/laravel/framework/src/Illuminate/Filesystem/Filesystem.php(124): Illuminate/Filesystem/Filesystem::Illuminate/Filesystem/{closure}()
#10 D:/xampp/htdocs/gatewaybooks/vendor/laravel/framework/src/Illuminate/View/Engines/PhpEngine.php(58): Illuminate/Filesystem/Filesystem->getRequire('D://xampp//htdocs...', Array)
#11 D:/xampp/htdocs/gatewaybooks/vendor/laravel/framework/src/Illuminate/View/Engines/CompilerEngine.php(72): Illuminate/View/Engines/PhpEngine->evaluatePath('D://xampp//htdocs...', Array)
#12 D:/xampp/htdocs/gatewaybooks/vendor/laravel/framework/src/Illuminate/View/View.php(207): Illuminate/View/Engines/CompilerEngine->get('D://xampp//htdocs...', Array)
#13 D:/xampp/htdocs/gatewaybooks/vendor/laravel/framework/src/Illuminate/View/View.php(190): Illuminate/View/View->getContents()
#14 D:/xampp/htdocs/gatewaybooks/vendor/laravel/framework/src/Illuminate/View/View.php(159): Illuminate/View/View->renderContents()
#15 D:/xampp/htdocs/gatewaybooks/vendor/laravel/framework/src/Illuminate/Http/Response.php(69): Illuminate/View/View->render()
#16 D:/xampp/htdocs/gatewaybooks/vendor/laravel/framework/src/Illuminate/Http/Response.php(35): Illuminate/Http/Response->setContent(Object(Illuminate/View/View))
#17 D:/xampp/htdocs/gatewaybooks/vendor/laravel/framework/src/Illuminate/Routing/Router.php(918): Illuminate/Http/Response->__construct(Object(Illuminate/View/View), 200, Array)
#18 D:/xampp/htdocs/gatewaybooks/vendor/laravel/framework/src/Illuminate/Routing/Router.php(885): Illuminate/Routing/Router::toResponse(Object(Illuminate/Http/Request), Object(Illuminate/View/View))
#19 D:/xampp/htdocs/gatewaybooks/vendor/laravel/framework/src/Illuminate/Routing/Router.php(806): Illuminate/Routing/Router->prepareResponse(Object(Illuminate/Http/Request), Object(Illuminate/View/View))
#20 D:/xampp/htdocs/gatewaybooks/vendor/laravel/framework/src/Illuminate/Pipeline/Pipeline.php(144): Illuminate/Routing/Router->Illuminate/Routing/{closure}(Object(Illuminate/Http/Request))
#21 D:/xampp/htdocs/gatewaybooks/vendor/laravel/framework/src/Illuminate/Routing/Middleware/SubstituteBindings.php(50): Illuminate/Pipeline/Pipeline->Illuminate/Pipeline/{closure}(Object(Illuminate/Http/Request))
#22 D:/xampp/htdocs/gatewaybooks/vendor/laravel/framework/src/Illuminate/Pipeline/Pipeline.php(183): Illuminate/Routing/Middleware/SubstituteBindings->handle(Object(Illuminate/Http/Request), Object(Closure))
#23 D:/xampp/htdocs/gatewaybooks/vendor/laravel/framework/src/Illuminate/Foundation/Http/Middleware/VerifyCsrfToken.php(78): Illuminate/Pipeline/Pipeline->Illuminate/Pipeline/{closure}(Object(Illuminate/Http/Request))
#24 D:/xampp/htdocs/gatewaybooks/vendor/laravel/framework/src/Illuminate/Pipeline/Pipeline.php(183): Illuminate/Foundation/Http/Middleware/VerifyCsrfToken->handle(Object(Illuminate/Http/Request), Object(Closure))
#25 D:/xampp/htdocs/gatewaybooks/vendor/laravel/framework/src/Illuminate/View/Middleware/ShareErrorsFromSession.php(49): Illuminate/Pipeline/Pipeline->Illuminate/Pipeline/{closure}(Object(Illuminate/Http/Request))
#26 D:/xampp/htdocs/gatewaybooks/vendor/laravel/framework/src/Illuminate/Pipeline/Pipeline.php(183): Illuminate/View/Middleware/ShareErrorsFromSession->handle(Object(Illuminate/Http/Request), Object(Closure))
#27 D:/xampp/htdocs/gatewaybooks/vendor/laravel/framework/src/Illuminate/Session/Middleware/StartSession.php(121): Illuminate/Pipeline/Pipeline->Illuminate/Pipeline/{closure}(Object(Illuminate/Http/Request))
#28 D:/xampp/htdocs/gatewaybooks/vendor/laravel/framework/src/Illuminate/Session/Middleware/StartSession.php(64): Illuminate/Session/Middleware/StartSession->handleStatefulRequest(Object(Illuminate/Http/Request), Object(Illuminate/Session/Store), Object(Closure))
#29 D:/xampp/htdocs/gatewaybooks/vendor/laravel/framework/src/Illuminate/Pipeline/Pipeline.php(183): Illuminate/Session/Middleware/StartSession->handle(Object(Illuminate/Http/Request), Object(Closure))
#30 D:/xampp/htdocs/gatewaybooks/vendor/laravel/framework/src/Illuminate/Cookie/Middleware/AddQueuedCookiesToResponse.php(37): Illuminate/Pipeline/Pipeline->Illuminate/Pipeline/{closure}(Object(Illuminate/Http/Request))
#31 D:/xampp/htdocs/gatewaybooks/vendor/laravel/framework/src/Illuminate/Pipeline/Pipeline.php(183): Illuminate/Cookie/Middleware/AddQueuedCookiesToResponse->handle(Object(Illuminate/Http/Request), Object(Closure))
#32 D:/xampp/htdocs/gatewaybooks/vendor/laravel/framework/src/Illuminate/Cookie/Middleware/EncryptCookies.php(67): Illuminate/Pipeline/Pipeline->Illuminate/Pipeline/{closure}(Object(Illuminate/Http/Request))
#33 D:/xampp/htdocs/gatewaybooks/vendor/laravel/framework/src/Illuminate/Pipeline/Pipeline.php(183): Illuminate/Cookie/Middleware/EncryptCookies->handle(Object(Illuminate/Http/Request), Object(Closure))
#34 D:/xampp/htdocs/gatewaybooks/vendor/laravel/framework/src/Illuminate/Pipeline/Pipeline.php(119): Illuminate/Pipeline/Pipeline->Illuminate/Pipeline/{closure}(Object(Illuminate/Http/Request))
#35 D:/xampp/htdocs/gatewaybooks/vendor/laravel/framework/src/Illuminate/Routing/Router.php(807): Illuminate/Pipeline/Pipeline->then(Object(Closure))
#36 D:/xampp/htdocs/gatewaybooks/vendor/laravel/framework/src/Illuminate/Routing/Router.php(784): Illuminate/Routing/Router->runRouteWithinStack(Object(Illuminate/Routing/Route), Object(Illuminate/Http/Request))
#37 D:/xampp/htdocs/gatewaybooks/vendor/laravel/framework/src/Illuminate/Routing/Router.php(748): Illuminate/Routing/Router->runRoute(Object(Illuminate/Http/Request), Object(Illuminate/Routing/Route))
#38 D:/xampp/htdocs/gatewaybooks/vendor/laravel/framework/src/Illuminate/Routing/Router.php(737): Illuminate/Routing/Router->dispatchToRoute(Object(Illuminate/Http/Request))
#39 D:/xampp/htdocs/gatewaybooks/vendor/laravel/framework/src/Illuminate/Foundation/Http/Kernel.php(200): Illuminate/Routing/Router->dispatch(Object(Illuminate/Http/Request))
#40 D:/xampp/htdocs/gatewaybooks/vendor/laravel/framework/src/Illuminate/Pipeline/Pipeline.php(144): Illuminate/Foundation/Http/Kernel->Illuminate/Foundation/Http/{closure}(Object(Illuminate/Http/Request))
#41 D:/xampp/htdocs/gatewaybooks/vendor/laravel/framework/src/Illuminate/Foundation/Http/Middleware/TransformsRequest.php(21): Illuminate/Pipeline/Pipeline->Illuminate/Pipeline/{closure}(Object(Illuminate/Http/Request))
#42 D:/xampp/htdocs/gatewaybooks/vendor/laravel/framework/src/Illuminate/Foundation/Http/Middleware/ConvertEmptyStringsToNull.php(31): Illuminate/Foundation/Http/Middleware/TransformsRequest->handle(Object(Illuminate/Http/Request), Object(Closure))
#43 D:/xampp/htdocs/gatewaybooks/vendor/laravel/framework/src/Illuminate/Pipeline/Pipeline.php(183): Illuminate/Foundation/Http/Middleware/ConvertEmptyStringsToNull->handle(Object(Illuminate/Http/Request), Object(Closure))
#44 D:/xampp/htdocs/gatewaybooks/vendor/laravel/framework/src/Illuminate/Foundation/Http/Middleware/TransformsRequest.php(21): Illuminate/Pipeline/Pipeline->Illuminate/Pipeline/{closure}(Object(Illuminate/Http/Request))
#45 D:/xampp/htdocs/gatewaybooks/vendor/laravel/framework/src/Illuminate/Foundation/Http/Middleware/TrimStrings.php(40): Illuminate/Foundation/Http/Middleware/TransformsRequest->handle(Object(Illuminate/Http/Request), Object(Closure))
#46 D:/xampp/htdocs/gatewaybooks/vendor/laravel/framework/src/Illuminate/Pipeline/Pipeline.php(183): Illuminate/Foundation/Http/Middleware/TrimStrings->handle(Object(Illuminate/Http/Request), Object(Closure))
#47 D:/xampp/htdocs/gatewaybooks/vendor/laravel/framework/src/Illuminate/Foundation/Http/Middleware/ValidatePostSize.php(27): Illuminate/Pipeline/Pipeline->Illuminate/Pipeline/{closure}(Object(Illuminate/Http/Request))
#48 D:/xampp/htdocs/gatewaybooks/vendor/laravel/framework/src/Illuminate/Pipeline/Pipeline.php(183): Illuminate/Foundation/Http/Middleware/ValidatePostSize->handle(Object(Illuminate/Http/Request), Object(Closure))
#49 D:/xampp/htdocs/gatewaybooks/vendor/laravel/framework/src/Illuminate/Foundation/Http/Middleware/PreventRequestsDuringMaintenance.php(99): Illuminate/Pipeline/Pipeline->Illuminate/Pipeline/{closure}(Object(Illuminate/Http/Request))
#50 D:/xampp/htdocs/gatewaybooks/vendor/laravel/framework/src/Illuminate/Pipeline/Pipeline.php(183): Illuminate/Foundation/Http/Middleware/PreventRequestsDuringMaintenance->handle(Object(Illuminate/Http/Request), Object(Closure))
#51 D:/xampp/htdocs/gatewaybooks/vendor/laravel/framework/src/Illuminate/Http/Middleware/HandleCors.php(49): Illuminate/Pipeline/Pipeline->Illuminate/Pipeline/{closure}(Object(Illuminate/Http/Request))
#52 D:/xampp/htdocs/gatewaybooks/vendor/laravel/framework/src/Illuminate/Pipeline/Pipeline.php(183): Illuminate/Http/Middleware/HandleCors->handle(Object(Illuminate/Http/Request), Object(Closure))
#53 D:/xampp/htdocs/gatewaybooks/vendor/laravel/framework/src/Illuminate/Http/Middleware/TrustProxies.php(39): Illuminate/Pipeline/Pipeline->Illuminate/Pipeline/{closure}(Object(Illuminate/Http/Request))
#54 D:/xampp/htdocs/gatewaybooks/vendor/laravel/framework/src/Illuminate/Pipeline/Pipeline.php(183): Illuminate/Http/Middleware/TrustProxies->handle(Object(Illuminate/Http/Request), Object(Closure))
#55 D:/xampp/htdocs/gatewaybooks/vendor/laravel/framework/src/Illuminate/Pipeline/Pipeline.php(119): Illuminate/Pipeline/Pipeline->Illuminate/Pipeline/{closure}(Object(Illuminate/Http/Request))
#56 D:/xampp/htdocs/gatewaybooks/vendor/laravel/framework/src/Illuminate/Foundation/Http/Kernel.php(175): Illuminate/Pipeline/Pipeline->then(Object(Closure))
#57 D:/xampp/htdocs/gatewaybooks/vendor/laravel/framework/src/Illuminate/Foundation/Http/Kernel.php(144): Illuminate/Foundation/Http/Kernel->sendRequestThroughRouter(Object(Illuminate/Http/Request))
#58 D:/xampp/htdocs/gatewaybooks/public/index.php(52): Illuminate/Foundation/Http/Kernel->handle(Object(Illuminate/Http/Request))
#59 D:/xampp/htdocs/gatewaybooks/vendor/laravel/framework/src/Illuminate/Foundation/resources/server.php(16): require_once('D://xampp//htdocs...')
#60 {main}

[previous exception] [object] (ErrorException(code: 0): Attempt to read property \"user_img\" on null at D:/xampp/htdocs/gatewaybooks/storage/framework/views/1b9a783da950bd953626e2e61042f4af.php:70)
[stacktrace]
#0 D:/xampp/htdocs/gatewaybooks/vendor/laravel/framework/src/Illuminate/Foundation/Bootstrap/HandleExceptions.php(255): Illuminate/Foundation/Bootstrap/HandleExceptions->handleError(2, 'Attempt to read...', 'D://xampp//htdocs...', 70)
#1 D:/xampp/htdocs/gatewaybooks/storage/framework/views/1b9a783da950bd953626e2e61042f4af.php(70): Illuminate/Foundation/Bootstrap/HandleExceptions->Illuminate/Foundation/Bootstrap/{closure}(2, 'Attempt to read...', 'D://xampp//htdocs...', 70)
#2 D:/xampp/htdocs/gatewaybooks/vendor/laravel/framework/src/Illuminate/Filesystem/Filesystem.php(123): require('D://xampp//htdocs...')
#3 D:/xampp/htdocs/gatewaybooks/vendor/laravel/framework/src/Illuminate/Filesystem/Filesystem.php(124): Illuminate/Filesystem/Filesystem::Illuminate/Filesystem/{closure}()
#4 D:/xampp/htdocs/gatewaybooks/vendor/laravel/framework/src/Illuminate/View/Engines/PhpEngine.php(58): Illuminate/Filesystem/Filesystem->getRequire('D://xampp//htdocs...', Array)
#5 D:/xampp/htdocs/gatewaybooks/vendor/laravel/framework/src/Illuminate/View/Engines/CompilerEngine.php(72): Illuminate/View/Engines/PhpEngine->evaluatePath('D://xampp//htdocs...', Array)
#6 D:/xampp/htdocs/gatewaybooks/vendor/laravel/framework/src/Illuminate/View/View.php(207): Illuminate/View/Engines/CompilerEngine->get('D://xampp//htdocs...', Array)
#7 D:/xampp/htdocs/gatewaybooks/vendor/laravel/framework/src/Illuminate/View/View.php(190): Illuminate/View/View->getContents()
#8 D:/xampp/htdocs/gatewaybooks/vendor/laravel/framework/src/Illuminate/View/View.php(159): Illuminate/View/View->renderContents()
#9 D:/xampp/htdocs/gatewaybooks/storage/framework/views/6ce313fbfc8e20448b0338085dc8764b.php(214): Illuminate/View/View->render()
#10 D:/xampp/htdocs/gatewaybooks/vendor/laravel/framework/src/Illuminate/Filesystem/Filesystem.php(123): require('D://xampp//htdocs...')
#11 D:/xampp/htdocs/gatewaybooks/vendor/laravel/framework/src/Illuminate/Filesystem/Filesystem.php(124): Illuminate/Filesystem/Filesystem::Illuminate/Filesystem/{closure}()
#12 D:/xampp/htdocs/gatewaybooks/vendor/laravel/framework/src/Illuminate/View/Engines/PhpEngine.php(58): Illuminate/Filesystem/Filesystem->getRequire('D://xampp//htdocs...', Array)
#13 D:/xampp/htdocs/gatewaybooks/vendor/laravel/framework/src/Illuminate/View/Engines/CompilerEngine.php(72): Illuminate/View/Engines/PhpEngine->evaluatePath('D://xampp//htdocs...', Array)
#14 D:/xampp/htdocs/gatewaybooks/vendor/laravel/framework/src/Illuminate/View/View.php(207): Illuminate/View/Engines/CompilerEngine->get('D://xampp//htdocs...', Array)
#15 D:/xampp/htdocs/gatewaybooks/vendor/laravel/framework/src/Illuminate/View/View.php(190): Illuminate/View/View->getContents()
#16 D:/xampp/htdocs/gatewaybooks/vendor/laravel/framework/src/Illuminate/View/View.php(159): Illuminate/View/View->renderContents()
#17 D:/xampp/htdocs/gatewaybooks/vendor/laravel/framework/src/Illuminate/Http/Response.php(69): Illuminate/View/View->render()
#18 D:/xampp/htdocs/gatewaybooks/vendor/laravel/framework/src/Illuminate/Http/Response.php(35): Illuminate/Http/Response->setContent(Object(Illuminate/View/View))
#19 D:/xampp/htdocs/gatewaybooks/vendor/laravel/framework/src/Illuminate/Routing/Router.php(918): Illuminate/Http/Response->__construct(Object(Illuminate/View/View), 200, Array)
#20 D:/xampp/htdocs/gatewaybooks/vendor/laravel/framework/src/Illuminate/Routing/Router.php(885): Illuminate/Routing/Router::toResponse(Object(Illuminate/Http/Request), Object(Illuminate/View/View))
#21 D:/xampp/htdocs/gatewaybooks/vendor/laravel/framework/src/Illuminate/Routing/Router.php(806): Illuminate/Routing/Router->prepareResponse(Object(Illuminate/Http/Request), Object(Illuminate/View/View))
#22 D:/xampp/htdocs/gatewaybooks/vendor/laravel/framework/src/Illuminate/Pipeline/Pipeline.php(144): Illuminate/Routing/Router->Illuminate/Routing/{closure}(Object(Illuminate/Http/Request))
#23 D:/xampp/htdocs/gatewaybooks/vendor/laravel/framework/src/Illuminate/Routing/Middleware/SubstituteBindings.php(50): Illuminate/Pipeline/Pipeline->Illuminate/Pipeline/{closure}(Object(Illuminate/Http/Request))
#24 D:/xampp/htdocs/gatewaybooks/vendor/laravel/framework/src/Illuminate/Pipeline/Pipeline.php(183): Illuminate/Routing/Middleware/SubstituteBindings->handle(Object(Illuminate/Http/Request), Object(Closure))
#25 D:/xampp/htdocs/gatewaybooks/vendor/laravel/framework/src/Illuminate/Foundation/Http/Middleware/VerifyCsrfToken.php(78): Illuminate/Pipeline/Pipeline->Illuminate/Pipeline/{closure}(Object(Illuminate/Http/Request))
#26 D:/xampp/htdocs/gatewaybooks/vendor/laravel/framework/src/Illuminate/Pipeline/Pipeline.php(183): Illuminate/Foundation/Http/Middleware/VerifyCsrfToken->handle(Object(Illuminate/Http/Request), Object(Closure))
#27 D:/xampp/htdocs/gatewaybooks/vendor/laravel/framework/src/Illuminate/View/Middleware/ShareErrorsFromSession.php(49): Illuminate/Pipeline/Pipeline->Illuminate/Pipeline/{closure}(Object(Illuminate/Http/Request))
#28 D:/xampp/htdocs/gatewaybooks/vendor/laravel/framework/src/Illuminate/Pipeline/Pipeline.php(183): Illuminate/View/Middleware/ShareErrorsFromSession->handle(Object(Illuminate/Http/Request), Object(Closure))
#29 D:/xampp/htdocs/gatewaybooks/vendor/laravel/framework/src/Illuminate/Session/Middleware/StartSession.php(121): Illuminate/Pipeline/Pipeline->Illuminate/Pipeline/{closure}(Object(Illuminate/Http/Request))
#30 D:/xampp/htdocs/gatewaybooks/vendor/laravel/framework/src/Illuminate/Session/Middleware/StartSession.php(64): Illuminate/Session/Middleware/StartSession->handleStatefulRequest(Object(Illuminate/Http/Request), Object(Illuminate/Session/Store), Object(Closure))
#31 D:/xampp/htdocs/gatewaybooks/vendor/laravel/framework/src/Illuminate/Pipeline/Pipeline.php(183): Illuminate/Session/Middleware/StartSession->handle(Object(Illuminate/Http/Request), Object(Closure))
#32 D:/xampp/htdocs/gatewaybooks/vendor/laravel/framework/src/Illuminate/Cookie/Middleware/AddQueuedCookiesToResponse.php(37): Illuminate/Pipeline/Pipeline->Illuminate/Pipeline/{closure}(Object(Illuminate/Http/Request))
#33 D:/xampp/htdocs/gatewaybooks/vendor/laravel/framework/src/Illuminate/Pipeline/Pipeline.php(183): Illuminate/Cookie/Middleware/AddQueuedCookiesToResponse->handle(Object(Illuminate/Http/Request), Object(Closure))
#34 D:/xampp/htdocs/gatewaybooks/vendor/laravel/framework/src/Illuminate/Cookie/Middleware/EncryptCookies.php(67): Illuminate/Pipeline/Pipeline->Illuminate/Pipeline/{closure}(Object(Illuminate/Http/Request))
#35 D:/xampp/htdocs/gatewaybooks/vendor/laravel/framework/src/Illuminate/Pipeline/Pipeline.php(183): Illuminate/Cookie/Middleware/EncryptCookies->handle(Object(Illuminate/Http/Request), Object(Closure))
#36 D:/xampp/htdocs/gatewaybooks/vendor/laravel/framework/src/Illuminate/Pipeline/Pipeline.php(119): Illuminate/Pipeline/Pipeline->Illuminate/Pipeline/{closure}(Object(Illuminate/Http/Request))
#37 D:/xampp/htdocs/gatewaybooks/vendor/laravel/framework/src/Illuminate/Routing/Router.php(807): Illuminate/Pipeline/Pipeline->then(Object(Closure))
#38 D:/xampp/htdocs/gatewaybooks/vendor/laravel/framework/src/Illuminate/Routing/Router.php(784): Illuminate/Routing/Router->runRouteWithinStack(Object(Illuminate/Routing/Route), Object(Illuminate/Http/Request))
#39 D:/xampp/htdocs/gatewaybooks/vendor/laravel/framework/src/Illuminate/Routing/Router.php(748): Illuminate/Routing/Router->runRoute(Object(Illuminate/Http/Request), Object(Illuminate/Routing/Route))
#40 D:/xampp/htdocs/gatewaybooks/vendor/laravel/framework/src/Illuminate/Routing/Router.php(737): Illuminate/Routing/Router->dispatchToRoute(Object(Illuminate/Http/Request))
#41 D:/xampp/htdocs/gatewaybooks/vendor/laravel/framework/src/Illuminate/Foundation/Http/Kernel.php(200): Illuminate/Routing/Router->dispatch(Object(Illuminate/Http/Request))
#42 D:/xampp/htdocs/gatewaybooks/vendor/laravel/framework/src/Illuminate/Pipeline/Pipeline.php(144): Illuminate/Foundation/Http/Kernel->Illuminate/Foundation/Http/{closure}(Object(Illuminate/Http/Request))
#43 D:/xampp/htdocs/gatewaybooks/vendor/laravel/framework/src/Illuminate/Foundation/Http/Middleware/TransformsRequest.php(21): Illuminate/Pipeline/Pipeline->Illuminate/Pipeline/{closure}(Object(Illuminate/Http/Request))
#44 D:/xampp/htdocs/gatewaybooks/vendor/laravel/framework/src/Illuminate/Foundation/Http/Middleware/ConvertEmptyStringsToNull.php(31): Illuminate/Foundation/Http/Middleware/TransformsRequest->handle(Object(Illuminate/Http/Request), Object(Closure))
#45 D:/xampp/htdocs/gatewaybooks/vendor/laravel/framework/src/Illuminate/Pipeline/Pipeline.php(183): Illuminate/Foundation/Http/Middleware/ConvertEmptyStringsToNull->handle(Object(Illuminate/Http/Request), Object(Closure))
#46 D:/xampp/htdocs/gatewaybooks/vendor/laravel/framework/src/Illuminate/Foundation/Http/Middleware/TransformsRequest.php(21): Illuminate/Pipeline/Pipeline->Illuminate/Pipeline/{closure}(Object(Illuminate/Http/Request))
#47 D:/xampp/htdocs/gatewaybooks/vendor/laravel/framework/src/Illuminate/Foundation/Http/Middleware/TrimStrings.php(40): Illuminate/Foundation/Http/Middleware/TransformsRequest->handle(Object(Illuminate/Http/Request), Object(Closure))
#48 D:/xampp/htdocs/gatewaybooks/vendor/laravel/framework/src/Illuminate/Pipeline/Pipeline.php(183): Illuminate/Foundation/Http/Middleware/TrimStrings->handle(Object(Illuminate/Http/Request), Object(Closure))
#49 D:/xampp/htdocs/gatewaybooks/vendor/laravel/framework/src/Illuminate/Foundation/Http/Middleware/ValidatePostSize.php(27): Illuminate/Pipeline/Pipeline->Illuminate/Pipeline/{closure}(Object(Illuminate/Http/Request))
#50 D:/xampp/htdocs/gatewaybooks/vendor/laravel/framework/src/Illuminate/Pipeline/Pipeline.php(183): Illuminate/Foundation/Http/Middleware/ValidatePostSize->handle(Object(Illuminate/Http/Request), Object(Closure))
#51 D:/xampp/htdocs/gatewaybooks/vendor/laravel/framework/src/Illuminate/Foundation/Http/Middleware/PreventRequestsDuringMaintenance.php(99): Illuminate/Pipeline/Pipeline->Illuminate/Pipeline/{closure}(Object(Illuminate/Http/Request))
#52 D:/xampp/htdocs/gatewaybooks/vendor/laravel/framework/src/Illuminate/Pipeline/Pipeline.php(183): Illuminate/Foundation/Http/Middleware/PreventRequestsDuringMaintenance->handle(Object(Illuminate/Http/Request), Object(Closure))
#53 D:/xampp/htdocs/gatewaybooks/vendor/laravel/framework/src/Illuminate/Http/Middleware/HandleCors.php(49): Illuminate/Pipeline/Pipeline->Illuminate/Pipeline/{closure}(Object(Illuminate/Http/Request))
#54 D:/xampp/htdocs/gatewaybooks/vendor/laravel/framework/src/Illuminate/Pipeline/Pipeline.php(183): Illuminate/Http/Middleware/HandleCors->handle(Object(Illuminate/Http/Request), Object(Closure))
#55 D:/xampp/htdocs/gatewaybooks/vendor/laravel/framework/src/Illuminate/Http/Middleware/TrustProxies.php(39): Illuminate/Pipeline/Pipeline->Illuminate/Pipeline/{closure}(Object(Illuminate/Http/Request))
#56 D:/xampp/htdocs/gatewaybooks/vendor/laravel/framework/src/Illuminate/Pipeline/Pipeline.php(183): Illuminate/Http/Middleware/TrustProxies->handle(Object(Illuminate/Http/Request), Object(Closure))
#57 D:/xampp/htdocs/gatewaybooks/vendor/laravel/framework/src/Illuminate/Pipeline/Pipeline.php(119): Illuminate/Pipeline/Pipeline->Illuminate/Pipeline/{closure}(Object(Illuminate/Http/Request))
#58 D:/xampp/htdocs/gatewaybooks/vendor/laravel/framework/src/Illuminate/Foundation/Http/Kernel.php(175): Illuminate/Pipeline/Pipeline->then(Object(Closure))
#59 D:/xampp/htdocs/gatewaybooks/vendor/laravel/framework/src/Illuminate/Foundation/Http/Kernel.php(144): Illuminate/Foundation/Http/Kernel->sendRequestThroughRouter(Object(Illuminate/Http/Request))
#60 D:/xampp/htdocs/gatewaybooks/public/index.php(52): Illuminate/Foundation/Http/Kernel->handle(Object(Illuminate/Http/Request))
#61 D:/xampp/htdocs/gatewaybooks/vendor/laravel/framework/src/Illuminate/Foundation/resources/server.php(16): require_once('D://xampp//htdocs...')
#62 {main}
"} 
[2026-09-01 09:44:54] local.ERROR: SQLSTATE[42S22]: Column not found: 1054 Unknown column 'isbn_10' in 'field list' (Connection: mysql, SQL: update `book` set `category_id` = 1, `author_id` = 1, `availability` = Derrick Stark, `price` = Derrick Stark, `rating` = ?, `publisher` = Derrick Stark, `country_of_publisher` = none, `isbn` = Derrick Stark, `audience` = Derrick Stark, `format` = Derrick Stark, `language` = Derrick Stark, `book_img` = 89dc698f4dd29d4899a4445f1010cd801788255894.png, `total_pages` = Derrick Stark, `downloaded` = ?, `edition_number` = Derrick Stark, `recommended` = ?, `isbn_10` = Derrick Stark, `book`.`updated_at` = 2026-09-01 09:44:54 where `id` = 51) {"userId":1,"exception":"[object] (Illuminate\\Database\\QueryException(code: 42S22): SQLSTATE[42S22]: Column not found: 1054 Unknown column 'isbn_10' in 'field list' (Connection: mysql, SQL: update `book` set `category_id` = 1, `author_id` = 1, `availability` = Derrick Stark, `price` = Derrick Stark, `rating` = ?, `publisher` = Derrick Stark, `country_of_publisher` = none, `isbn` = Derrick Stark, `audience` = Derrick Stark, `format` = Derrick Stark, `language` = Derrick Stark, `book_img` = 89dc698f4dd29d4899a4445f1010cd801788255894.png, `total_pages` = Derrick Stark, `downloaded` = ?, `edition_number` = Derrick Stark, `recommended` = ?, `isbn_10` = Derrick Stark, `book`.`updated_at` = 2026-09-01 09:44:54 where `id` = 51) at D:/xampp/htdocs/gatewaybooks/vendor/laravel/framework/src/Illuminate/Database/Connection.php:829)
[stacktrace]
#0 D:/xampp/htdocs/gatewaybooks/vendor/laravel/framework/src/Illuminate/Database/Connection.php(783): Illuminate/Database/Connection->runQueryCallback('update `book` s...', Array, Object(Closure))
#1 D:/xampp/htdocs/gatewaybooks/vendor/laravel/framework/src/Illuminate/Database/Connection.php(619): Illuminate/Database/Connection->run('update `book` s...', Array, Object(Closure))
#2 D:/xampp/htdocs/gatewaybooks/vendor/laravel/framework/src/Illuminate/Database/Connection.php(552): Illuminate/Database/Connection->affectingStatement('update `book` s...', Array)
#3 D:/xampp/htdocs/gatewaybooks/vendor/laravel/framework/src/Illuminate/Database/Query/Builder.php(3603): Illuminate/Database/Connection->update('update `book` s...', Array)
#4 D:/xampp/htdocs/gatewaybooks/vendor/laravel/framework/src/Illuminate/Database/Eloquent/Builder.php(1061): Illuminate/Database/Query/Builder->update(Array)
#5 D:/xampp/htdocs/gatewaybooks/vendor/laravel/framework/src/Illuminate/Database/Eloquent/Model.php(1214): Illuminate/Database/Eloquent/Builder->update(Array)
#6 D:/xampp/htdocs/gatewaybooks/vendor/laravel/framework/src/Illuminate/Database/Eloquent/Model.php(1131): Illuminate/Database/Eloquent/Model->performUpdate(Object(Illuminate/Database/Eloquent/Builder))
#7 D:/xampp/htdocs/gatewaybooks/vendor/laravel/framework/src/Illuminate/Database/Eloquent/Model.php(991): Illuminate/Database/Eloquent/Model->save(Array)
#8 D:/xampp/htdocs/gatewaybooks/app/Http/Controllers/Admin/BookController.php(123): Illuminate/Database/Eloquent/Model->update(Array)
#9 D:/xampp/htdocs/gatewaybooks/vendor/laravel/framework/src/Illuminate/Routing/Controller.php(54): App/Http/Controllers/Admin/BookController->update(Object(Illuminate/Http/Request), '51')
#10 D:/xampp/htdocs/gatewaybooks/vendor/laravel/framework/src/Illuminate/Routing/ControllerDispatcher.php(43): Illuminate/Routing/Controller->callAction('update', Array)
#11 D:/xampp/htdocs/gatewaybooks/vendor/laravel/framework/src/Illuminate/Routing/Route.php(260): Illuminate/Routing/ControllerDispatcher->dispatch(Object(Illuminate/Routing/Route), Object(App/Http/Controllers/Admin/BookController), 'update')
#12 D:/xampp/htdocs/gatewaybooks/vendor/laravel/framework/src/Illuminate/Routing/Route.php(205): Illuminate/Routing/Route->runController()
#13 D:/xampp/htdocs/gatewaybooks/vendor/laravel/framework/src/Illuminate/Routing/Router.php(806): Illuminate/Routing/Route->run()
#14 D:/xampp/htdocs/gatewaybooks/vendor/laravel/framework/src/Illuminate/Pipeline/Pipeline.php(144): Illuminate/Routing/Router->Illuminate/Routing/{closure}(Object(Illuminate/Http/Request))
#15 D:/xampp/htdocs/gatewaybooks/vendor/laravel/framework/src/Illuminate/Routing/Middleware/SubstituteBindings.php(50): Illuminate/Pipeline/Pipeline->Illuminate/Pipeline/{closure}(Object(Illuminate/Http/Request))
#16 D:/xampp/htdocs/gatewaybooks/vendor/laravel/framework/src/Illuminate/Pipeline/Pipeline.php(183): Illuminate/Routing/Middleware/SubstituteBindings->handle(Object(Illuminate/Http/Request), Object(Closure))
#17 D:/xampp/htdocs/gatewaybooks/vendor/laravel/framework/src/Illuminate/Foundation/Http/Middleware/VerifyCsrfToken.php(78): Illuminate/Pipeline/Pipeline->Illuminate/Pipeline/{closure}(Object(Illuminate/Http/Request))
#18 D:/xampp/htdocs/gatewaybooks/vendor/laravel/framework/src/Illuminate/Pipeline/Pipeline.php(183): Illuminate/Foundation/Http/Middleware/VerifyCsrfToken->handle(Object(Illuminate/Http/Request), Object(Closure))
#19 D:/xampp/htdocs/gatewaybooks/vendor/laravel/framework/src/Illuminate/View/Middleware/ShareErrorsFromSession.php(49): Illuminate/Pipeline/Pipeline->Illuminate/Pipeline/{closure}(Object(Illuminate/Http/Request))
#20 D:/xampp/htdocs/gatewaybooks/vendor/laravel/framework/src/Illuminate/Pipeline/Pipeline.php(183): Illuminate/View/Middleware/ShareErrorsFromSession->handle(Object(Illuminate/Http/Request), Object(Closure))
#21 D:/xampp/htdocs/gatewaybooks/vendor/laravel/framework/src/Illuminate/Session/Middleware/StartSession.php(121): Illuminate/Pipeline/Pipeline->Illuminate/Pipeline/{closure}(Object(Illuminate/Http/Request))
#22 D:/xampp/htdocs/gatewaybooks/vendor/laravel/framework/src/Illuminate/Session/Middleware/StartSession.php(64): Illuminate/Session/Middleware/StartSession->handleStatefulRequest(Object(Illuminate/Http/Request), Object(Illuminate/Session/Store), Object(Closure))
#23 D:/xampp/htdocs/gatewaybooks/vendor/laravel/framework/src/Illuminate/Pipeline/Pipeline.php(183): Illuminate/Session/Middleware/StartSession->handle(Object(Illuminate/Http/Request), Object(Closure))
#24 D:/xampp/htdocs/gatewaybooks/vendor/laravel/framework/src/Illuminate/Cookie/Middleware/AddQueuedCookiesToResponse.php(37): Illuminate/Pipeline/Pipeline->Illuminate/Pipeline/{closure}(Object(Illuminate/Http/Request))
#25 D:/xampp/htdocs/gatewaybooks/vendor/laravel/framework/src/Illuminate/Pipeline/Pipeline.php(183): Illuminate/Cookie/Middleware/AddQueuedCookiesToResponse->handle(Object(Illuminate/Http/Request), Object(Closure))
#26 D:/xampp/htdocs/gatewaybooks/vendor/laravel/framework/src/Illuminate/Cookie/Middleware/EncryptCookies.php(67): Illuminate/Pipeline/Pipeline->Illuminate/Pipeline/{closure}(Object(Illuminate/Http/Request))
#27 D:/xampp/htdocs/gatewaybooks/vendor/laravel/framework/src/Illuminate/Pipeline/Pipeline.php(183): Illuminate/Cookie/Middleware/EncryptCookies->handle(Object(Illuminate/Http/Request), Object(Closure))
#28 D:/xampp/htdocs/gatewaybooks/vendor/laravel/framework/src/Illuminate/Pipeline/Pipeline.php(119): Illuminate/Pipeline/Pipeline->Illuminate/Pipeline/{closure}(Object(Illuminate/Http/Request))
#29 D:/xampp/htdocs/gatewaybooks/vendor/laravel/framework/src/Illuminate/Routing/Router.php(807): Illuminate/Pipeline/Pipeline->then(Object(Closure))
#30 D:/xampp/htdocs/gatewaybooks/vendor/laravel/framework/src/Illuminate/Routing/Router.php(784): Illuminate/Routing/Router->runRouteWithinStack(Object(Illuminate/Routing/Route), Object(Illuminate/Http/Request))
#31 D:/xampp/htdocs/gatewaybooks/vendor/laravel/framework/src/Illuminate/Routing/Router.php(748): Illuminate/Routing/Router->runRoute(Object(Illuminate/Http/Request), Object(Illuminate/Routing/Route))
#32 D:/xampp/htdocs/gatewaybooks/vendor/laravel/framework/src/Illuminate/Routing/Router.php(737): Illuminate/Routing/Router->dispatchToRoute(Object(Illuminate/Http/Request))
#33 D:/xampp/htdocs/gatewaybooks/vendor/laravel/framework/src/Illuminate/Foundation/Http/Kernel.php(200): Illuminate/Routing/Router->dispatch(Object(Illuminate/Http/Request))
#34 D:/xampp/htdocs/gatewaybooks/vendor/laravel/framework/src/Illuminate/Pipeline/Pipeline.php(144): Illuminate/Foundation/Http/Kernel->Illuminate/Foundation/Http/{closure}(Object(Illuminate/Http/Request))
#35 D:/xampp/htdocs/gatewaybooks/vendor/laravel/framework/src/Illuminate/Foundation/Http/Middleware/TransformsRequest.php(21): Illuminate/Pipeline/Pipeline->Illuminate/Pipeline/{closure}(Object(Illuminate/Http/Request))
#36 D:/xampp/htdocs/gatewaybooks/vendor/laravel/framework/src/Illuminate/Foundation/Http/Middleware/ConvertEmptyStringsToNull.php(31): Illuminate/Foundation/Http/Middleware/TransformsRequest->handle(Object(Illuminate/Http/Request), Object(Closure))
#37 D:/xampp/htdocs/gatewaybooks/vendor/laravel/framework/src/Illuminate/Pipeline/Pipeline.php(183): Illuminate/Foundation/Http/Middleware/ConvertEmptyStringsToNull->handle(Object(Illuminate/Http/Request), Object(Closure))
#38 D:/xampp/htdocs/gatewaybooks/vendor/laravel/framework/src/Illuminate/Foundation/Http/Middleware/TransformsRequest.php(21): Illuminate/Pipeline/Pipeline->Illuminate/Pipeline/{closure}(Object(Illuminate/Http/Request))
#39 D:/xampp/htdocs/gatewaybooks/vendor/laravel/framework/src/Illuminate/Foundation/Http/Middleware/TrimStrings.php(40): Illuminate/Foundation/Http/Middleware/TransformsRequest->handle(Object(Illuminate/Http/Request), Object(Closure))
#40 D:/xampp/htdocs/gatewaybooks/vendor/laravel/framework/src/Illuminate/Pipeline/Pipeline.php(183): Illuminate/Foundation/Http/Middleware/TrimStrings->handle(Object(Illuminate/Http/Request), Object(Closure))
#41 D:/xampp/htdocs/gatewaybooks/vendor/laravel/framework/src/Illuminate/Foundation/Http/Middleware/ValidatePostSize.php(27): Illuminate/Pipeline/Pipeline->Illuminate/Pipeline/{closure}(Object(Illuminate/Http/Request))
#42 D:/xampp/htdocs/gatewaybooks/vendor/laravel/framework/src/Illuminate/Pipeline/Pipeline.php(183): Illuminate/Foundation/Http/Middleware/ValidatePostSize->handle(Object(Illuminate/Http/Request), Object(Closure))
#43 D:/xampp/htdocs/gatewaybooks/vendor/laravel/framework/src/Illuminate/Foundation/Http/Middleware/PreventRequestsDuringMaintenance.php(99): Illuminate/Pipeline/Pipeline->Illuminate/Pipeline/{closure}(Object(Illuminate/Http/Request))
#44 D:/xampp/htdocs/gatewaybooks/vendor/laravel/framework/src/Illuminate/Pipeline/Pipeline.php(183): Illuminate/Foundation/Http/Middleware/PreventRequestsDuringMaintenance->handle(Object(Illuminate/Http/Request), Object(Closure))
#45 D:/xampp/htdocs/gatewaybooks/vendor/laravel/framework/src/Illuminate/Http/Middleware/HandleCors.php(49): Illuminate/Pipeline/Pipeline->Illuminate/Pipeline/{closure}(Object(Illuminate/Http/Request))
#46 D:/xampp/htdocs/gatewaybooks/vendor/laravel/framework/src/Illuminate/Pipeline/Pipeline.php(183): Illuminate/Http/Middleware/HandleCors->handle(Object(Illuminate/Http/Request), Object(Closure))
#47 D:/xampp/htdocs/gatewaybooks/vendor/laravel/framework/src/Illuminate/Http/Middleware/TrustProxies.php(39): Illuminate/Pipeline/Pipeline->Illuminate/Pipeline/{closure}(Object(Illuminate/Http/Request))
#48 D:/xampp/htdocs/gatewaybooks/vendor/laravel/framework/src/Illuminate/Pipeline/Pipeline.php(183): Illuminate/Http/Middleware/TrustProxies->handle(Object(Illuminate/Http/Request), Object(Closure))
#49 D:/xampp/htdocs/gatewaybooks/vendor/laravel/framework/src/Illuminate/Pipeline/Pipeline.php(119): Illuminate/Pipeline/Pipeline->Illuminate/Pipeline/{closure}(Object(Illuminate/Http/Request))
#50 D:/xampp/htdocs/gatewaybooks/vendor/laravel/framework/src/Illuminate/Foundation/Http/Kernel.php(175): Illuminate/Pipeline/Pipeline->then(Object(Closure))
#51 D:/xampp/htdocs/gatewaybooks/vendor/laravel/framework/src/Illuminate/Foundation/Http/Kernel.php(144): Illuminate/Foundation/Http/Kernel->sendRequestThroughRouter(Object(Illuminate/Http/Request))
#52 D:/xampp/htdocs/gatewaybooks/public/index.php(52): Illuminate/Foundation/Http/Kernel->handle(Object(Illuminate/Http/Request))
#53 D:/xampp/htdocs/gatewaybooks/vendor/laravel/framework/src/Illuminate/Foundation/resources/server.php(16): require_once('D://xampp//htdocs...')
#54 {main}

[previous exception] [object] (PDOException(code: 42S22): SQLSTATE[42S22]: Column not found: 1054 Unknown column 'isbn_10' in 'field list' at D:/xampp/htdocs/gatewaybooks/vendor/laravel/framework/src/Illuminate/Database/Connection.php:608)
[stacktrace]
#0 D:/xampp/htdocs/gatewaybooks/vendor/laravel/framework/src/Illuminate/Database/Connection.php(608): PDO->prepare('update `book` s...')
#1 D:/xampp/htdocs/gatewaybooks/vendor/laravel/framework/src/Illuminate/Database/Connection.php(816): Illuminate/Database/Connection->Illuminate/Database/{closure}('update `book` s...', Array)
#2 D:/xampp/htdocs/gatewaybooks/vendor/laravel/framework/src/Illuminate/Database/Connection.php(783): Illuminate/Database/Connection->runQueryCallback('update `book` s...', Array, Object(Closure))
#3 D:/xampp/htdocs/gatewaybooks/vendor/laravel/framework/src/Illuminate/Database/Connection.php(619): Illuminate/Database/Connection->run('update `book` s...', Array, Object(Closure))
#4 D:/xampp/htdocs/gatewaybooks/vendor/laravel/framework/src/Illuminate/Database/Connection.php(552): Illuminate/Database/Connection->affectingStatement('update `book` s...', Array)
#5 D:/xampp/htdocs/gatewaybooks/vendor/laravel/framework/src/Illuminate/Database/Query/Builder.php(3603): Illuminate/Database/Connection->update('update `book` s...', Array)
#6 D:/xampp/htdocs/gatewaybooks/vendor/laravel/framework/src/Illuminate/Database/Eloquent/Builder.php(1061): Illuminate/Database/Query/Builder->update(Array)
#7 D:/xampp/htdocs/gatewaybooks/vendor/laravel/framework/src/Illuminate/Database/Eloquent/Model.php(1214): Illuminate/Database/Eloquent/Builder->update(Array)
#8 D:/xampp/htdocs/gatewaybooks/vendor/laravel/framework/src/Illuminate/Database/Eloquent/Model.php(1131): Illuminate/Database/Eloquent/Model->performUpdate(Object(Illuminate/Database/Eloquent/Builder))
#9 D:/xampp/htdocs/gatewaybooks/vendor/laravel/framework/src/Illuminate/Database/Eloquent/Model.php(991): Illuminate/Database/Eloquent/Model->save(Array)
#10 D:/xampp/htdocs/gatewaybooks/app/Http/Controllers/Admin/BookController.php(123): Illuminate/Database/Eloquent/Model->update(Array)
#11 D:/xampp/htdocs/gatewaybooks/vendor/laravel/framework/src/Illuminate/Routing/Controller.php(54): App/Http/Controllers/Admin/BookController->update(Object(Illuminate/Http/Request), '51')
#12 D:/xampp/htdocs/gatewaybooks/vendor/laravel/framework/src/Illuminate/Routing/ControllerDispatcher.php(43): Illuminate/Routing/Controller->callAction('update', Array)
#13 D:/xampp/htdocs/gatewaybooks/vendor/laravel/framework/src/Illuminate/Routing/Route.php(260): Illuminate/Routing/ControllerDispatcher->dispatch(Object(Illuminate/Routing/Route), Object(App/Http/Controllers/Admin/BookController), 'update')
#14 D:/xampp/htdocs/gatewaybooks/vendor/laravel/framework/src/Illuminate/Routing/Route.php(205): Illuminate/Routing/Route->runController()
#15 D:/xampp/htdocs/gatewaybooks/vendor/laravel/framework/src/Illuminate/Routing/Router.php(806): Illuminate/Routing/Route->run()
#16 D:/xampp/htdocs/gatewaybooks/vendor/laravel/framework/src/Illuminate/Pipeline/Pipeline.php(144): Illuminate/Routing/Router->Illuminate/Routing/{closure}(Object(Illuminate/Http/Request))
#17 D:/xampp/htdocs/gatewaybooks/vendor/laravel/framework/src/Illuminate/Routing/Middleware/SubstituteBindings.php(50): Illuminate/Pipeline/Pipeline->Illuminate/Pipeline/{closure}(Object(Illuminate/Http/Request))
#18 D:/xampp/htdocs/gatewaybooks/vendor/laravel/framework/src/Illuminate/Pipeline/Pipeline.php(183): Illuminate/Routing/Middleware/SubstituteBindings->handle(Object(Illuminate/Http/Request), Object(Closure))
#19 D:/xampp/htdocs/gatewaybooks/vendor/laravel/framework/src/Illuminate/Foundation/Http/Middleware/VerifyCsrfToken.php(78): Illuminate/Pipeline/Pipeline->Illuminate/Pipeline/{closure}(Object(Illuminate/Http/Request))
#20 D:/xampp/htdocs/gatewaybooks/vendor/laravel/framework/src/Illuminate/Pipeline/Pipeline.php(183): Illuminate/Foundation/Http/Middleware/VerifyCsrfToken->handle(Object(Illuminate/Http/Request), Object(Closure))
#21 D:/xampp/htdocs/gatewaybooks/vendor/laravel/framework/src/Illuminate/View/Middleware/ShareErrorsFromSession.php(49): Illuminate/Pipeline/Pipeline->Illuminate/Pipeline/{closure}(Object(Illuminate/Http/Request))
#22 D:/xampp/htdocs/gatewaybooks/vendor/laravel/framework/src/Illuminate/Pipeline/Pipeline.php(183): Illuminate/View/Middleware/ShareErrorsFromSession->handle(Object(Illuminate/Http/Request), Object(Closure))
#23 D:/xampp/htdocs/gatewaybooks/vendor/laravel/framework/src/Illuminate/Session/Middleware/StartSession.php(121): Illuminate/Pipeline/Pipeline->Illuminate/Pipeline/{closure}(Object(Illuminate/Http/Request))
#24 D:/xampp/htdocs/gatewaybooks/vendor/laravel/framework/src/Illuminate/Session/Middleware/StartSession.php(64): Illuminate/Session/Middleware/StartSession->handleStatefulRequest(Object(Illuminate/Http/Request), Object(Illuminate/Session/Store), Object(Closure))
#25 D:/xampp/htdocs/gatewaybooks/vendor/laravel/framework/src/Illuminate/Pipeline/Pipeline.php(183): Illuminate/Session/Middleware/StartSession->handle(Object(Illuminate/Http/Request), Object(Closure))
#26 D:/xampp/htdocs/gatewaybooks/vendor/laravel/framework/src/Illuminate/Cookie/Middleware/AddQueuedCookiesToResponse.php(37): Illuminate/Pipeline/Pipeline->Illuminate/Pipeline/{closure}(Object(Illuminate/Http/Request))
#27 D:/xampp/htdocs/gatewaybooks/vendor/laravel/framework/src/Illuminate/Pipeline/Pipeline.php(183): Illuminate/Cookie/Middleware/AddQueuedCookiesToResponse->handle(Object(Illuminate/Http/Request), Object(Closure))
#28 D:/xampp/htdocs/gatewaybooks/vendor/laravel/framework/src/Illuminate/Cookie/Middleware/EncryptCookies.php(67): Illuminate/Pipeline/Pipeline->Illuminate/Pipeline/{closure}(Object(Illuminate/Http/Request))
#29 D:/xampp/htdocs/gatewaybooks/vendor/laravel/framework/src/Illuminate/Pipeline/Pipeline.php(183): Illuminate/Cookie/Middleware/EncryptCookies->handle(Object(Illuminate/Http/Request), Object(Closure))
#30 D:/xampp/htdocs/gatewaybooks/vendor/laravel/framework/src/Illuminate/Pipeline/Pipeline.php(119): Illuminate/Pipeline/Pipeline->Illuminate/Pipeline/{closure}(Object(Illuminate/Http/Request))
#31 D:/xampp/htdocs/gatewaybooks/vendor/laravel/framework/src/Illuminate/Routing/Router.php(807): Illuminate/Pipeline/Pipeline->then(Object(Closure))
#32 D:/xampp/htdocs/gatewaybooks/vendor/laravel/framework/src/Illuminate/Routing/Router.php(784): Illuminate/Routing/Router->runRouteWithinStack(Object(Illuminate/Routing/Route), Object(Illuminate/Http/Request))
#33 D:/xampp/htdocs/gatewaybooks/vendor/laravel/framework/src/Illuminate/Routing/Router.php(748): Illuminate/Routing/Router->runRoute(Object(Illuminate/Http/Request), Object(Illuminate/Routing/Route))
#34 D:/xampp/htdocs/gatewaybooks/vendor/laravel/framework/src/Illuminate/Routing/Router.php(737): Illuminate/Routing/Router->dispatchToRoute(Object(Illuminate/Http/Request))
#35 D:/xampp/htdocs/gatewaybooks/vendor/laravel/framework/src/Illuminate/Foundation/Http/Kernel.php(200): Illuminate/Routing/Router->dispatch(Object(Illuminate/Http/Request))
#36 D:/xampp/htdocs/gatewaybooks/vendor/laravel/framework/src/Illuminate/Pipeline/Pipeline.php(144): Illuminate/Foundation/Http/Kernel->Illuminate/Foundation/Http/{closure}(Object(Illuminate/Http/Request))
#37 D:/xampp/htdocs/gatewaybooks/vendor/laravel/framework/src/Illuminate/Foundation/Http/Middleware/TransformsRequest.php(21): Illuminate/Pipeline/Pipeline->Illuminate/Pipeline/{closure}(Object(Illuminate/Http/Request))
#38 D:/xampp/htdocs/gatewaybooks/vendor/laravel/framework/src/Illuminate/Foundation/Http/Middleware/ConvertEmptyStringsToNull.php(31): Illuminate/Foundation/Http/Middleware/TransformsRequest->handle(Object(Illuminate/Http/Request), Object(Closure))
#39 D:/xampp/htdocs/gatewaybooks/vendor/laravel/framework/src/Illuminate/Pipeline/Pipeline.php(183): Illuminate/Foundation/Http/Middleware/ConvertEmptyStringsToNull->handle(Object(Illuminate/Http/Request), Object(Closure))
#40 D:/xampp/htdocs/gatewaybooks/vendor/laravel/framework/src/Illuminate/Foundation/Http/Middleware/TransformsRequest.php(21): Illuminate/Pipeline/Pipeline->Illuminate/Pipeline/{closure}(Object(Illuminate/Http/Request))
#41 D:/xampp/htdocs/gatewaybooks/vendor/laravel/framework/src/Illuminate/Foundation/Http/Middleware/TrimStrings.php(40): Illuminate/Foundation/Http/Middleware/TransformsRequest->handle(Object(Illuminate/Http/Request), Object(Closure))
#42 D:/xampp/htdocs/gatewaybooks/vendor/laravel/framework/src/Illuminate/Pipeline/Pipeline.php(183): Illuminate/Foundation/Http/Middleware/TrimStrings->handle(Object(Illuminate/Http/Request), Object(Closure))
#43 D:/xampp/htdocs/gatewaybooks/vendor/laravel/framework/src/Illuminate/Foundation/Http/Middleware/ValidatePostSize.php(27): Illuminate/Pipeline/Pipeline->Illuminate/Pipeline/{closure}(Object(Illuminate/Http/Request))
#44 D:/xampp/htdocs/gatewaybooks/vendor/laravel/framework/src/Illuminate/Pipeline/Pipeline.php(183): Illuminate/Foundation/Http/Middleware/ValidatePostSize->handle(Object(Illuminate/Http/Request), Object(Closure))
#45 D:/xampp/htdocs/gatewaybooks/vendor/laravel/framework/src/Illuminate/Foundation/Http/Middleware/PreventRequestsDuringMaintenance.php(99): Illuminate/Pipeline/Pipeline->Illuminate/Pipeline/{closure}(Object(Illuminate/Http/Request))
#46 D:/xampp/htdocs/gatewaybooks/vendor/laravel/framework/src/Illuminate/Pipeline/Pipeline.php(183): Illuminate/Foundation/Http/Middleware/PreventRequestsDuringMaintenance->handle(Object(Illuminate/Http/Request), Object(Closure))
#47 D:/xampp/htdocs/gatewaybooks/vendor/laravel/framework/src/Illuminate/Http/Middleware/HandleCors.php(49): Illuminate/Pipeline/Pipeline->Illuminate/Pipeline/{closure}(Object(Illuminate/Http/Request))
#48 D:/xampp/htdocs/gatewaybooks/vendor/laravel/framework/src/Illuminate/Pipeline/Pipeline.php(183): Illuminate/Http/Middleware/HandleCors->handle(Object(Illuminate/Http/Request), Object(Closure))
#49 D:/xampp/htdocs/gatewaybooks/vendor/laravel/framework/src/Illuminate/Http/Middleware/TrustProxies.php(39): Illuminate/Pipeline/Pipeline->Illuminate/Pipeline/{closure}(Object(Illuminate/Http/Request))
#50 D:/xampp/htdocs/gatewaybooks/vendor/laravel/framework/src/Illuminate/Pipeline/Pipeline.php(183): Illuminate/Http/Middleware/TrustProxies->handle(Object(Illuminate/Http/Request), Object(Closure))
#51 D:/xampp/htdocs/gatewaybooks/vendor/laravel/framework/src/Illuminate/Pipeline/Pipeline.php(119): Illuminate/Pipeline/Pipeline->Illuminate/Pipeline/{closure}(Object(Illuminate/Http/Request))
#52 D:/xampp/htdocs/gatewaybooks/vendor/laravel/framework/src/Illuminate/Foundation/Http/Kernel.php(175): Illuminate/Pipeline/Pipeline->then(Object(Closure))
#53 D:/xampp/htdocs/gatewaybooks/vendor/laravel/framework/src/Illuminate/Foundation/Http/Kernel.php(144): Illuminate/Foundation/Http/Kernel->sendRequestThroughRouter(Object(Illuminate/Http/Request))
#54 D:/xampp/htdocs/gatewaybooks/public/index.php(52): Illuminate/Foundation/Http/Kernel->handle(Object(Illuminate/Http/Request))
#55 D:/xampp/htdocs/gatewaybooks/vendor/laravel/framework/src/Illuminate/Foundation/resources/server.php(16): require_once('D://xampp//htdocs...')
#56 {main}
"} 
[2026-09-01 09:45:23] local.ERROR: SQLSTATE[42S22]: Column not found: 1054 Unknown column 'isbn_10' in 'field list' (Connection: mysql, SQL: update `book` set `category_id` = 1, `author_id` = 1, `availability` = Derrick Stark, `price` = Derrick Stark, `rating` = ?, `publisher` = Derrick Stark, `country_of_publisher` = none, `isbn` = Derrick Stark, `audience` = Derrick Stark, `format` = Derrick Stark, `language` = Derrick Stark, `book_img` = 89dc698f4dd29d4899a4445f1010cd801788255923.png, `total_pages` = Derrick Stark, `downloaded` = ?, `edition_number` = Derrick Stark, `recommended` = ?, `isbn_10` = Derrick Stark, `book`.`updated_at` = 2026-09-01 09:45:23 where `id` = 51) {"userId":1,"exception":"[object] (Illuminate\\Database\\QueryException(code: 42S22): SQLSTATE[42S22]: Column not found: 1054 Unknown column 'isbn_10' in 'field list' (Connection: mysql, SQL: update `book` set `category_id` = 1, `author_id` = 1, `availability` = Derrick Stark, `price` = Derrick Stark, `rating` = ?, `publisher` = Derrick Stark, `country_of_publisher` = none, `isbn` = Derrick Stark, `audience` = Derrick Stark, `format` = Derrick Stark, `language` = Derrick Stark, `book_img` = 89dc698f4dd29d4899a4445f1010cd801788255923.png, `total_pages` = Derrick Stark, `downloaded` = ?, `edition_number` = Derrick Stark, `recommended` = ?, `isbn_10` = Derrick Stark, `book`.`updated_at` = 2026-09-01 09:45:23 where `id` = 51) at D:/xampp/htdocs/gatewaybooks/vendor/laravel/framework/src/Illuminate/Database/Connection.php:829)
[stacktrace]
#0 D:/xampp/htdocs/gatewaybooks/vendor/laravel/framework/src/Illuminate/Database/Connection.php(783): Illuminate/Database/Connection->runQueryCallback('update `book` s...', Array, Object(Closure))
#1 D:/xampp/htdocs/gatewaybooks/vendor/laravel/framework/src/Illuminate/Database/Connection.php(619): Illuminate/Database/Connection->run('update `book` s...', Array, Object(Closure))
#2 D:/xampp/htdocs/gatewaybooks/vendor/laravel/framework/src/Illuminate/Database/Connection.php(552): Illuminate/Database/Connection->affectingStatement('update `book` s...', Array)
#3 D:/xampp/htdocs/gatewaybooks/vendor/laravel/framework/src/Illuminate/Database/Query/Builder.php(3603): Illuminate/Database/Connection->update('update `book` s...', Array)
#4 D:/xampp/htdocs/gatewaybooks/vendor/laravel/framework/src/Illuminate/Database/Eloquent/Builder.php(1061): Illuminate/Database/Query/Builder->update(Array)
#5 D:/xampp/htdocs/gatewaybooks/vendor/laravel/framework/src/Illuminate/Database/Eloquent/Model.php(1214): Illuminate/Database/Eloquent/Builder->update(Array)
#6 D:/xampp/htdocs/gatewaybooks/vendor/laravel/framework/src/Illuminate/Database/Eloquent/Model.php(1131): Illuminate/Database/Eloquent/Model->performUpdate(Object(Illuminate/Database/Eloquent/Builder))
#7 D:/xampp/htdocs/gatewaybooks/vendor/laravel/framework/src/Illuminate/Database/Eloquent/Model.php(991): Illuminate/Database/Eloquent/Model->save(Array)
#8 D:/xampp/htdocs/gatewaybooks/app/Http/Controllers/Admin/BookController.php(123): Illuminate/Database/Eloquent/Model->update(Array)
#9 D:/xampp/htdocs/gatewaybooks/vendor/laravel/framework/src/Illuminate/Routing/Controller.php(54): App/Http/Controllers/Admin/BookController->update(Object(Illuminate/Http/Request), '51')
#10 D:/xampp/htdocs/gatewaybooks/vendor/laravel/framework/src/Illuminate/Routing/ControllerDispatcher.php(43): Illuminate/Routing/Controller->callAction('update', Array)
#11 D:/xampp/htdocs/gatewaybooks/vendor/laravel/framework/src/Illuminate/Routing/Route.php(260): Illuminate/Routing/ControllerDispatcher->dispatch(Object(Illuminate/Routing/Route), Object(App/Http/Controllers/Admin/BookController), 'update')
#12 D:/xampp/htdocs/gatewaybooks/vendor/laravel/framework/src/Illuminate/Routing/Route.php(205): Illuminate/Routing/Route->runController()
#13 D:/xampp/htdocs/gatewaybooks/vendor/laravel/framework/src/Illuminate/Routing/Router.php(806): Illuminate/Routing/Route->run()
#14 D:/xampp/htdocs/gatewaybooks/vendor/laravel/framework/src/Illuminate/Pipeline/Pipeline.php(144): Illuminate/Routing/Router->Illuminate/Routing/{closure}(Object(Illuminate/Http/Request))
#15 D:/xampp/htdocs/gatewaybooks/vendor/laravel/framework/src/Illuminate/Routing/Middleware/SubstituteBindings.php(50): Illuminate/Pipeline/Pipeline->Illuminate/Pipeline/{closure}(Object(Illuminate/Http/Request))
#16 D:/xampp/htdocs/gatewaybooks/vendor/laravel/framework/src/Illuminate/Pipeline/Pipeline.php(183): Illuminate/Routing/Middleware/SubstituteBindings->handle(Object(Illuminate/Http/Request), Object(Closure))
#17 D:/xampp/htdocs/gatewaybooks/vendor/laravel/framework/src/Illuminate/Foundation/Http/Middleware/VerifyCsrfToken.php(78): Illuminate/Pipeline/Pipeline->Illuminate/Pipeline/{closure}(Object(Illuminate/Http/Request))
#18 D:/xampp/htdocs/gatewaybooks/vendor/laravel/framework/src/Illuminate/Pipeline/Pipeline.php(183): Illuminate/Foundation/Http/Middleware/VerifyCsrfToken->handle(Object(Illuminate/Http/Request), Object(Closure))
#19 D:/xampp/htdocs/gatewaybooks/vendor/laravel/framework/src/Illuminate/View/Middleware/ShareErrorsFromSession.php(49): Illuminate/Pipeline/Pipeline->Illuminate/Pipeline/{closure}(Object(Illuminate/Http/Request))
#20 D:/xampp/htdocs/gatewaybooks/vendor/laravel/framework/src/Illuminate/Pipeline/Pipeline.php(183): Illuminate/View/Middleware/ShareErrorsFromSession->handle(Object(Illuminate/Http/Request), Object(Closure))
#21 D:/xampp/htdocs/gatewaybooks/vendor/laravel/framework/src/Illuminate/Session/Middleware/StartSession.php(121): Illuminate/Pipeline/Pipeline->Illuminate/Pipeline/{closure}(Object(Illuminate/Http/Request))
#22 D:/xampp/htdocs/gatewaybooks/vendor/laravel/framework/src/Illuminate/Session/Middleware/StartSession.php(64): Illuminate/Session/Middleware/StartSession->handleStatefulRequest(Object(Illuminate/Http/Request), Object(Illuminate/Session/Store), Object(Closure))
#23 D:/xampp/htdocs/gatewaybooks/vendor/laravel/framework/src/Illuminate/Pipeline/Pipeline.php(183): Illuminate/Session/Middleware/StartSession->handle(Object(Illuminate/Http/Request), Object(Closure))
#24 D:/xampp/htdocs/gatewaybooks/vendor/laravel/framework/src/Illuminate/Cookie/Middleware/AddQueuedCookiesToResponse.php(37): Illuminate/Pipeline/Pipeline->Illuminate/Pipeline/{closure}(Object(Illuminate/Http/Request))
#25 D:/xampp/htdocs/gatewaybooks/vendor/laravel/framework/src/Illuminate/Pipeline/Pipeline.php(183): Illuminate/Cookie/Middleware/AddQueuedCookiesToResponse->handle(Object(Illuminate/Http/Request), Object(Closure))
#26 D:/xampp/htdocs/gatewaybooks/vendor/laravel/framework/src/Illuminate/Cookie/Middleware/EncryptCookies.php(67): Illuminate/Pipeline/Pipeline->Illuminate/Pipeline/{closure}(Object(Illuminate/Http/Request))
#27 D:/xampp/htdocs/gatewaybooks/vendor/laravel/framework/src/Illuminate/Pipeline/Pipeline.php(183): Illuminate/Cookie/Middleware/EncryptCookies->handle(Object(Illuminate/Http/Request), Object(Closure))
#28 D:/xampp/htdocs/gatewaybooks/vendor/laravel/framework/src/Illuminate/Pipeline/Pipeline.php(119): Illuminate/Pipeline/Pipeline->Illuminate/Pipeline/{closure}(Object(Illuminate/Http/Request))
#29 D:/xampp/htdocs/gatewaybooks/vendor/laravel/framework/src/Illuminate/Routing/Router.php(807): Illuminate/Pipeline/Pipeline->then(Object(Closure))
#30 D:/xampp/htdocs/gatewaybooks/vendor/laravel/framework/src/Illuminate/Routing/Router.php(784): Illuminate/Routing/Router->runRouteWithinStack(Object(Illuminate/Routing/Route), Object(Illuminate/Http/Request))
#31 D:/xampp/htdocs/gatewaybooks/vendor/laravel/framework/src/Illuminate/Routing/Router.php(748): Illuminate/Routing/Router->runRoute(Object(Illuminate/Http/Request), Object(Illuminate/Routing/Route))
#32 D:/xampp/htdocs/gatewaybooks/vendor/laravel/framework/src/Illuminate/Routing/Router.php(737): Illuminate/Routing/Router->dispatchToRoute(Object(Illuminate/Http/Request))
#33 D:/xampp/htdocs/gatewaybooks/vendor/laravel/framework/src/Illuminate/Foundation/Http/Kernel.php(200): Illuminate/Routing/Router->dispatch(Object(Illuminate/Http/Request))
#34 D:/xampp/htdocs/gatewaybooks/vendor/laravel/framework/src/Illuminate/Pipeline/Pipeline.php(144): Illuminate/Foundation/Http/Kernel->Illuminate/Foundation/Http/{closure}(Object(Illuminate/Http/Request))
#35 D:/xampp/htdocs/gatewaybooks/vendor/laravel/framework/src/Illuminate/Foundation/Http/Middleware/TransformsRequest.php(21): Illuminate/Pipeline/Pipeline->Illuminate/Pipeline/{closure}(Object(Illuminate/Http/Request))
#36 D:/xampp/htdocs/gatewaybooks/vendor/laravel/framework/src/Illuminate/Foundation/Http/Middleware/ConvertEmptyStringsToNull.php(31): Illuminate/Foundation/Http/Middleware/TransformsRequest->handle(Object(Illuminate/Http/Request), Object(Closure))
#37 D:/xampp/htdocs/gatewaybooks/vendor/laravel/framework/src/Illuminate/Pipeline/Pipeline.php(183): Illuminate/Foundation/Http/Middleware/ConvertEmptyStringsToNull->handle(Object(Illuminate/Http/Request), Object(Closure))
#38 D:/xampp/htdocs/gatewaybooks/vendor/laravel/framework/src/Illuminate/Foundation/Http/Middleware/TransformsRequest.php(21): Illuminate/Pipeline/Pipeline->Illuminate/Pipeline/{closure}(Object(Illuminate/Http/Request))
#39 D:/xampp/htdocs/gatewaybooks/vendor/laravel/framework/src/Illuminate/Foundation/Http/Middleware/TrimStrings.php(40): Illuminate/Foundation/Http/Middleware/TransformsRequest->handle(Object(Illuminate/Http/Request), Object(Closure))
#40 D:/xampp/htdocs/gatewaybooks/vendor/laravel/framework/src/Illuminate/Pipeline/Pipeline.php(183): Illuminate/Foundation/Http/Middleware/TrimStrings->handle(Object(Illuminate/Http/Request), Object(Closure))
#41 D:/xampp/htdocs/gatewaybooks/vendor/laravel/framework/src/Illuminate/Foundation/Http/Middleware/ValidatePostSize.php(27): Illuminate/Pipeline/Pipeline->Illuminate/Pipeline/{closure}(Object(Illuminate/Http/Request))
#42 D:/xampp/htdocs/gatewaybooks/vendor/laravel/framework/src/Illuminate/Pipeline/Pipeline.php(183): Illuminate/Foundation/Http/Middleware/ValidatePostSize->handle(Object(Illuminate/Http/Request), Object(Closure))
#43 D:/xampp/htdocs/gatewaybooks/vendor/laravel/framework/src/Illuminate/Foundation/Http/Middleware/PreventRequestsDuringMaintenance.php(99): Illuminate/Pipeline/Pipeline->Illuminate/Pipeline/{closure}(Object(Illuminate/Http/Request))
#44 D:/xampp/htdocs/gatewaybooks/vendor/laravel/framework/src/Illuminate/Pipeline/Pipeline.php(183): Illuminate/Foundation/Http/Middleware/PreventRequestsDuringMaintenance->handle(Object(Illuminate/Http/Request), Object(Closure))
#45 D:/xampp/htdocs/gatewaybooks/vendor/laravel/framework/src/Illuminate/Http/Middleware/HandleCors.php(49): Illuminate/Pipeline/Pipeline->Illuminate/Pipeline/{closure}(Object(Illuminate/Http/Request))
#46 D:/xampp/htdocs/gatewaybooks/vendor/laravel/framework/src/Illuminate/Pipeline/Pipeline.php(183): Illuminate/Http/Middleware/HandleCors->handle(Object(Illuminate/Http/Request), Object(Closure))
#47 D:/xampp/htdocs/gatewaybooks/vendor/laravel/framework/src/Illuminate/Http/Middleware/TrustProxies.php(39): Illuminate/Pipeline/Pipeline->Illuminate/Pipeline/{closure}(Object(Illuminate/Http/Request))
#48 D:/xampp/htdocs/gatewaybooks/vendor/laravel/framework/src/Illuminate/Pipeline/Pipeline.php(183): Illuminate/Http/Middleware/TrustProxies->handle(Object(Illuminate/Http/Request), Object(Closure))
#49 D:/xampp/htdocs/gatewaybooks/vendor/laravel/framework/src/Illuminate/Pipeline/Pipeline.php(119): Illuminate/Pipeline/Pipeline->Illuminate/Pipeline/{closure}(Object(Illuminate/Http/Request))
#50 D:/xampp/htdocs/gatewaybooks/vendor/laravel/framework/src/Illuminate/Foundation/Http/Kernel.php(175): Illuminate/Pipeline/Pipeline->then(Object(Closure))
#51 D:/xampp/htdocs/gatewaybooks/vendor/laravel/framework/src/Illuminate/Foundation/Http/Kernel.php(144): Illuminate/Foundation/Http/Kernel->sendRequestThroughRouter(Object(Illuminate/Http/Request))
#52 D:/xampp/htdocs/gatewaybooks/public/index.php(52): Illuminate/Foundation/Http/Kernel->handle(Object(Illuminate/Http/Request))
#53 D:/xampp/htdocs/gatewaybooks/vendor/laravel/framework/src/Illuminate/Foundation/resources/server.php(16): require_once('D://xampp//htdocs...')
#54 {main}

[previous exception] [object] (PDOException(code: 42S22): SQLSTATE[42S22]: Column not found: 1054 Unknown column 'isbn_10' in 'field list' at D:/xampp/htdocs/gatewaybooks/vendor/laravel/framework/src/Illuminate/Database/Connection.php:608)
[stacktrace]
#0 D:/xampp/htdocs/gatewaybooks/vendor/laravel/framework/src/Illuminate/Database/Connection.php(608): PDO->prepare('update `book` s...')
#1 D:/xampp/htdocs/gatewaybooks/vendor/laravel/framework/src/Illuminate/Database/Connection.php(816): Illuminate/Database/Connection->Illuminate/Database/{closure}('update `book` s...', Array)
#2 D:/xampp/htdocs/gatewaybooks/vendor/laravel/framework/src/Illuminate/Database/Connection.php(783): Illuminate/Database/Connection->runQueryCallback('update `book` s...', Array, Object(Closure))
#3 D:/xampp/htdocs/gatewaybooks/vendor/laravel/framework/src/Illuminate/Database/Connection.php(619): Illuminate/Database/Connection->run('update `book` s...', Array, Object(Closure))
#4 D:/xampp/htdocs/gatewaybooks/vendor/laravel/framework/src/Illuminate/Database/Connection.php(552): Illuminate/Database/Connection->affectingStatement('update `book` s...', Array)
#5 D:/xampp/htdocs/gatewaybooks/vendor/laravel/framework/src/Illuminate/Database/Query/Builder.php(3603): Illuminate/Database/Connection->update('update `book` s...', Array)
#6 D:/xampp/htdocs/gatewaybooks/vendor/laravel/framework/src/Illuminate/Database/Eloquent/Builder.php(1061): Illuminate/Database/Query/Builder->update(Array)
#7 D:/xampp/htdocs/gatewaybooks/vendor/laravel/framework/src/Illuminate/Database/Eloquent/Model.php(1214): Illuminate/Database/Eloquent/Builder->update(Array)
#8 D:/xampp/htdocs/gatewaybooks/vendor/laravel/framework/src/Illuminate/Database/Eloquent/Model.php(1131): Illuminate/Database/Eloquent/Model->performUpdate(Object(Illuminate/Database/Eloquent/Builder))
#9 D:/xampp/htdocs/gatewaybooks/vendor/laravel/framework/src/Illuminate/Database/Eloquent/Model.php(991): Illuminate/Database/Eloquent/Model->save(Array)
#10 D:/xampp/htdocs/gatewaybooks/app/Http/Controllers/Admin/BookController.php(123): Illuminate/Database/Eloquent/Model->update(Array)
#11 D:/xampp/htdocs/gatewaybooks/vendor/laravel/framework/src/Illuminate/Routing/Controller.php(54): App/Http/Controllers/Admin/BookController->update(Object(Illuminate/Http/Request), '51')
#12 D:/xampp/htdocs/gatewaybooks/vendor/laravel/framework/src/Illuminate/Routing/ControllerDispatcher.php(43): Illuminate/Routing/Controller->callAction('update', Array)
#13 D:/xampp/htdocs/gatewaybooks/vendor/laravel/framework/src/Illuminate/Routing/Route.php(260): Illuminate/Routing/ControllerDispatcher->dispatch(Object(Illuminate/Routing/Route), Object(App/Http/Controllers/Admin/BookController), 'update')
#14 D:/xampp/htdocs/gatewaybooks/vendor/laravel/framework/src/Illuminate/Routing/Route.php(205): Illuminate/Routing/Route->runController()
#15 D:/xampp/htdocs/gatewaybooks/vendor/laravel/framework/src/Illuminate/Routing/Router.php(806): Illuminate/Routing/Route->run()
#16 D:/xampp/htdocs/gatewaybooks/vendor/laravel/framework/src/Illuminate/Pipeline/Pipeline.php(144): Illuminate/Routing/Router->Illuminate/Routing/{closure}(Object(Illuminate/Http/Request))
#17 D:/xampp/htdocs/gatewaybooks/vendor/laravel/framework/src/Illuminate/Routing/Middleware/SubstituteBindings.php(50): Illuminate/Pipeline/Pipeline->Illuminate/Pipeline/{closure}(Object(Illuminate/Http/Request))
#18 D:/xampp/htdocs/gatewaybooks/vendor/laravel/framework/src/Illuminate/Pipeline/Pipeline.php(183): Illuminate/Routing/Middleware/SubstituteBindings->handle(Object(Illuminate/Http/Request), Object(Closure))
#19 D:/xampp/htdocs/gatewaybooks/vendor/laravel/framework/src/Illuminate/Foundation/Http/Middleware/VerifyCsrfToken.php(78): Illuminate/Pipeline/Pipeline->Illuminate/Pipeline/{closure}(Object(Illuminate/Http/Request))
#20 D:/xampp/htdocs/gatewaybooks/vendor/laravel/framework/src/Illuminate/Pipeline/Pipeline.php(183): Illuminate/Foundation/Http/Middleware/VerifyCsrfToken->handle(Object(Illuminate/Http/Request), Object(Closure))
#21 D:/xampp/htdocs/gatewaybooks/vendor/laravel/framework/src/Illuminate/View/Middleware/ShareErrorsFromSession.php(49): Illuminate/Pipeline/Pipeline->Illuminate/Pipeline/{closure}(Object(Illuminate/Http/Request))
#22 D:/xampp/htdocs/gatewaybooks/vendor/laravel/framework/src/Illuminate/Pipeline/Pipeline.php(183): Illuminate/View/Middleware/ShareErrorsFromSession->handle(Object(Illuminate/Http/Request), Object(Closure))
#23 D:/xampp/htdocs/gatewaybooks/vendor/laravel/framework/src/Illuminate/Session/Middleware/StartSession.php(121): Illuminate/Pipeline/Pipeline->Illuminate/Pipeline/{closure}(Object(Illuminate/Http/Request))
#24 D:/xampp/htdocs/gatewaybooks/vendor/laravel/framework/src/Illuminate/Session/Middleware/StartSession.php(64): Illuminate/Session/Middleware/StartSession->handleStatefulRequest(Object(Illuminate/Http/Request), Object(Illuminate/Session/Store), Object(Closure))
#25 D:/xampp/htdocs/gatewaybooks/vendor/laravel/framework/src/Illuminate/Pipeline/Pipeline.php(183): Illuminate/Session/Middleware/StartSession->handle(Object(Illuminate/Http/Request), Object(Closure))
#26 D:/xampp/htdocs/gatewaybooks/vendor/laravel/framework/src/Illuminate/Cookie/Middleware/AddQueuedCookiesToResponse.php(37): Illuminate/Pipeline/Pipeline->Illuminate/Pipeline/{closure}(Object(Illuminate/Http/Request))
#27 D:/xampp/htdocs/gatewaybooks/vendor/laravel/framework/src/Illuminate/Pipeline/Pipeline.php(183): Illuminate/Cookie/Middleware/AddQueuedCookiesToResponse->handle(Object(Illuminate/Http/Request), Object(Closure))
#28 D:/xampp/htdocs/gatewaybooks/vendor/laravel/framework/src/Illuminate/Cookie/Middleware/EncryptCookies.php(67): Illuminate/Pipeline/Pipeline->Illuminate/Pipeline/{closure}(Object(Illuminate/Http/Request))
#29 D:/xampp/htdocs/gatewaybooks/vendor/laravel/framework/src/Illuminate/Pipeline/Pipeline.php(183): Illuminate/Cookie/Middleware/EncryptCookies->handle(Object(Illuminate/Http/Request), Object(Closure))
#30 D:/xampp/htdocs/gatewaybooks/vendor/laravel/framework/src/Illuminate/Pipeline/Pipeline.php(119): Illuminate/Pipeline/Pipeline->Illuminate/Pipeline/{closure}(Object(Illuminate/Http/Request))
#31 D:/xampp/htdocs/gatewaybooks/vendor/laravel/framework/src/Illuminate/Routing/Router.php(807): Illuminate/Pipeline/Pipeline->then(Object(Closure))
#32 D:/xampp/htdocs/gatewaybooks/vendor/laravel/framework/src/Illuminate/Routing/Router.php(784): Illuminate/Routing/Router->runRouteWithinStack(Object(Illuminate/Routing/Route), Object(Illuminate/Http/Request))
#33 D:/xampp/htdocs/gatewaybooks/vendor/laravel/framework/src/Illuminate/Routing/Router.php(748): Illuminate/Routing/Router->runRoute(Object(Illuminate/Http/Request), Object(Illuminate/Routing/Route))
#34 D:/xampp/htdocs/gatewaybooks/vendor/laravel/framework/src/Illuminate/Routing/Router.php(737): Illuminate/Routing/Router->dispatchToRoute(Object(Illuminate/Http/Request))
#35 D:/xampp/htdocs/gatewaybooks/vendor/laravel/framework/src/Illuminate/Foundation/Http/Kernel.php(200): Illuminate/Routing/Router->dispatch(Object(Illuminate/Http/Request))
#36 D:/xampp/htdocs/gatewaybooks/vendor/laravel/framework/src/Illuminate/Pipeline/Pipeline.php(144): Illuminate/Foundation/Http/Kernel->Illuminate/Foundation/Http/{closure}(Object(Illuminate/Http/Request))
#37 D:/xampp/htdocs/gatewaybooks/vendor/laravel/framework/src/Illuminate/Foundation/Http/Middleware/TransformsRequest.php(21): Illuminate/Pipeline/Pipeline->Illuminate/Pipeline/{closure}(Object(Illuminate/Http/Request))
#38 D:/xampp/htdocs/gatewaybooks/vendor/laravel/framework/src/Illuminate/Foundation/Http/Middleware/ConvertEmptyStringsToNull.php(31): Illuminate/Foundation/Http/Middleware/TransformsRequest->handle(Object(Illuminate/Http/Request), Object(Closure))
#39 D:/xampp/htdocs/gatewaybooks/vendor/laravel/framework/src/Illuminate/Pipeline/Pipeline.php(183): Illuminate/Foundation/Http/Middleware/ConvertEmptyStringsToNull->handle(Object(Illuminate/Http/Request), Object(Closure))
#40 D:/xampp/htdocs/gatewaybooks/vendor/laravel/framework/src/Illuminate/Foundation/Http/Middleware/TransformsRequest.php(21): Illuminate/Pipeline/Pipeline->Illuminate/Pipeline/{closure}(Object(Illuminate/Http/Request))
#41 D:/xampp/htdocs/gatewaybooks/vendor/laravel/framework/src/Illuminate/Foundation/Http/Middleware/TrimStrings.php(40): Illuminate/Foundation/Http/Middleware/TransformsRequest->handle(Object(Illuminate/Http/Request), Object(Closure))
#42 D:/xampp/htdocs/gatewaybooks/vendor/laravel/framework/src/Illuminate/Pipeline/Pipeline.php(183): Illuminate/Foundation/Http/Middleware/TrimStrings->handle(Object(Illuminate/Http/Request), Object(Closure))
#43 D:/xampp/htdocs/gatewaybooks/vendor/laravel/framework/src/Illuminate/Foundation/Http/Middleware/ValidatePostSize.php(27): Illuminate/Pipeline/Pipeline->Illuminate/Pipeline/{closure}(Object(Illuminate/Http/Request))
#44 D:/xampp/htdocs/gatewaybooks/vendor/laravel/framework/src/Illuminate/Pipeline/Pipeline.php(183): Illuminate/Foundation/Http/Middleware/ValidatePostSize->handle(Object(Illuminate/Http/Request), Object(Closure))
#45 D:/xampp/htdocs/gatewaybooks/vendor/laravel/framework/src/Illuminate/Foundation/Http/Middleware/PreventRequestsDuringMaintenance.php(99): Illuminate/Pipeline/Pipeline->Illuminate/Pipeline/{closure}(Object(Illuminate/Http/Request))
#46 D:/xampp/htdocs/gatewaybooks/vendor/laravel/framework/src/Illuminate/Pipeline/Pipeline.php(183): Illuminate/Foundation/Http/Middleware/PreventRequestsDuringMaintenance->handle(Object(Illuminate/Http/Request), Object(Closure))
#47 D:/xampp/htdocs/gatewaybooks/vendor/laravel/framework/src/Illuminate/Http/Middleware/HandleCors.php(49): Illuminate/Pipeline/Pipeline->Illuminate/Pipeline/{closure}(Object(Illuminate/Http/Request))
#48 D:/xampp/htdocs/gatewaybooks/vendor/laravel/framework/src/Illuminate/Pipeline/Pipeline.php(183): Illuminate/Http/Middleware/HandleCors->handle(Object(Illuminate/Http/Request), Object(Closure))
#49 D:/xampp/htdocs/gatewaybooks/vendor/laravel/framework/src/Illuminate/Http/Middleware/TrustProxies.php(39): Illuminate/Pipeline/Pipeline->Illuminate/Pipeline/{closure}(Object(Illuminate/Http/Request))
#50 D:/xampp/htdocs/gatewaybooks/vendor/laravel/framework/src/Illuminate/Pipeline/Pipeline.php(183): Illuminate/Http/Middleware/TrustProxies->handle(Object(Illuminate/Http/Request), Object(Closure))
#51 D:/xampp/htdocs/gatewaybooks/vendor/laravel/framework/src/Illuminate/Pipeline/Pipeline.php(119): Illuminate/Pipeline/Pipeline->Illuminate/Pipeline/{closure}(Object(Illuminate/Http/Request))
#52 D:/xampp/htdocs/gatewaybooks/vendor/laravel/framework/src/Illuminate/Foundation/Http/Kernel.php(175): Illuminate/Pipeline/Pipeline->then(Object(Closure))
#53 D:/xampp/htdocs/gatewaybooks/vendor/laravel/framework/src/Illuminate/Foundation/Http/Kernel.php(144): Illuminate/Foundation/Http/Kernel->sendRequestThroughRouter(Object(Illuminate/Http/Request))
#54 D:/xampp/htdocs/gatewaybooks/public/index.php(52): Illuminate/Foundation/Http/Kernel->handle(Object(Illuminate/Http/Request))
#55 D:/xampp/htdocs/gatewaybooks/vendor/laravel/framework/src/Illuminate/Foundation/resources/server.php(16): require_once('D://xampp//htdocs...')
#56 {main}
"} 
[2026-09-03 16:12:01] local.ERROR: Unclosed '(' does not match '}' {"view":{"view":"D:\\xampp\\htdocs\\gatewaybooks\\resources\\views\\admin\\user_profile\\profile.blade.php","data":{"errors":"<pre class=sf-dump id=sf-dump-1554644440 data-indent-pad=\"  \"><span class=sf-dump-note>Illuminate\\Support\\ViewErrorBag</span> {<a class=sf-dump-ref>#266</a><samp data-depth=1 class=sf-dump-expanded>
  #<span class=sf-dump-protected title=\"Protected property\">bags</span>: []
</samp>}
</pre><script>Sfdump(\"sf-dump-1554644440\", {\"maxDepth\":3,\"maxStringLength\":160})</script>
"}},"userId":1,"exception":"[object] (Spatie\\LaravelIgnition\\Exceptions\\ViewException(code: 0): Unclosed '(' does not match '}' at D:/xampp/htdocs/gatewaybooks/resources/views/admin/user_profile/profile.blade.php:14)
[stacktrace]
#0 D:/xampp/htdocs/gatewaybooks/vendor/laravel/framework/src/Illuminate/Filesystem/Filesystem.php(124): Illuminate/Filesystem/Filesystem::Illuminate/Filesystem/{closure}()
#1 D:/xampp/htdocs/gatewaybooks/vendor/laravel/framework/src/Illuminate/View/Engines/PhpEngine.php(58): Illuminate/Filesystem/Filesystem->getRequire('D://xampp//htdocs...', Array)
#2 D:/xampp/htdocs/gatewaybooks/vendor/laravel/framework/src/Illuminate/View/Engines/CompilerEngine.php(72): Illuminate/View/Engines/PhpEngine->evaluatePath('D://xampp//htdocs...', Array)
#3 D:/xampp/htdocs/gatewaybooks/vendor/laravel/framework/src/Illuminate/View/View.php(207): Illuminate/View/Engines/CompilerEngine->get('D://xampp//htdocs...', Array)
#4 D:/xampp/htdocs/gatewaybooks/vendor/laravel/framework/src/Illuminate/View/View.php(190): Illuminate/View/View->getContents()
#5 D:/xampp/htdocs/gatewaybooks/vendor/laravel/framework/src/Illuminate/View/View.php(159): Illuminate/View/View->renderContents()
#6 D:/xampp/htdocs/gatewaybooks/vendor/laravel/framework/src/Illuminate/Http/Response.php(69): Illuminate/View/View->render()
#7 D:/xampp/htdocs/gatewaybooks/vendor/laravel/framework/src/Illuminate/Http/Response.php(35): Illuminate/Http/Response->setContent(Object(Illuminate/View/View))
#8 D:/xampp/htdocs/gatewaybooks/vendor/laravel/framework/src/Illuminate/Routing/Router.php(918): Illuminate/Http/Response->__construct(Object(Illuminate/View/View), 200, Array)
#9 D:/xampp/htdocs/gatewaybooks/vendor/laravel/framework/src/Illuminate/Routing/Router.php(885): Illuminate/Routing/Router::toResponse(Object(Illuminate/Http/Request), Object(Illuminate/View/View))
#10 D:/xampp/htdocs/gatewaybooks/vendor/laravel/framework/src/Illuminate/Routing/Router.php(806): Illuminate/Routing/Router->prepareResponse(Object(Illuminate/Http/Request), Object(Illuminate/View/View))
#11 D:/xampp/htdocs/gatewaybooks/vendor/laravel/framework/src/Illuminate/Pipeline/Pipeline.php(144): Illuminate/Routing/Router->Illuminate/Routing/{closure}(Object(Illuminate/Http/Request))
#12 D:/xampp/htdocs/gatewaybooks/vendor/laravel/framework/src/Illuminate/Routing/Middleware/SubstituteBindings.php(50): Illuminate/Pipeline/Pipeline->Illuminate/Pipeline/{closure}(Object(Illuminate/Http/Request))
#13 D:/xampp/htdocs/gatewaybooks/vendor/laravel/framework/src/Illuminate/Pipeline/Pipeline.php(183): Illuminate/Routing/Middleware/SubstituteBindings->handle(Object(Illuminate/Http/Request), Object(Closure))
#14 D:/xampp/htdocs/gatewaybooks/vendor/laravel/framework/src/Illuminate/Auth/Middleware/Authenticate.php(57): Illuminate/Pipeline/Pipeline->Illuminate/Pipeline/{closure}(Object(Illuminate/Http/Request))
#15 D:/xampp/htdocs/gatewaybooks/vendor/laravel/framework/src/Illuminate/Pipeline/Pipeline.php(183): Illuminate/Auth/Middleware/Authenticate->handle(Object(Illuminate/Http/Request), Object(Closure))
#16 D:/xampp/htdocs/gatewaybooks/vendor/laravel/framework/src/Illuminate/Foundation/Http/Middleware/VerifyCsrfToken.php(78): Illuminate/Pipeline/Pipeline->Illuminate/Pipeline/{closure}(Object(Illuminate/Http/Request))
#17 D:/xampp/htdocs/gatewaybooks/vendor/laravel/framework/src/Illuminate/Pipeline/Pipeline.php(183): Illuminate/Foundation/Http/Middleware/VerifyCsrfToken->handle(Object(Illuminate/Http/Request), Object(Closure))
#18 D:/xampp/htdocs/gatewaybooks/vendor/laravel/framework/src/Illuminate/View/Middleware/ShareErrorsFromSession.php(49): Illuminate/Pipeline/Pipeline->Illuminate/Pipeline/{closure}(Object(Illuminate/Http/Request))
#19 D:/xampp/htdocs/gatewaybooks/vendor/laravel/framework/src/Illuminate/Pipeline/Pipeline.php(183): Illuminate/View/Middleware/ShareErrorsFromSession->handle(Object(Illuminate/Http/Request), Object(Closure))
#20 D:/xampp/htdocs/gatewaybooks/vendor/laravel/framework/src/Illuminate/Session/Middleware/StartSession.php(121): Illuminate/Pipeline/Pipeline->Illuminate/Pipeline/{closure}(Object(Illuminate/Http/Request))
#21 D:/xampp/htdocs/gatewaybooks/vendor/laravel/framework/src/Illuminate/Session/Middleware/StartSession.php(64): Illuminate/Session/Middleware/StartSession->handleStatefulRequest(Object(Illuminate/Http/Request), Object(Illuminate/Session/Store), Object(Closure))
#22 D:/xampp/htdocs/gatewaybooks/vendor/laravel/framework/src/Illuminate/Pipeline/Pipeline.php(183): Illuminate/Session/Middleware/StartSession->handle(Object(Illuminate/Http/Request), Object(Closure))
#23 D:/xampp/htdocs/gatewaybooks/vendor/laravel/framework/src/Illuminate/Cookie/Middleware/AddQueuedCookiesToResponse.php(37): Illuminate/Pipeline/Pipeline->Illuminate/Pipeline/{closure}(Object(Illuminate/Http/Request))
#24 D:/xampp/htdocs/gatewaybooks/vendor/laravel/framework/src/Illuminate/Pipeline/Pipeline.php(183): Illuminate/Cookie/Middleware/AddQueuedCookiesToResponse->handle(Object(Illuminate/Http/Request), Object(Closure))
#25 D:/xampp/htdocs/gatewaybooks/vendor/laravel/framework/src/Illuminate/Cookie/Middleware/EncryptCookies.php(67): Illuminate/Pipeline/Pipeline->Illuminate/Pipeline/{closure}(Object(Illuminate/Http/Request))
#26 D:/xampp/htdocs/gatewaybooks/vendor/laravel/framework/src/Illuminate/Pipeline/Pipeline.php(183): Illuminate/Cookie/Middleware/EncryptCookies->handle(Object(Illuminate/Http/Request), Object(Closure))
#27 D:/xampp/htdocs/gatewaybooks/vendor/laravel/framework/src/Illuminate/Pipeline/Pipeline.php(119): Illuminate/Pipeline/Pipeline->Illuminate/Pipeline/{closure}(Object(Illuminate/Http/Request))
#28 D:/xampp/htdocs/gatewaybooks/vendor/laravel/framework/src/Illuminate/Routing/Router.php(807): Illuminate/Pipeline/Pipeline->then(Object(Closure))
#29 D:/xampp/htdocs/gatewaybooks/vendor/laravel/framework/src/Illuminate/Routing/Router.php(784): Illuminate/Routing/Router->runRouteWithinStack(Object(Illuminate/Routing/Route), Object(Illuminate/Http/Request))
#30 D:/xampp/htdocs/gatewaybooks/vendor/laravel/framework/src/Illuminate/Routing/Router.php(748): Illuminate/Routing/Router->runRoute(Object(Illuminate/Http/Request), Object(Illuminate/Routing/Route))
#31 D:/xampp/htdocs/gatewaybooks/vendor/laravel/framework/src/Illuminate/Routing/Router.php(737): Illuminate/Routing/Router->dispatchToRoute(Object(Illuminate/Http/Request))
#32 D:/xampp/htdocs/gatewaybooks/vendor/laravel/framework/src/Illuminate/Foundation/Http/Kernel.php(200): Illuminate/Routing/Router->dispatch(Object(Illuminate/Http/Request))
#33 D:/xampp/htdocs/gatewaybooks/vendor/laravel/framework/src/Illuminate/Pipeline/Pipeline.php(144): Illuminate/Foundation/Http/Kernel->Illuminate/Foundation/Http/{closure}(Object(Illuminate/Http/Request))
#34 D:/xampp/htdocs/gatewaybooks/vendor/laravel/framework/src/Illuminate/Foundation/Http/Middleware/TransformsRequest.php(21): Illuminate/Pipeline/Pipeline->Illuminate/Pipeline/{closure}(Object(Illuminate/Http/Request))
#35 D:/xampp/htdocs/gatewaybooks/vendor/laravel/framework/src/Illuminate/Foundation/Http/Middleware/ConvertEmptyStringsToNull.php(31): Illuminate/Foundation/Http/Middleware/TransformsRequest->handle(Object(Illuminate/Http/Request), Object(Closure))
#36 D:/xampp/htdocs/gatewaybooks/vendor/laravel/framework/src/Illuminate/Pipeline/Pipeline.php(183): Illuminate/Foundation/Http/Middleware/ConvertEmptyStringsToNull->handle(Object(Illuminate/Http/Request), Object(Closure))
#37 D:/xampp/htdocs/gatewaybooks/vendor/laravel/framework/src/Illuminate/Foundation/Http/Middleware/TransformsRequest.php(21): Illuminate/Pipeline/Pipeline->Illuminate/Pipeline/{closure}(Object(Illuminate/Http/Request))
#38 D:/xampp/htdocs/gatewaybooks/vendor/laravel/framework/src/Illuminate/Foundation/Http/Middleware/TrimStrings.php(40): Illuminate/Foundation/Http/Middleware/TransformsRequest->handle(Object(Illuminate/Http/Request), Object(Closure))
#39 D:/xampp/htdocs/gatewaybooks/vendor/laravel/framework/src/Illuminate/Pipeline/Pipeline.php(183): Illuminate/Foundation/Http/Middleware/TrimStrings->handle(Object(Illuminate/Http/Request), Object(Closure))
#40 D:/xampp/htdocs/gatewaybooks/vendor/laravel/framework/src/Illuminate/Foundation/Http/Middleware/ValidatePostSize.php(27): Illuminate/Pipeline/Pipeline->Illuminate/Pipeline/{closure}(Object(Illuminate/Http/Request))
#41 D:/xampp/htdocs/gatewaybooks/vendor/laravel/framework/src/Illuminate/Pipeline/Pipeline.php(183): Illuminate/Foundation/Http/Middleware/ValidatePostSize->handle(Object(Illuminate/Http/Request), Object(Closure))
#42 D:/xampp/htdocs/gatewaybooks/vendor/laravel/framework/src/Illuminate/Foundation/Http/Middleware/PreventRequestsDuringMaintenance.php(99): Illuminate/Pipeline/Pipeline->Illuminate/Pipeline/{closure}(Object(Illuminate/Http/Request))
#43 D:/xampp/htdocs/gatewaybooks/vendor/laravel/framework/src/Illuminate/Pipeline/Pipeline.php(183): Illuminate/Foundation/Http/Middleware/PreventRequestsDuringMaintenance->handle(Object(Illuminate/Http/Request), Object(Closure))
#44 D:/xampp/htdocs/gatewaybooks/vendor/laravel/framework/src/Illuminate/Http/Middleware/HandleCors.php(49): Illuminate/Pipeline/Pipeline->Illuminate/Pipeline/{closure}(Object(Illuminate/Http/Request))
#45 D:/xampp/htdocs/gatewaybooks/vendor/laravel/framework/src/Illuminate/Pipeline/Pipeline.php(183): Illuminate/Http/Middleware/HandleCors->handle(Object(Illuminate/Http/Request), Object(Closure))
#46 D:/xampp/htdocs/gatewaybooks/vendor/laravel/framework/src/Illuminate/Http/Middleware/TrustProxies.php(39): Illuminate/Pipeline/Pipeline->Illuminate/Pipeline/{closure}(Object(Illuminate/Http/Request))
#47 D:/xampp/htdocs/gatewaybooks/vendor/laravel/framework/src/Illuminate/Pipeline/Pipeline.php(183): Illuminate/Http/Middleware/TrustProxies->handle(Object(Illuminate/Http/Request), Object(Closure))
#48 D:/xampp/htdocs/gatewaybooks/vendor/laravel/framework/src/Illuminate/Pipeline/Pipeline.php(119): Illuminate/Pipeline/Pipeline->Illuminate/Pipeline/{closure}(Object(Illuminate/Http/Request))
#49 D:/xampp/htdocs/gatewaybooks/vendor/laravel/framework/src/Illuminate/Foundation/Http/Kernel.php(175): Illuminate/Pipeline/Pipeline->then(Object(Closure))
#50 D:/xampp/htdocs/gatewaybooks/vendor/laravel/framework/src/Illuminate/Foundation/Http/Kernel.php(144): Illuminate/Foundation/Http/Kernel->sendRequestThroughRouter(Object(Illuminate/Http/Request))
#51 D:/xampp/htdocs/gatewaybooks/public/index.php(52): Illuminate/Foundation/Http/Kernel->handle(Object(Illuminate/Http/Request))
#52 D:/xampp/htdocs/gatewaybooks/vendor/laravel/framework/src/Illuminate/Foundation/resources/server.php(16): require_once('D://xampp//htdocs...')
#53 {main}

[previous exception] [object] (ParseError(code: 0): Unclosed '(' does not match '}' at D:/xampp/htdocs/gatewaybooks/storage/framework/views/ae021b66592bb948b3e5e04054c60eaf.php:15)
[stacktrace]
#0 D:/xampp/htdocs/gatewaybooks/vendor/laravel/framework/src/Illuminate/Filesystem/Filesystem.php(124): Illuminate/Filesystem/Filesystem::Illuminate/Filesystem/{closure}()
#1 D:/xampp/htdocs/gatewaybooks/vendor/laravel/framework/src/Illuminate/View/Engines/PhpEngine.php(58): Illuminate/Filesystem/Filesystem->getRequire('D://xampp//htdocs...', Array)
#2 D:/xampp/htdocs/gatewaybooks/vendor/laravel/framework/src/Illuminate/View/Engines/CompilerEngine.php(72): Illuminate/View/Engines/PhpEngine->evaluatePath('D://xampp//htdocs...', Array)
#3 D:/xampp/htdocs/gatewaybooks/vendor/laravel/framework/src/Illuminate/View/View.php(207): Illuminate/View/Engines/CompilerEngine->get('D://xampp//htdocs...', Array)
#4 D:/xampp/htdocs/gatewaybooks/vendor/laravel/framework/src/Illuminate/View/View.php(190): Illuminate/View/View->getContents()
#5 D:/xampp/htdocs/gatewaybooks/vendor/laravel/framework/src/Illuminate/View/View.php(159): Illuminate/View/View->renderContents()
#6 D:/xampp/htdocs/gatewaybooks/vendor/laravel/framework/src/Illuminate/Http/Response.php(69): Illuminate/View/View->render()
#7 D:/xampp/htdocs/gatewaybooks/vendor/laravel/framework/src/Illuminate/Http/Response.php(35): Illuminate/Http/Response->setContent(Object(Illuminate/View/View))
#8 D:/xampp/htdocs/gatewaybooks/vendor/laravel/framework/src/Illuminate/Routing/Router.php(918): Illuminate/Http/Response->__construct(Object(Illuminate/View/View), 200, Array)
#9 D:/xampp/htdocs/gatewaybooks/vendor/laravel/framework/src/Illuminate/Routing/Router.php(885): Illuminate/Routing/Router::toResponse(Object(Illuminate/Http/Request), Object(Illuminate/View/View))
#10 D:/xampp/htdocs/gatewaybooks/vendor/laravel/framework/src/Illuminate/Routing/Router.php(806): Illuminate/Routing/Router->prepareResponse(Object(Illuminate/Http/Request), Object(Illuminate/View/View))
#11 D:/xampp/htdocs/gatewaybooks/vendor/laravel/framework/src/Illuminate/Pipeline/Pipeline.php(144): Illuminate/Routing/Router->Illuminate/Routing/{closure}(Object(Illuminate/Http/Request))
#12 D:/xampp/htdocs/gatewaybooks/vendor/laravel/framework/src/Illuminate/Routing/Middleware/SubstituteBindings.php(50): Illuminate/Pipeline/Pipeline->Illuminate/Pipeline/{closure}(Object(Illuminate/Http/Request))
#13 D:/xampp/htdocs/gatewaybooks/vendor/laravel/framework/src/Illuminate/Pipeline/Pipeline.php(183): Illuminate/Routing/Middleware/SubstituteBindings->handle(Object(Illuminate/Http/Request), Object(Closure))
#14 D:/xampp/htdocs/gatewaybooks/vendor/laravel/framework/src/Illuminate/Auth/Middleware/Authenticate.php(57): Illuminate/Pipeline/Pipeline->Illuminate/Pipeline/{closure}(Object(Illuminate/Http/Request))
#15 D:/xampp/htdocs/gatewaybooks/vendor/laravel/framework/src/Illuminate/Pipeline/Pipeline.php(183): Illuminate/Auth/Middleware/Authenticate->handle(Object(Illuminate/Http/Request), Object(Closure))
#16 D:/xampp/htdocs/gatewaybooks/vendor/laravel/framework/src/Illuminate/Foundation/Http/Middleware/VerifyCsrfToken.php(78): Illuminate/Pipeline/Pipeline->Illuminate/Pipeline/{closure}(Object(Illuminate/Http/Request))
#17 D:/xampp/htdocs/gatewaybooks/vendor/laravel/framework/src/Illuminate/Pipeline/Pipeline.php(183): Illuminate/Foundation/Http/Middleware/VerifyCsrfToken->handle(Object(Illuminate/Http/Request), Object(Closure))
#18 D:/xampp/htdocs/gatewaybooks/vendor/laravel/framework/src/Illuminate/View/Middleware/ShareErrorsFromSession.php(49): Illuminate/Pipeline/Pipeline->Illuminate/Pipeline/{closure}(Object(Illuminate/Http/Request))
#19 D:/xampp/htdocs/gatewaybooks/vendor/laravel/framework/src/Illuminate/Pipeline/Pipeline.php(183): Illuminate/View/Middleware/ShareErrorsFromSession->handle(Object(Illuminate/Http/Request), Object(Closure))
#20 D:/xampp/htdocs/gatewaybooks/vendor/laravel/framework/src/Illuminate/Session/Middleware/StartSession.php(121): Illuminate/Pipeline/Pipeline->Illuminate/Pipeline/{closure}(Object(Illuminate/Http/Request))
#21 D:/xampp/htdocs/gatewaybooks/vendor/laravel/framework/src/Illuminate/Session/Middleware/StartSession.php(64): Illuminate/Session/Middleware/StartSession->handleStatefulRequest(Object(Illuminate/Http/Request), Object(Illuminate/Session/Store), Object(Closure))
#22 D:/xampp/htdocs/gatewaybooks/vendor/laravel/framework/src/Illuminate/Pipeline/Pipeline.php(183): Illuminate/Session/Middleware/StartSession->handle(Object(Illuminate/Http/Request), Object(Closure))
#23 D:/xampp/htdocs/gatewaybooks/vendor/laravel/framework/src/Illuminate/Cookie/Middleware/AddQueuedCookiesToResponse.php(37): Illuminate/Pipeline/Pipeline->Illuminate/Pipeline/{closure}(Object(Illuminate/Http/Request))
#24 D:/xampp/htdocs/gatewaybooks/vendor/laravel/framework/src/Illuminate/Pipeline/Pipeline.php(183): Illuminate/Cookie/Middleware/AddQueuedCookiesToResponse->handle(Object(Illuminate/Http/Request), Object(Closure))
#25 D:/xampp/htdocs/gatewaybooks/vendor/laravel/framework/src/Illuminate/Cookie/Middleware/EncryptCookies.php(67): Illuminate/Pipeline/Pipeline->Illuminate/Pipeline/{closure}(Object(Illuminate/Http/Request))
#26 D:/xampp/htdocs/gatewaybooks/vendor/laravel/framework/src/Illuminate/Pipeline/Pipeline.php(183): Illuminate/Cookie/Middleware/EncryptCookies->handle(Object(Illuminate/Http/Request), Object(Closure))
#27 D:/xampp/htdocs/gatewaybooks/vendor/laravel/framework/src/Illuminate/Pipeline/Pipeline.php(119): Illuminate/Pipeline/Pipeline->Illuminate/Pipeline/{closure}(Object(Illuminate/Http/Request))
#28 D:/xampp/htdocs/gatewaybooks/vendor/laravel/framework/src/Illuminate/Routing/Router.php(807): Illuminate/Pipeline/Pipeline->then(Object(Closure))
#29 D:/xampp/htdocs/gatewaybooks/vendor/laravel/framework/src/Illuminate/Routing/Router.php(784): Illuminate/Routing/Router->runRouteWithinStack(Object(Illuminate/Routing/Route), Object(Illuminate/Http/Request))
#30 D:/xampp/htdocs/gatewaybooks/vendor/laravel/framework/src/Illuminate/Routing/Router.php(748): Illuminate/Routing/Router->runRoute(Object(Illuminate/Http/Request), Object(Illuminate/Routing/Route))
#31 D:/xampp/htdocs/gatewaybooks/vendor/laravel/framework/src/Illuminate/Routing/Router.php(737): Illuminate/Routing/Router->dispatchToRoute(Object(Illuminate/Http/Request))
#32 D:/xampp/htdocs/gatewaybooks/vendor/laravel/framework/src/Illuminate/Foundation/Http/Kernel.php(200): Illuminate/Routing/Router->dispatch(Object(Illuminate/Http/Request))
#33 D:/xampp/htdocs/gatewaybooks/vendor/laravel/framework/src/Illuminate/Pipeline/Pipeline.php(144): Illuminate/Foundation/Http/Kernel->Illuminate/Foundation/Http/{closure}(Object(Illuminate/Http/Request))
#34 D:/xampp/htdocs/gatewaybooks/vendor/laravel/framework/src/Illuminate/Foundation/Http/Middleware/TransformsRequest.php(21): Illuminate/Pipeline/Pipeline->Illuminate/Pipeline/{closure}(Object(Illuminate/Http/Request))
#35 D:/xampp/htdocs/gatewaybooks/vendor/laravel/framework/src/Illuminate/Foundation/Http/Middleware/ConvertEmptyStringsToNull.php(31): Illuminate/Foundation/Http/Middleware/TransformsRequest->handle(Object(Illuminate/Http/Request), Object(Closure))
#36 D:/xampp/htdocs/gatewaybooks/vendor/laravel/framework/src/Illuminate/Pipeline/Pipeline.php(183): Illuminate/Foundation/Http/Middleware/ConvertEmptyStringsToNull->handle(Object(Illuminate/Http/Request), Object(Closure))
#37 D:/xampp/htdocs/gatewaybooks/vendor/laravel/framework/src/Illuminate/Foundation/Http/Middleware/TransformsRequest.php(21): Illuminate/Pipeline/Pipeline->Illuminate/Pipeline/{closure}(Object(Illuminate/Http/Request))
#38 D:/xampp/htdocs/gatewaybooks/vendor/laravel/framework/src/Illuminate/Foundation/Http/Middleware/TrimStrings.php(40): Illuminate/Foundation/Http/Middleware/TransformsRequest->handle(Object(Illuminate/Http/Request), Object(Closure))
#39 D:/xampp/htdocs/gatewaybooks/vendor/laravel/framework/src/Illuminate/Pipeline/Pipeline.php(183): Illuminate/Foundation/Http/Middleware/TrimStrings->handle(Object(Illuminate/Http/Request), Object(Closure))
#40 D:/xampp/htdocs/gatewaybooks/vendor/laravel/framework/src/Illuminate/Foundation/Http/Middleware/ValidatePostSize.php(27): Illuminate/Pipeline/Pipeline->Illuminate/Pipeline/{closure}(Object(Illuminate/Http/Request))
#41 D:/xampp/htdocs/gatewaybooks/vendor/laravel/framework/src/Illuminate/Pipeline/Pipeline.php(183): Illuminate/Foundation/Http/Middleware/ValidatePostSize->handle(Object(Illuminate/Http/Request), Object(Closure))
#42 D:/xampp/htdocs/gatewaybooks/vendor/laravel/framework/src/Illuminate/Foundation/Http/Middleware/PreventRequestsDuringMaintenance.php(99): Illuminate/Pipeline/Pipeline->Illuminate/Pipeline/{closure}(Object(Illuminate/Http/Request))
#43 D:/xampp/htdocs/gatewaybooks/vendor/laravel/framework/src/Illuminate/Pipeline/Pipeline.php(183): Illuminate/Foundation/Http/Middleware/PreventRequestsDuringMaintenance->handle(Object(Illuminate/Http/Request), Object(Closure))
#44 D:/xampp/htdocs/gatewaybooks/vendor/laravel/framework/src/Illuminate/Http/Middleware/HandleCors.php(49): Illuminate/Pipeline/Pipeline->Illuminate/Pipeline/{closure}(Object(Illuminate/Http/Request))
#45 D:/xampp/htdocs/gatewaybooks/vendor/laravel/framework/src/Illuminate/Pipeline/Pipeline.php(183): Illuminate/Http/Middleware/HandleCors->handle(Object(Illuminate/Http/Request), Object(Closure))
#46 D:/xampp/htdocs/gatewaybooks/vendor/laravel/framework/src/Illuminate/Http/Middleware/TrustProxies.php(39): Illuminate/Pipeline/Pipeline->Illuminate/Pipeline/{closure}(Object(Illuminate/Http/Request))
#47 D:/xampp/htdocs/gatewaybooks/vendor/laravel/framework/src/Illuminate/Pipeline/Pipeline.php(183): Illuminate/Http/Middleware/TrustProxies->handle(Object(Illuminate/Http/Request), Object(Closure))
#48 D:/xampp/htdocs/gatewaybooks/vendor/laravel/framework/src/Illuminate/Pipeline/Pipeline.php(119): Illuminate/Pipeline/Pipeline->Illuminate/Pipeline/{closure}(Object(Illuminate/Http/Request))
#49 D:/xampp/htdocs/gatewaybooks/vendor/laravel/framework/src/Illuminate/Foundation/Http/Kernel.php(175): Illuminate/Pipeline/Pipeline->then(Object(Closure))
#50 D:/xampp/htdocs/gatewaybooks/vendor/laravel/framework/src/Illuminate/Foundation/Http/Kernel.php(144): Illuminate/Foundation/Http/Kernel->sendRequestThroughRouter(Object(Illuminate/Http/Request))
#51 D:/xampp/htdocs/gatewaybooks/public/index.php(52): Illuminate/Foundation/Http/Kernel->handle(Object(Illuminate/Http/Request))
#52 D:/xampp/htdocs/gatewaybooks/vendor/laravel/framework/src/Illuminate/Foundation/resources/server.php(16): require_once('D://xampp//htdocs...')
#53 {main}
"} 
[2026-09-03 16:12:17] local.ERROR: Unclosed '(' does not match '}' {"view":{"view":"D:\\xampp\\htdocs\\gatewaybooks\\resources\\views\\admin\\user_profile\\profile.blade.php","data":{"errors":"<pre class=sf-dump id=sf-dump-1694350148 data-indent-pad=\"  \"><span class=sf-dump-note>Illuminate\\Support\\ViewErrorBag</span> {<a class=sf-dump-ref>#266</a><samp data-depth=1 class=sf-dump-expanded>
  #<span class=sf-dump-protected title=\"Protected property\">bags</span>: []
</samp>}
</pre><script>Sfdump(\"sf-dump-1694350148\", {\"maxDepth\":3,\"maxStringLength\":160})</script>
"}},"userId":1,"exception":"[object] (Spatie\\LaravelIgnition\\Exceptions\\ViewException(code: 0): Unclosed '(' does not match '}' at D:/xampp/htdocs/gatewaybooks/resources/views/admin/user_profile/profile.blade.php:14)
[stacktrace]
#0 D:/xampp/htdocs/gatewaybooks/vendor/laravel/framework/src/Illuminate/Filesystem/Filesystem.php(124): Illuminate/Filesystem/Filesystem::Illuminate/Filesystem/{closure}()
#1 D:/xampp/htdocs/gatewaybooks/vendor/laravel/framework/src/Illuminate/View/Engines/PhpEngine.php(58): Illuminate/Filesystem/Filesystem->getRequire('D://xampp//htdocs...', Array)
#2 D:/xampp/htdocs/gatewaybooks/vendor/laravel/framework/src/Illuminate/View/Engines/CompilerEngine.php(72): Illuminate/View/Engines/PhpEngine->evaluatePath('D://xampp//htdocs...', Array)
#3 D:/xampp/htdocs/gatewaybooks/vendor/laravel/framework/src/Illuminate/View/View.php(207): Illuminate/View/Engines/CompilerEngine->get('D://xampp//htdocs...', Array)
#4 D:/xampp/htdocs/gatewaybooks/vendor/laravel/framework/src/Illuminate/View/View.php(190): Illuminate/View/View->getContents()
#5 D:/xampp/htdocs/gatewaybooks/vendor/laravel/framework/src/Illuminate/View/View.php(159): Illuminate/View/View->renderContents()
#6 D:/xampp/htdocs/gatewaybooks/vendor/laravel/framework/src/Illuminate/Http/Response.php(69): Illuminate/View/View->render()
#7 D:/xampp/htdocs/gatewaybooks/vendor/laravel/framework/src/Illuminate/Http/Response.php(35): Illuminate/Http/Response->setContent(Object(Illuminate/View/View))
#8 D:/xampp/htdocs/gatewaybooks/vendor/laravel/framework/src/Illuminate/Routing/Router.php(918): Illuminate/Http/Response->__construct(Object(Illuminate/View/View), 200, Array)
#9 D:/xampp/htdocs/gatewaybooks/vendor/laravel/framework/src/Illuminate/Routing/Router.php(885): Illuminate/Routing/Router::toResponse(Object(Illuminate/Http/Request), Object(Illuminate/View/View))
#10 D:/xampp/htdocs/gatewaybooks/vendor/laravel/framework/src/Illuminate/Routing/Router.php(806): Illuminate/Routing/Router->prepareResponse(Object(Illuminate/Http/Request), Object(Illuminate/View/View))
#11 D:/xampp/htdocs/gatewaybooks/vendor/laravel/framework/src/Illuminate/Pipeline/Pipeline.php(144): Illuminate/Routing/Router->Illuminate/Routing/{closure}(Object(Illuminate/Http/Request))
#12 D:/xampp/htdocs/gatewaybooks/vendor/laravel/framework/src/Illuminate/Routing/Middleware/SubstituteBindings.php(50): Illuminate/Pipeline/Pipeline->Illuminate/Pipeline/{closure}(Object(Illuminate/Http/Request))
#13 D:/xampp/htdocs/gatewaybooks/vendor/laravel/framework/src/Illuminate/Pipeline/Pipeline.php(183): Illuminate/Routing/Middleware/SubstituteBindings->handle(Object(Illuminate/Http/Request), Object(Closure))
#14 D:/xampp/htdocs/gatewaybooks/vendor/laravel/framework/src/Illuminate/Auth/Middleware/Authenticate.php(57): Illuminate/Pipeline/Pipeline->Illuminate/Pipeline/{closure}(Object(Illuminate/Http/Request))
#15 D:/xampp/htdocs/gatewaybooks/vendor/laravel/framework/src/Illuminate/Pipeline/Pipeline.php(183): Illuminate/Auth/Middleware/Authenticate->handle(Object(Illuminate/Http/Request), Object(Closure))
#16 D:/xampp/htdocs/gatewaybooks/vendor/laravel/framework/src/Illuminate/Foundation/Http/Middleware/VerifyCsrfToken.php(78): Illuminate/Pipeline/Pipeline->Illuminate/Pipeline/{closure}(Object(Illuminate/Http/Request))
#17 D:/xampp/htdocs/gatewaybooks/vendor/laravel/framework/src/Illuminate/Pipeline/Pipeline.php(183): Illuminate/Foundation/Http/Middleware/VerifyCsrfToken->handle(Object(Illuminate/Http/Request), Object(Closure))
#18 D:/xampp/htdocs/gatewaybooks/vendor/laravel/framework/src/Illuminate/View/Middleware/ShareErrorsFromSession.php(49): Illuminate/Pipeline/Pipeline->Illuminate/Pipeline/{closure}(Object(Illuminate/Http/Request))
#19 D:/xampp/htdocs/gatewaybooks/vendor/laravel/framework/src/Illuminate/Pipeline/Pipeline.php(183): Illuminate/View/Middleware/ShareErrorsFromSession->handle(Object(Illuminate/Http/Request), Object(Closure))
#20 D:/xampp/htdocs/gatewaybooks/vendor/laravel/framework/src/Illuminate/Session/Middleware/StartSession.php(121): Illuminate/Pipeline/Pipeline->Illuminate/Pipeline/{closure}(Object(Illuminate/Http/Request))
#21 D:/xampp/htdocs/gatewaybooks/vendor/laravel/framework/src/Illuminate/Session/Middleware/StartSession.php(64): Illuminate/Session/Middleware/StartSession->handleStatefulRequest(Object(Illuminate/Http/Request), Object(Illuminate/Session/Store), Object(Closure))
#22 D:/xampp/htdocs/gatewaybooks/vendor/laravel/framework/src/Illuminate/Pipeline/Pipeline.php(183): Illuminate/Session/Middleware/StartSession->handle(Object(Illuminate/Http/Request), Object(Closure))
#23 D:/xampp/htdocs/gatewaybooks/vendor/laravel/framework/src/Illuminate/Cookie/Middleware/AddQueuedCookiesToResponse.php(37): Illuminate/Pipeline/Pipeline->Illuminate/Pipeline/{closure}(Object(Illuminate/Http/Request))
#24 D:/xampp/htdocs/gatewaybooks/vendor/laravel/framework/src/Illuminate/Pipeline/Pipeline.php(183): Illuminate/Cookie/Middleware/AddQueuedCookiesToResponse->handle(Object(Illuminate/Http/Request), Object(Closure))
#25 D:/xampp/htdocs/gatewaybooks/vendor/laravel/framework/src/Illuminate/Cookie/Middleware/EncryptCookies.php(67): Illuminate/Pipeline/Pipeline->Illuminate/Pipeline/{closure}(Object(Illuminate/Http/Request))
#26 D:/xampp/htdocs/gatewaybooks/vendor/laravel/framework/src/Illuminate/Pipeline/Pipeline.php(183): Illuminate/Cookie/Middleware/EncryptCookies->handle(Object(Illuminate/Http/Request), Object(Closure))
#27 D:/xampp/htdocs/gatewaybooks/vendor/laravel/framework/src/Illuminate/Pipeline/Pipeline.php(119): Illuminate/Pipeline/Pipeline->Illuminate/Pipeline/{closure}(Object(Illuminate/Http/Request))
#28 D:/xampp/htdocs/gatewaybooks/vendor/laravel/framework/src/Illuminate/Routing/Router.php(807): Illuminate/Pipeline/Pipeline->then(Object(Closure))
#29 D:/xampp/htdocs/gatewaybooks/vendor/laravel/framework/src/Illuminate/Routing/Router.php(784): Illuminate/Routing/Router->runRouteWithinStack(Object(Illuminate/Routing/Route), Object(Illuminate/Http/Request))
#30 D:/xampp/htdocs/gatewaybooks/vendor/laravel/framework/src/Illuminate/Routing/Router.php(748): Illuminate/Routing/Router->runRoute(Object(Illuminate/Http/Request), Object(Illuminate/Routing/Route))
#31 D:/xampp/htdocs/gatewaybooks/vendor/laravel/framework/src/Illuminate/Routing/Router.php(737): Illuminate/Routing/Router->dispatchToRoute(Object(Illuminate/Http/Request))
#32 D:/xampp/htdocs/gatewaybooks/vendor/laravel/framework/src/Illuminate/Foundation/Http/Kernel.php(200): Illuminate/Routing/Router->dispatch(Object(Illuminate/Http/Request))
#33 D:/xampp/htdocs/gatewaybooks/vendor/laravel/framework/src/Illuminate/Pipeline/Pipeline.php(144): Illuminate/Foundation/Http/Kernel->Illuminate/Foundation/Http/{closure}(Object(Illuminate/Http/Request))
#34 D:/xampp/htdocs/gatewaybooks/vendor/laravel/framework/src/Illuminate/Foundation/Http/Middleware/TransformsRequest.php(21): Illuminate/Pipeline/Pipeline->Illuminate/Pipeline/{closure}(Object(Illuminate/Http/Request))
#35 D:/xampp/htdocs/gatewaybooks/vendor/laravel/framework/src/Illuminate/Foundation/Http/Middleware/ConvertEmptyStringsToNull.php(31): Illuminate/Foundation/Http/Middleware/TransformsRequest->handle(Object(Illuminate/Http/Request), Object(Closure))
#36 D:/xampp/htdocs/gatewaybooks/vendor/laravel/framework/src/Illuminate/Pipeline/Pipeline.php(183): Illuminate/Foundation/Http/Middleware/ConvertEmptyStringsToNull->handle(Object(Illuminate/Http/Request), Object(Closure))
#37 D:/xampp/htdocs/gatewaybooks/vendor/laravel/framework/src/Illuminate/Foundation/Http/Middleware/TransformsRequest.php(21): Illuminate/Pipeline/Pipeline->Illuminate/Pipeline/{closure}(Object(Illuminate/Http/Request))
#38 D:/xampp/htdocs/gatewaybooks/vendor/laravel/framework/src/Illuminate/Foundation/Http/Middleware/TrimStrings.php(40): Illuminate/Foundation/Http/Middleware/TransformsRequest->handle(Object(Illuminate/Http/Request), Object(Closure))
#39 D:/xampp/htdocs/gatewaybooks/vendor/laravel/framework/src/Illuminate/Pipeline/Pipeline.php(183): Illuminate/Foundation/Http/Middleware/TrimStrings->handle(Object(Illuminate/Http/Request), Object(Closure))
#40 D:/xampp/htdocs/gatewaybooks/vendor/laravel/framework/src/Illuminate/Foundation/Http/Middleware/ValidatePostSize.php(27): Illuminate/Pipeline/Pipeline->Illuminate/Pipeline/{closure}(Object(Illuminate/Http/Request))
#41 D:/xampp/htdocs/gatewaybooks/vendor/laravel/framework/src/Illuminate/Pipeline/Pipeline.php(183): Illuminate/Foundation/Http/Middleware/ValidatePostSize->handle(Object(Illuminate/Http/Request), Object(Closure))
#42 D:/xampp/htdocs/gatewaybooks/vendor/laravel/framework/src/Illuminate/Foundation/Http/Middleware/PreventRequestsDuringMaintenance.php(99): Illuminate/Pipeline/Pipeline->Illuminate/Pipeline/{closure}(Object(Illuminate/Http/Request))
#43 D:/xampp/htdocs/gatewaybooks/vendor/laravel/framework/src/Illuminate/Pipeline/Pipeline.php(183): Illuminate/Foundation/Http/Middleware/PreventRequestsDuringMaintenance->handle(Object(Illuminate/Http/Request), Object(Closure))
#44 D:/xampp/htdocs/gatewaybooks/vendor/laravel/framework/src/Illuminate/Http/Middleware/HandleCors.php(49): Illuminate/Pipeline/Pipeline->Illuminate/Pipeline/{closure}(Object(Illuminate/Http/Request))
#45 D:/xampp/htdocs/gatewaybooks/vendor/laravel/framework/src/Illuminate/Pipeline/Pipeline.php(183): Illuminate/Http/Middleware/HandleCors->handle(Object(Illuminate/Http/Request), Object(Closure))
#46 D:/xampp/htdocs/gatewaybooks/vendor/laravel/framework/src/Illuminate/Http/Middleware/TrustProxies.php(39): Illuminate/Pipeline/Pipeline->Illuminate/Pipeline/{closure}(Object(Illuminate/Http/Request))
#47 D:/xampp/htdocs/gatewaybooks/vendor/laravel/framework/src/Illuminate/Pipeline/Pipeline.php(183): Illuminate/Http/Middleware/TrustProxies->handle(Object(Illuminate/Http/Request), Object(Closure))
#48 D:/xampp/htdocs/gatewaybooks/vendor/laravel/framework/src/Illuminate/Pipeline/Pipeline.php(119): Illuminate/Pipeline/Pipeline->Illuminate/Pipeline/{closure}(Object(Illuminate/Http/Request))
#49 D:/xampp/htdocs/gatewaybooks/vendor/laravel/framework/src/Illuminate/Foundation/Http/Kernel.php(175): Illuminate/Pipeline/Pipeline->then(Object(Closure))
#50 D:/xampp/htdocs/gatewaybooks/vendor/laravel/framework/src/Illuminate/Foundation/Http/Kernel.php(144): Illuminate/Foundation/Http/Kernel->sendRequestThroughRouter(Object(Illuminate/Http/Request))
#51 D:/xampp/htdocs/gatewaybooks/public/index.php(52): Illuminate/Foundation/Http/Kernel->handle(Object(Illuminate/Http/Request))
#52 D:/xampp/htdocs/gatewaybooks/vendor/laravel/framework/src/Illuminate/Foundation/resources/server.php(16): require_once('D://xampp//htdocs...')
#53 {main}

[previous exception] [object] (ParseError(code: 0): Unclosed '(' does not match '}' at D:/xampp/htdocs/gatewaybooks/storage/framework/views/ae021b66592bb948b3e5e04054c60eaf.php:15)
[stacktrace]
#0 D:/xampp/htdocs/gatewaybooks/vendor/laravel/framework/src/Illuminate/Filesystem/Filesystem.php(124): Illuminate/Filesystem/Filesystem::Illuminate/Filesystem/{closure}()
#1 D:/xampp/htdocs/gatewaybooks/vendor/laravel/framework/src/Illuminate/View/Engines/PhpEngine.php(58): Illuminate/Filesystem/Filesystem->getRequire('D://xampp//htdocs...', Array)
#2 D:/xampp/htdocs/gatewaybooks/vendor/laravel/framework/src/Illuminate/View/Engines/CompilerEngine.php(72): Illuminate/View/Engines/PhpEngine->evaluatePath('D://xampp//htdocs...', Array)
#3 D:/xampp/htdocs/gatewaybooks/vendor/laravel/framework/src/Illuminate/View/View.php(207): Illuminate/View/Engines/CompilerEngine->get('D://xampp//htdocs...', Array)
#4 D:/xampp/htdocs/gatewaybooks/vendor/laravel/framework/src/Illuminate/View/View.php(190): Illuminate/View/View->getContents()
#5 D:/xampp/htdocs/gatewaybooks/vendor/laravel/framework/src/Illuminate/View/View.php(159): Illuminate/View/View->renderContents()
#6 D:/xampp/htdocs/gatewaybooks/vendor/laravel/framework/src/Illuminate/Http/Response.php(69): Illuminate/View/View->render()
#7 D:/xampp/htdocs/gatewaybooks/vendor/laravel/framework/src/Illuminate/Http/Response.php(35): Illuminate/Http/Response->setContent(Object(Illuminate/View/View))
#8 D:/xampp/htdocs/gatewaybooks/vendor/laravel/framework/src/Illuminate/Routing/Router.php(918): Illuminate/Http/Response->__construct(Object(Illuminate/View/View), 200, Array)
#9 D:/xampp/htdocs/gatewaybooks/vendor/laravel/framework/src/Illuminate/Routing/Router.php(885): Illuminate/Routing/Router::toResponse(Object(Illuminate/Http/Request), Object(Illuminate/View/View))
#10 D:/xampp/htdocs/gatewaybooks/vendor/laravel/framework/src/Illuminate/Routing/Router.php(806): Illuminate/Routing/Router->prepareResponse(Object(Illuminate/Http/Request), Object(Illuminate/View/View))
#11 D:/xampp/htdocs/gatewaybooks/vendor/laravel/framework/src/Illuminate/Pipeline/Pipeline.php(144): Illuminate/Routing/Router->Illuminate/Routing/{closure}(Object(Illuminate/Http/Request))
#12 D:/xampp/htdocs/gatewaybooks/vendor/laravel/framework/src/Illuminate/Routing/Middleware/SubstituteBindings.php(50): Illuminate/Pipeline/Pipeline->Illuminate/Pipeline/{closure}(Object(Illuminate/Http/Request))
#13 D:/xampp/htdocs/gatewaybooks/vendor/laravel/framework/src/Illuminate/Pipeline/Pipeline.php(183): Illuminate/Routing/Middleware/SubstituteBindings->handle(Object(Illuminate/Http/Request), Object(Closure))
#14 D:/xampp/htdocs/gatewaybooks/vendor/laravel/framework/src/Illuminate/Auth/Middleware/Authenticate.php(57): Illuminate/Pipeline/Pipeline->Illuminate/Pipeline/{closure}(Object(Illuminate/Http/Request))
#15 D:/xampp/htdocs/gatewaybooks/vendor/laravel/framework/src/Illuminate/Pipeline/Pipeline.php(183): Illuminate/Auth/Middleware/Authenticate->handle(Object(Illuminate/Http/Request), Object(Closure))
#16 D:/xampp/htdocs/gatewaybooks/vendor/laravel/framework/src/Illuminate/Foundation/Http/Middleware/VerifyCsrfToken.php(78): Illuminate/Pipeline/Pipeline->Illuminate/Pipeline/{closure}(Object(Illuminate/Http/Request))
#17 D:/xampp/htdocs/gatewaybooks/vendor/laravel/framework/src/Illuminate/Pipeline/Pipeline.php(183): Illuminate/Foundation/Http/Middleware/VerifyCsrfToken->handle(Object(Illuminate/Http/Request), Object(Closure))
#18 D:/xampp/htdocs/gatewaybooks/vendor/laravel/framework/src/Illuminate/View/Middleware/ShareErrorsFromSession.php(49): Illuminate/Pipeline/Pipeline->Illuminate/Pipeline/{closure}(Object(Illuminate/Http/Request))
#19 D:/xampp/htdocs/gatewaybooks/vendor/laravel/framework/src/Illuminate/Pipeline/Pipeline.php(183): Illuminate/View/Middleware/ShareErrorsFromSession->handle(Object(Illuminate/Http/Request), Object(Closure))
#20 D:/xampp/htdocs/gatewaybooks/vendor/laravel/framework/src/Illuminate/Session/Middleware/StartSession.php(121): Illuminate/Pipeline/Pipeline->Illuminate/Pipeline/{closure}(Object(Illuminate/Http/Request))
#21 D:/xampp/htdocs/gatewaybooks/vendor/laravel/framework/src/Illuminate/Session/Middleware/StartSession.php(64): Illuminate/Session/Middleware/StartSession->handleStatefulRequest(Object(Illuminate/Http/Request), Object(Illuminate/Session/Store), Object(Closure))
#22 D:/xampp/htdocs/gatewaybooks/vendor/laravel/framework/src/Illuminate/Pipeline/Pipeline.php(183): Illuminate/Session/Middleware/StartSession->handle(Object(Illuminate/Http/Request), Object(Closure))
#23 D:/xampp/htdocs/gatewaybooks/vendor/laravel/framework/src/Illuminate/Cookie/Middleware/AddQueuedCookiesToResponse.php(37): Illuminate/Pipeline/Pipeline->Illuminate/Pipeline/{closure}(Object(Illuminate/Http/Request))
#24 D:/xampp/htdocs/gatewaybooks/vendor/laravel/framework/src/Illuminate/Pipeline/Pipeline.php(183): Illuminate/Cookie/Middleware/AddQueuedCookiesToResponse->handle(Object(Illuminate/Http/Request), Object(Closure))
#25 D:/xampp/htdocs/gatewaybooks/vendor/laravel/framework/src/Illuminate/Cookie/Middleware/EncryptCookies.php(67): Illuminate/Pipeline/Pipeline->Illuminate/Pipeline/{closure}(Object(Illuminate/Http/Request))
#26 D:/xampp/htdocs/gatewaybooks/vendor/laravel/framework/src/Illuminate/Pipeline/Pipeline.php(183): Illuminate/Cookie/Middleware/EncryptCookies->handle(Object(Illuminate/Http/Request), Object(Closure))
#27 D:/xampp/htdocs/gatewaybooks/vendor/laravel/framework/src/Illuminate/Pipeline/Pipeline.php(119): Illuminate/Pipeline/Pipeline->Illuminate/Pipeline/{closure}(Object(Illuminate/Http/Request))
#28 D:/xampp/htdocs/gatewaybooks/vendor/laravel/framework/src/Illuminate/Routing/Router.php(807): Illuminate/Pipeline/Pipeline->then(Object(Closure))
#29 D:/xampp/htdocs/gatewaybooks/vendor/laravel/framework/src/Illuminate/Routing/Router.php(784): Illuminate/Routing/Router->runRouteWithinStack(Object(Illuminate/Routing/Route), Object(Illuminate/Http/Request))
#30 D:/xampp/htdocs/gatewaybooks/vendor/laravel/framework/src/Illuminate/Routing/Router.php(748): Illuminate/Routing/Router->runRoute(Object(Illuminate/Http/Request), Object(Illuminate/Routing/Route))
#31 D:/xampp/htdocs/gatewaybooks/vendor/laravel/framework/src/Illuminate/Routing/Router.php(737): Illuminate/Routing/Router->dispatchToRoute(Object(Illuminate/Http/Request))
#32 D:/xampp/htdocs/gatewaybooks/vendor/laravel/framework/src/Illuminate/Foundation/Http/Kernel.php(200): Illuminate/Routing/Router->dispatch(Object(Illuminate/Http/Request))
#33 D:/xampp/htdocs/gatewaybooks/vendor/laravel/framework/src/Illuminate/Pipeline/Pipeline.php(144): Illuminate/Foundation/Http/Kernel->Illuminate/Foundation/Http/{closure}(Object(Illuminate/Http/Request))
#34 D:/xampp/htdocs/gatewaybooks/vendor/laravel/framework/src/Illuminate/Foundation/Http/Middleware/TransformsRequest.php(21): Illuminate/Pipeline/Pipeline->Illuminate/Pipeline/{closure}(Object(Illuminate/Http/Request))
#35 D:/xampp/htdocs/gatewaybooks/vendor/laravel/framework/src/Illuminate/Foundation/Http/Middleware/ConvertEmptyStringsToNull.php(31): Illuminate/Foundation/Http/Middleware/TransformsRequest->handle(Object(Illuminate/Http/Request), Object(Closure))
#36 D:/xampp/htdocs/gatewaybooks/vendor/laravel/framework/src/Illuminate/Pipeline/Pipeline.php(183): Illuminate/Foundation/Http/Middleware/ConvertEmptyStringsToNull->handle(Object(Illuminate/Http/Request), Object(Closure))
#37 D:/xampp/htdocs/gatewaybooks/vendor/laravel/framework/src/Illuminate/Foundation/Http/Middleware/TransformsRequest.php(21): Illuminate/Pipeline/Pipeline->Illuminate/Pipeline/{closure}(Object(Illuminate/Http/Request))
#38 D:/xampp/htdocs/gatewaybooks/vendor/laravel/framework/src/Illuminate/Foundation/Http/Middleware/TrimStrings.php(40): Illuminate/Foundation/Http/Middleware/TransformsRequest->handle(Object(Illuminate/Http/Request), Object(Closure))
#39 D:/xampp/htdocs/gatewaybooks/vendor/laravel/framework/src/Illuminate/Pipeline/Pipeline.php(183): Illuminate/Foundation/Http/Middleware/TrimStrings->handle(Object(Illuminate/Http/Request), Object(Closure))
#40 D:/xampp/htdocs/gatewaybooks/vendor/laravel/framework/src/Illuminate/Foundation/Http/Middleware/ValidatePostSize.php(27): Illuminate/Pipeline/Pipeline->Illuminate/Pipeline/{closure}(Object(Illuminate/Http/Request))
#41 D:/xampp/htdocs/gatewaybooks/vendor/laravel/framework/src/Illuminate/Pipeline/Pipeline.php(183): Illuminate/Foundation/Http/Middleware/ValidatePostSize->handle(Object(Illuminate/Http/Request), Object(Closure))
#42 D:/xampp/htdocs/gatewaybooks/vendor/laravel/framework/src/Illuminate/Foundation/Http/Middleware/PreventRequestsDuringMaintenance.php(99): Illuminate/Pipeline/Pipeline->Illuminate/Pipeline/{closure}(Object(Illuminate/Http/Request))
#43 D:/xampp/htdocs/gatewaybooks/vendor/laravel/framework/src/Illuminate/Pipeline/Pipeline.php(183): Illuminate/Foundation/Http/Middleware/PreventRequestsDuringMaintenance->handle(Object(Illuminate/Http/Request), Object(Closure))
#44 D:/xampp/htdocs/gatewaybooks/vendor/laravel/framework/src/Illuminate/Http/Middleware/HandleCors.php(49): Illuminate/Pipeline/Pipeline->Illuminate/Pipeline/{closure}(Object(Illuminate/Http/Request))
#45 D:/xampp/htdocs/gatewaybooks/vendor/laravel/framework/src/Illuminate/Pipeline/Pipeline.php(183): Illuminate/Http/Middleware/HandleCors->handle(Object(Illuminate/Http/Request), Object(Closure))
#46 D:/xampp/htdocs/gatewaybooks/vendor/laravel/framework/src/Illuminate/Http/Middleware/TrustProxies.php(39): Illuminate/Pipeline/Pipeline->Illuminate/Pipeline/{closure}(Object(Illuminate/Http/Request))
#47 D:/xampp/htdocs/gatewaybooks/vendor/laravel/framework/src/Illuminate/Pipeline/Pipeline.php(183): Illuminate/Http/Middleware/TrustProxies->handle(Object(Illuminate/Http/Request), Object(Closure))
#48 D:/xampp/htdocs/gatewaybooks/vendor/laravel/framework/src/Illuminate/Pipeline/Pipeline.php(119): Illuminate/Pipeline/Pipeline->Illuminate/Pipeline/{closure}(Object(Illuminate/Http/Request))
#49 D:/xampp/htdocs/gatewaybooks/vendor/laravel/framework/src/Illuminate/Foundation/Http/Kernel.php(175): Illuminate/Pipeline/Pipeline->then(Object(Closure))
#50 D:/xampp/htdocs/gatewaybooks/vendor/laravel/framework/src/Illuminate/Foundation/Http/Kernel.php(144): Illuminate/Foundation/Http/Kernel->sendRequestThroughRouter(Object(Illuminate/Http/Request))
#51 D:/xampp/htdocs/gatewaybooks/public/index.php(52): Illuminate/Foundation/Http/Kernel->handle(Object(Illuminate/Http/Request))
#52 D:/xampp/htdocs/gatewaybooks/vendor/laravel/framework/src/Illuminate/Foundation/resources/server.php(16): require_once('D://xampp//htdocs...')
#53 {main}
"} 
[2026-09-03 16:17:07] local.ERROR: Unclosed '(' does not match '}' {"view":{"view":"D:\\xampp\\htdocs\\gatewaybooks\\resources\\views\\admin\\user_profile\\profile.blade.php","data":{"errors":"<pre class=sf-dump id=sf-dump-541821855 data-indent-pad=\"  \"><span class=sf-dump-note>Illuminate\\Support\\ViewErrorBag</span> {<a class=sf-dump-ref>#266</a><samp data-depth=1 class=sf-dump-expanded>
  #<span class=sf-dump-protected title=\"Protected property\">bags</span>: []
</samp>}
</pre><script>Sfdump(\"sf-dump-541821855\", {\"maxDepth\":3,\"maxStringLength\":160})</script>
"}},"userId":1,"exception":"[object] (Spatie\\LaravelIgnition\\Exceptions\\ViewException(code: 0): Unclosed '(' does not match '}' at D:/xampp/htdocs/gatewaybooks/resources/views/admin/user_profile/profile.blade.php:14)
[stacktrace]
#0 D:/xampp/htdocs/gatewaybooks/vendor/laravel/framework/src/Illuminate/Filesystem/Filesystem.php(124): Illuminate/Filesystem/Filesystem::Illuminate/Filesystem/{closure}()
#1 D:/xampp/htdocs/gatewaybooks/vendor/laravel/framework/src/Illuminate/View/Engines/PhpEngine.php(58): Illuminate/Filesystem/Filesystem->getRequire('D://xampp//htdocs...', Array)
#2 D:/xampp/htdocs/gatewaybooks/vendor/laravel/framework/src/Illuminate/View/Engines/CompilerEngine.php(72): Illuminate/View/Engines/PhpEngine->evaluatePath('D://xampp//htdocs...', Array)
#3 D:/xampp/htdocs/gatewaybooks/vendor/laravel/framework/src/Illuminate/View/View.php(207): Illuminate/View/Engines/CompilerEngine->get('D://xampp//htdocs...', Array)
#4 D:/xampp/htdocs/gatewaybooks/vendor/laravel/framework/src/Illuminate/View/View.php(190): Illuminate/View/View->getContents()
#5 D:/xampp/htdocs/gatewaybooks/vendor/laravel/framework/src/Illuminate/View/View.php(159): Illuminate/View/View->renderContents()
#6 D:/xampp/htdocs/gatewaybooks/vendor/laravel/framework/src/Illuminate/Http/Response.php(69): Illuminate/View/View->render()
#7 D:/xampp/htdocs/gatewaybooks/vendor/laravel/framework/src/Illuminate/Http/Response.php(35): Illuminate/Http/Response->setContent(Object(Illuminate/View/View))
#8 D:/xampp/htdocs/gatewaybooks/vendor/laravel/framework/src/Illuminate/Routing/Router.php(918): Illuminate/Http/Response->__construct(Object(Illuminate/View/View), 200, Array)
#9 D:/xampp/htdocs/gatewaybooks/vendor/laravel/framework/src/Illuminate/Routing/Router.php(885): Illuminate/Routing/Router::toResponse(Object(Illuminate/Http/Request), Object(Illuminate/View/View))
#10 D:/xampp/htdocs/gatewaybooks/vendor/laravel/framework/src/Illuminate/Routing/Router.php(806): Illuminate/Routing/Router->prepareResponse(Object(Illuminate/Http/Request), Object(Illuminate/View/View))
#11 D:/xampp/htdocs/gatewaybooks/vendor/laravel/framework/src/Illuminate/Pipeline/Pipeline.php(144): Illuminate/Routing/Router->Illuminate/Routing/{closure}(Object(Illuminate/Http/Request))
#12 D:/xampp/htdocs/gatewaybooks/vendor/laravel/framework/src/Illuminate/Routing/Middleware/SubstituteBindings.php(50): Illuminate/Pipeline/Pipeline->Illuminate/Pipeline/{closure}(Object(Illuminate/Http/Request))
#13 D:/xampp/htdocs/gatewaybooks/vendor/laravel/framework/src/Illuminate/Pipeline/Pipeline.php(183): Illuminate/Routing/Middleware/SubstituteBindings->handle(Object(Illuminate/Http/Request), Object(Closure))
#14 D:/xampp/htdocs/gatewaybooks/vendor/laravel/framework/src/Illuminate/Auth/Middleware/Authenticate.php(57): Illuminate/Pipeline/Pipeline->Illuminate/Pipeline/{closure}(Object(Illuminate/Http/Request))
#15 D:/xampp/htdocs/gatewaybooks/vendor/laravel/framework/src/Illuminate/Pipeline/Pipeline.php(183): Illuminate/Auth/Middleware/Authenticate->handle(Object(Illuminate/Http/Request), Object(Closure))
#16 D:/xampp/htdocs/gatewaybooks/vendor/laravel/framework/src/Illuminate/Foundation/Http/Middleware/VerifyCsrfToken.php(78): Illuminate/Pipeline/Pipeline->Illuminate/Pipeline/{closure}(Object(Illuminate/Http/Request))
#17 D:/xampp/htdocs/gatewaybooks/vendor/laravel/framework/src/Illuminate/Pipeline/Pipeline.php(183): Illuminate/Foundation/Http/Middleware/VerifyCsrfToken->handle(Object(Illuminate/Http/Request), Object(Closure))
#18 D:/xampp/htdocs/gatewaybooks/vendor/laravel/framework/src/Illuminate/View/Middleware/ShareErrorsFromSession.php(49): Illuminate/Pipeline/Pipeline->Illuminate/Pipeline/{closure}(Object(Illuminate/Http/Request))
#19 D:/xampp/htdocs/gatewaybooks/vendor/laravel/framework/src/Illuminate/Pipeline/Pipeline.php(183): Illuminate/View/Middleware/ShareErrorsFromSession->handle(Object(Illuminate/Http/Request), Object(Closure))
#20 D:/xampp/htdocs/gatewaybooks/vendor/laravel/framework/src/Illuminate/Session/Middleware/StartSession.php(121): Illuminate/Pipeline/Pipeline->Illuminate/Pipeline/{closure}(Object(Illuminate/Http/Request))
#21 D:/xampp/htdocs/gatewaybooks/vendor/laravel/framework/src/Illuminate/Session/Middleware/StartSession.php(64): Illuminate/Session/Middleware/StartSession->handleStatefulRequest(Object(Illuminate/Http/Request), Object(Illuminate/Session/Store), Object(Closure))
#22 D:/xampp/htdocs/gatewaybooks/vendor/laravel/framework/src/Illuminate/Pipeline/Pipeline.php(183): Illuminate/Session/Middleware/StartSession->handle(Object(Illuminate/Http/Request), Object(Closure))
#23 D:/xampp/htdocs/gatewaybooks/vendor/laravel/framework/src/Illuminate/Cookie/Middleware/AddQueuedCookiesToResponse.php(37): Illuminate/Pipeline/Pipeline->Illuminate/Pipeline/{closure}(Object(Illuminate/Http/Request))
#24 D:/xampp/htdocs/gatewaybooks/vendor/laravel/framework/src/Illuminate/Pipeline/Pipeline.php(183): Illuminate/Cookie/Middleware/AddQueuedCookiesToResponse->handle(Object(Illuminate/Http/Request), Object(Closure))
#25 D:/xampp/htdocs/gatewaybooks/vendor/laravel/framework/src/Illuminate/Cookie/Middleware/EncryptCookies.php(67): Illuminate/Pipeline/Pipeline->Illuminate/Pipeline/{closure}(Object(Illuminate/Http/Request))
#26 D:/xampp/htdocs/gatewaybooks/vendor/laravel/framework/src/Illuminate/Pipeline/Pipeline.php(183): Illuminate/Cookie/Middleware/EncryptCookies->handle(Object(Illuminate/Http/Request), Object(Closure))
#27 D:/xampp/htdocs/gatewaybooks/vendor/laravel/framework/src/Illuminate/Pipeline/Pipeline.php(119): Illuminate/Pipeline/Pipeline->Illuminate/Pipeline/{closure}(Object(Illuminate/Http/Request))
#28 D:/xampp/htdocs/gatewaybooks/vendor/laravel/framework/src/Illuminate/Routing/Router.php(807): Illuminate/Pipeline/Pipeline->then(Object(Closure))
#29 D:/xampp/htdocs/gatewaybooks/vendor/laravel/framework/src/Illuminate/Routing/Router.php(784): Illuminate/Routing/Router->runRouteWithinStack(Object(Illuminate/Routing/Route), Object(Illuminate/Http/Request))
#30 D:/xampp/htdocs/gatewaybooks/vendor/laravel/framework/src/Illuminate/Routing/Router.php(748): Illuminate/Routing/Router->runRoute(Object(Illuminate/Http/Request), Object(Illuminate/Routing/Route))
#31 D:/xampp/htdocs/gatewaybooks/vendor/laravel/framework/src/Illuminate/Routing/Router.php(737): Illuminate/Routing/Router->dispatchToRoute(Object(Illuminate/Http/Request))
#32 D:/xampp/htdocs/gatewaybooks/vendor/laravel/framework/src/Illuminate/Foundation/Http/Kernel.php(200): Illuminate/Routing/Router->dispatch(Object(Illuminate/Http/Request))
#33 D:/xampp/htdocs/gatewaybooks/vendor/laravel/framework/src/Illuminate/Pipeline/Pipeline.php(144): Illuminate/Foundation/Http/Kernel->Illuminate/Foundation/Http/{closure}(Object(Illuminate/Http/Request))
#34 D:/xampp/htdocs/gatewaybooks/vendor/laravel/framework/src/Illuminate/Foundation/Http/Middleware/TransformsRequest.php(21): Illuminate/Pipeline/Pipeline->Illuminate/Pipeline/{closure}(Object(Illuminate/Http/Request))
#35 D:/xampp/htdocs/gatewaybooks/vendor/laravel/framework/src/Illuminate/Foundation/Http/Middleware/ConvertEmptyStringsToNull.php(31): Illuminate/Foundation/Http/Middleware/TransformsRequest->handle(Object(Illuminate/Http/Request), Object(Closure))
#36 D:/xampp/htdocs/gatewaybooks/vendor/laravel/framework/src/Illuminate/Pipeline/Pipeline.php(183): Illuminate/Foundation/Http/Middleware/ConvertEmptyStringsToNull->handle(Object(Illuminate/Http/Request), Object(Closure))
#37 D:/xampp/htdocs/gatewaybooks/vendor/laravel/framework/src/Illuminate/Foundation/Http/Middleware/TransformsRequest.php(21): Illuminate/Pipeline/Pipeline->Illuminate/Pipeline/{closure}(Object(Illuminate/Http/Request))
#38 D:/xampp/htdocs/gatewaybooks/vendor/laravel/framework/src/Illuminate/Foundation/Http/Middleware/TrimStrings.php(40): Illuminate/Foundation/Http/Middleware/TransformsRequest->handle(Object(Illuminate/Http/Request), Object(Closure))
#39 D:/xampp/htdocs/gatewaybooks/vendor/laravel/framework/src/Illuminate/Pipeline/Pipeline.php(183): Illuminate/Foundation/Http/Middleware/TrimStrings->handle(Object(Illuminate/Http/Request), Object(Closure))
#40 D:/xampp/htdocs/gatewaybooks/vendor/laravel/framework/src/Illuminate/Foundation/Http/Middleware/ValidatePostSize.php(27): Illuminate/Pipeline/Pipeline->Illuminate/Pipeline/{closure}(Object(Illuminate/Http/Request))
#41 D:/xampp/htdocs/gatewaybooks/vendor/laravel/framework/src/Illuminate/Pipeline/Pipeline.php(183): Illuminate/Foundation/Http/Middleware/ValidatePostSize->handle(Object(Illuminate/Http/Request), Object(Closure))
#42 D:/xampp/htdocs/gatewaybooks/vendor/laravel/framework/src/Illuminate/Foundation/Http/Middleware/PreventRequestsDuringMaintenance.php(99): Illuminate/Pipeline/Pipeline->Illuminate/Pipeline/{closure}(Object(Illuminate/Http/Request))
#43 D:/xampp/htdocs/gatewaybooks/vendor/laravel/framework/src/Illuminate/Pipeline/Pipeline.php(183): Illuminate/Foundation/Http/Middleware/PreventRequestsDuringMaintenance->handle(Object(Illuminate/Http/Request), Object(Closure))
#44 D:/xampp/htdocs/gatewaybooks/vendor/laravel/framework/src/Illuminate/Http/Middleware/HandleCors.php(49): Illuminate/Pipeline/Pipeline->Illuminate/Pipeline/{closure}(Object(Illuminate/Http/Request))
#45 D:/xampp/htdocs/gatewaybooks/vendor/laravel/framework/src/Illuminate/Pipeline/Pipeline.php(183): Illuminate/Http/Middleware/HandleCors->handle(Object(Illuminate/Http/Request), Object(Closure))
#46 D:/xampp/htdocs/gatewaybooks/vendor/laravel/framework/src/Illuminate/Http/Middleware/TrustProxies.php(39): Illuminate/Pipeline/Pipeline->Illuminate/Pipeline/{closure}(Object(Illuminate/Http/Request))
#47 D:/xampp/htdocs/gatewaybooks/vendor/laravel/framework/src/Illuminate/Pipeline/Pipeline.php(183): Illuminate/Http/Middleware/TrustProxies->handle(Object(Illuminate/Http/Request), Object(Closure))
#48 D:/xampp/htdocs/gatewaybooks/vendor/laravel/framework/src/Illuminate/Pipeline/Pipeline.php(119): Illuminate/Pipeline/Pipeline->Illuminate/Pipeline/{closure}(Object(Illuminate/Http/Request))
#49 D:/xampp/htdocs/gatewaybooks/vendor/laravel/framework/src/Illuminate/Foundation/Http/Kernel.php(175): Illuminate/Pipeline/Pipeline->then(Object(Closure))
#50 D:/xampp/htdocs/gatewaybooks/vendor/laravel/framework/src/Illuminate/Foundation/Http/Kernel.php(144): Illuminate/Foundation/Http/Kernel->sendRequestThroughRouter(Object(Illuminate/Http/Request))
#51 D:/xampp/htdocs/gatewaybooks/public/index.php(52): Illuminate/Foundation/Http/Kernel->handle(Object(Illuminate/Http/Request))
#52 D:/xampp/htdocs/gatewaybooks/vendor/laravel/framework/src/Illuminate/Foundation/resources/server.php(16): require_once('D://xampp//htdocs...')
#53 {main}

[previous exception] [object] (ParseError(code: 0): Unclosed '(' does not match '}' at D:/xampp/htdocs/gatewaybooks/storage/framework/views/ae021b66592bb948b3e5e04054c60eaf.php:15)
[stacktrace]
#0 D:/xampp/htdocs/gatewaybooks/vendor/laravel/framework/src/Illuminate/Filesystem/Filesystem.php(124): Illuminate/Filesystem/Filesystem::Illuminate/Filesystem/{closure}()
#1 D:/xampp/htdocs/gatewaybooks/vendor/laravel/framework/src/Illuminate/View/Engines/PhpEngine.php(58): Illuminate/Filesystem/Filesystem->getRequire('D://xampp//htdocs...', Array)
#2 D:/xampp/htdocs/gatewaybooks/vendor/laravel/framework/src/Illuminate/View/Engines/CompilerEngine.php(72): Illuminate/View/Engines/PhpEngine->evaluatePath('D://xampp//htdocs...', Array)
#3 D:/xampp/htdocs/gatewaybooks/vendor/laravel/framework/src/Illuminate/View/View.php(207): Illuminate/View/Engines/CompilerEngine->get('D://xampp//htdocs...', Array)
#4 D:/xampp/htdocs/gatewaybooks/vendor/laravel/framework/src/Illuminate/View/View.php(190): Illuminate/View/View->getContents()
#5 D:/xampp/htdocs/gatewaybooks/vendor/laravel/framework/src/Illuminate/View/View.php(159): Illuminate/View/View->renderContents()
#6 D:/xampp/htdocs/gatewaybooks/vendor/laravel/framework/src/Illuminate/Http/Response.php(69): Illuminate/View/View->render()
#7 D:/xampp/htdocs/gatewaybooks/vendor/laravel/framework/src/Illuminate/Http/Response.php(35): Illuminate/Http/Response->setContent(Object(Illuminate/View/View))
#8 D:/xampp/htdocs/gatewaybooks/vendor/laravel/framework/src/Illuminate/Routing/Router.php(918): Illuminate/Http/Response->__construct(Object(Illuminate/View/View), 200, Array)
#9 D:/xampp/htdocs/gatewaybooks/vendor/laravel/framework/src/Illuminate/Routing/Router.php(885): Illuminate/Routing/Router::toResponse(Object(Illuminate/Http/Request), Object(Illuminate/View/View))
#10 D:/xampp/htdocs/gatewaybooks/vendor/laravel/framework/src/Illuminate/Routing/Router.php(806): Illuminate/Routing/Router->prepareResponse(Object(Illuminate/Http/Request), Object(Illuminate/View/View))
#11 D:/xampp/htdocs/gatewaybooks/vendor/laravel/framework/src/Illuminate/Pipeline/Pipeline.php(144): Illuminate/Routing/Router->Illuminate/Routing/{closure}(Object(Illuminate/Http/Request))
#12 D:/xampp/htdocs/gatewaybooks/vendor/laravel/framework/src/Illuminate/Routing/Middleware/SubstituteBindings.php(50): Illuminate/Pipeline/Pipeline->Illuminate/Pipeline/{closure}(Object(Illuminate/Http/Request))
#13 D:/xampp/htdocs/gatewaybooks/vendor/laravel/framework/src/Illuminate/Pipeline/Pipeline.php(183): Illuminate/Routing/Middleware/SubstituteBindings->handle(Object(Illuminate/Http/Request), Object(Closure))
#14 D:/xampp/htdocs/gatewaybooks/vendor/laravel/framework/src/Illuminate/Auth/Middleware/Authenticate.php(57): Illuminate/Pipeline/Pipeline->Illuminate/Pipeline/{closure}(Object(Illuminate/Http/Request))
#15 D:/xampp/htdocs/gatewaybooks/vendor/laravel/framework/src/Illuminate/Pipeline/Pipeline.php(183): Illuminate/Auth/Middleware/Authenticate->handle(Object(Illuminate/Http/Request), Object(Closure))
#16 D:/xampp/htdocs/gatewaybooks/vendor/laravel/framework/src/Illuminate/Foundation/Http/Middleware/VerifyCsrfToken.php(78): Illuminate/Pipeline/Pipeline->Illuminate/Pipeline/{closure}(Object(Illuminate/Http/Request))
#17 D:/xampp/htdocs/gatewaybooks/vendor/laravel/framework/src/Illuminate/Pipeline/Pipeline.php(183): Illuminate/Foundation/Http/Middleware/VerifyCsrfToken->handle(Object(Illuminate/Http/Request), Object(Closure))
#18 D:/xampp/htdocs/gatewaybooks/vendor/laravel/framework/src/Illuminate/View/Middleware/ShareErrorsFromSession.php(49): Illuminate/Pipeline/Pipeline->Illuminate/Pipeline/{closure}(Object(Illuminate/Http/Request))
#19 D:/xampp/htdocs/gatewaybooks/vendor/laravel/framework/src/Illuminate/Pipeline/Pipeline.php(183): Illuminate/View/Middleware/ShareErrorsFromSession->handle(Object(Illuminate/Http/Request), Object(Closure))
#20 D:/xampp/htdocs/gatewaybooks/vendor/laravel/framework/src/Illuminate/Session/Middleware/StartSession.php(121): Illuminate/Pipeline/Pipeline->Illuminate/Pipeline/{closure}(Object(Illuminate/Http/Request))
#21 D:/xampp/htdocs/gatewaybooks/vendor/laravel/framework/src/Illuminate/Session/Middleware/StartSession.php(64): Illuminate/Session/Middleware/StartSession->handleStatefulRequest(Object(Illuminate/Http/Request), Object(Illuminate/Session/Store), Object(Closure))
#22 D:/xampp/htdocs/gatewaybooks/vendor/laravel/framework/src/Illuminate/Pipeline/Pipeline.php(183): Illuminate/Session/Middleware/StartSession->handle(Object(Illuminate/Http/Request), Object(Closure))
#23 D:/xampp/htdocs/gatewaybooks/vendor/laravel/framework/src/Illuminate/Cookie/Middleware/AddQueuedCookiesToResponse.php(37): Illuminate/Pipeline/Pipeline->Illuminate/Pipeline/{closure}(Object(Illuminate/Http/Request))
#24 D:/xampp/htdocs/gatewaybooks/vendor/laravel/framework/src/Illuminate/Pipeline/Pipeline.php(183): Illuminate/Cookie/Middleware/AddQueuedCookiesToResponse->handle(Object(Illuminate/Http/Request), Object(Closure))
#25 D:/xampp/htdocs/gatewaybooks/vendor/laravel/framework/src/Illuminate/Cookie/Middleware/EncryptCookies.php(67): Illuminate/Pipeline/Pipeline->Illuminate/Pipeline/{closure}(Object(Illuminate/Http/Request))
#26 D:/xampp/htdocs/gatewaybooks/vendor/laravel/framework/src/Illuminate/Pipeline/Pipeline.php(183): Illuminate/Cookie/Middleware/EncryptCookies->handle(Object(Illuminate/Http/Request), Object(Closure))
#27 D:/xampp/htdocs/gatewaybooks/vendor/laravel/framework/src/Illuminate/Pipeline/Pipeline.php(119): Illuminate/Pipeline/Pipeline->Illuminate/Pipeline/{closure}(Object(Illuminate/Http/Request))
#28 D:/xampp/htdocs/gatewaybooks/vendor/laravel/framework/src/Illuminate/Routing/Router.php(807): Illuminate/Pipeline/Pipeline->then(Object(Closure))
#29 D:/xampp/htdocs/gatewaybooks/vendor/laravel/framework/src/Illuminate/Routing/Router.php(784): Illuminate/Routing/Router->runRouteWithinStack(Object(Illuminate/Routing/Route), Object(Illuminate/Http/Request))
#30 D:/xampp/htdocs/gatewaybooks/vendor/laravel/framework/src/Illuminate/Routing/Router.php(748): Illuminate/Routing/Router->runRoute(Object(Illuminate/Http/Request), Object(Illuminate/Routing/Route))
#31 D:/xampp/htdocs/gatewaybooks/vendor/laravel/framework/src/Illuminate/Routing/Router.php(737): Illuminate/Routing/Router->dispatchToRoute(Object(Illuminate/Http/Request))
#32 D:/xampp/htdocs/gatewaybooks/vendor/laravel/framework/src/Illuminate/Foundation/Http/Kernel.php(200): Illuminate/Routing/Router->dispatch(Object(Illuminate/Http/Request))
#33 D:/xampp/htdocs/gatewaybooks/vendor/laravel/framework/src/Illuminate/Pipeline/Pipeline.php(144): Illuminate/Foundation/Http/Kernel->Illuminate/Foundation/Http/{closure}(Object(Illuminate/Http/Request))
#34 D:/xampp/htdocs/gatewaybooks/vendor/laravel/framework/src/Illuminate/Foundation/Http/Middleware/TransformsRequest.php(21): Illuminate/Pipeline/Pipeline->Illuminate/Pipeline/{closure}(Object(Illuminate/Http/Request))
#35 D:/xampp/htdocs/gatewaybooks/vendor/laravel/framework/src/Illuminate/Foundation/Http/Middleware/ConvertEmptyStringsToNull.php(31): Illuminate/Foundation/Http/Middleware/TransformsRequest->handle(Object(Illuminate/Http/Request), Object(Closure))
#36 D:/xampp/htdocs/gatewaybooks/vendor/laravel/framework/src/Illuminate/Pipeline/Pipeline.php(183): Illuminate/Foundation/Http/Middleware/ConvertEmptyStringsToNull->handle(Object(Illuminate/Http/Request), Object(Closure))
#37 D:/xampp/htdocs/gatewaybooks/vendor/laravel/framework/src/Illuminate/Foundation/Http/Middleware/TransformsRequest.php(21): Illuminate/Pipeline/Pipeline->Illuminate/Pipeline/{closure}(Object(Illuminate/Http/Request))
#38 D:/xampp/htdocs/gatewaybooks/vendor/laravel/framework/src/Illuminate/Foundation/Http/Middleware/TrimStrings.php(40): Illuminate/Foundation/Http/Middleware/TransformsRequest->handle(Object(Illuminate/Http/Request), Object(Closure))
#39 D:/xampp/htdocs/gatewaybooks/vendor/laravel/framework/src/Illuminate/Pipeline/Pipeline.php(183): Illuminate/Foundation/Http/Middleware/TrimStrings->handle(Object(Illuminate/Http/Request), Object(Closure))
#40 D:/xampp/htdocs/gatewaybooks/vendor/laravel/framework/src/Illuminate/Foundation/Http/Middleware/ValidatePostSize.php(27): Illuminate/Pipeline/Pipeline->Illuminate/Pipeline/{closure}(Object(Illuminate/Http/Request))
#41 D:/xampp/htdocs/gatewaybooks/vendor/laravel/framework/src/Illuminate/Pipeline/Pipeline.php(183): Illuminate/Foundation/Http/Middleware/ValidatePostSize->handle(Object(Illuminate/Http/Request), Object(Closure))
#42 D:/xampp/htdocs/gatewaybooks/vendor/laravel/framework/src/Illuminate/Foundation/Http/Middleware/PreventRequestsDuringMaintenance.php(99): Illuminate/Pipeline/Pipeline->Illuminate/Pipeline/{closure}(Object(Illuminate/Http/Request))
#43 D:/xampp/htdocs/gatewaybooks/vendor/laravel/framework/src/Illuminate/Pipeline/Pipeline.php(183): Illuminate/Foundation/Http/Middleware/PreventRequestsDuringMaintenance->handle(Object(Illuminate/Http/Request), Object(Closure))
#44 D:/xampp/htdocs/gatewaybooks/vendor/laravel/framework/src/Illuminate/Http/Middleware/HandleCors.php(49): Illuminate/Pipeline/Pipeline->Illuminate/Pipeline/{closure}(Object(Illuminate/Http/Request))
#45 D:/xampp/htdocs/gatewaybooks/vendor/laravel/framework/src/Illuminate/Pipeline/Pipeline.php(183): Illuminate/Http/Middleware/HandleCors->handle(Object(Illuminate/Http/Request), Object(Closure))
#46 D:/xampp/htdocs/gatewaybooks/vendor/laravel/framework/src/Illuminate/Http/Middleware/TrustProxies.php(39): Illuminate/Pipeline/Pipeline->Illuminate/Pipeline/{closure}(Object(Illuminate/Http/Request))
#47 D:/xampp/htdocs/gatewaybooks/vendor/laravel/framework/src/Illuminate/Pipeline/Pipeline.php(183): Illuminate/Http/Middleware/TrustProxies->handle(Object(Illuminate/Http/Request), Object(Closure))
#48 D:/xampp/htdocs/gatewaybooks/vendor/laravel/framework/src/Illuminate/Pipeline/Pipeline.php(119): Illuminate/Pipeline/Pipeline->Illuminate/Pipeline/{closure}(Object(Illuminate/Http/Request))
#49 D:/xampp/htdocs/gatewaybooks/vendor/laravel/framework/src/Illuminate/Foundation/Http/Kernel.php(175): Illuminate/Pipeline/Pipeline->then(Object(Closure))
#50 D:/xampp/htdocs/gatewaybooks/vendor/laravel/framework/src/Illuminate/Foundation/Http/Kernel.php(144): Illuminate/Foundation/Http/Kernel->sendRequestThroughRouter(Object(Illuminate/Http/Request))
#51 D:/xampp/htdocs/gatewaybooks/public/index.php(52): Illuminate/Foundation/Http/Kernel->handle(Object(Illuminate/Http/Request))
#52 D:/xampp/htdocs/gatewaybooks/vendor/laravel/framework/src/Illuminate/Foundation/resources/server.php(16): require_once('D://xampp//htdocs...')
#53 {main}
"} 
[2026-09-03 16:17:10] local.ERROR: Unclosed '(' does not match '}' {"view":{"view":"D:\\xampp\\htdocs\\gatewaybooks\\resources\\views\\admin\\user_profile\\profile.blade.php","data":{"errors":"<pre class=sf-dump id=sf-dump-924316931 data-indent-pad=\"  \"><span class=sf-dump-note>Illuminate\\Support\\ViewErrorBag</span> {<a class=sf-dump-ref>#266</a><samp data-depth=1 class=sf-dump-expanded>
  #<span class=sf-dump-protected title=\"Protected property\">bags</span>: []
</samp>}
</pre><script>Sfdump(\"sf-dump-924316931\", {\"maxDepth\":3,\"maxStringLength\":160})</script>
"}},"userId":1,"exception":"[object] (Spatie\\LaravelIgnition\\Exceptions\\ViewException(code: 0): Unclosed '(' does not match '}' at D:/xampp/htdocs/gatewaybooks/resources/views/admin/user_profile/profile.blade.php:14)
[stacktrace]
#0 D:/xampp/htdocs/gatewaybooks/vendor/laravel/framework/src/Illuminate/Filesystem/Filesystem.php(124): Illuminate/Filesystem/Filesystem::Illuminate/Filesystem/{closure}()
#1 D:/xampp/htdocs/gatewaybooks/vendor/laravel/framework/src/Illuminate/View/Engines/PhpEngine.php(58): Illuminate/Filesystem/Filesystem->getRequire('D://xampp//htdocs...', Array)
#2 D:/xampp/htdocs/gatewaybooks/vendor/laravel/framework/src/Illuminate/View/Engines/CompilerEngine.php(72): Illuminate/View/Engines/PhpEngine->evaluatePath('D://xampp//htdocs...', Array)
#3 D:/xampp/htdocs/gatewaybooks/vendor/laravel/framework/src/Illuminate/View/View.php(207): Illuminate/View/Engines/CompilerEngine->get('D://xampp//htdocs...', Array)
#4 D:/xampp/htdocs/gatewaybooks/vendor/laravel/framework/src/Illuminate/View/View.php(190): Illuminate/View/View->getContents()
#5 D:/xampp/htdocs/gatewaybooks/vendor/laravel/framework/src/Illuminate/View/View.php(159): Illuminate/View/View->renderContents()
#6 D:/xampp/htdocs/gatewaybooks/vendor/laravel/framework/src/Illuminate/Http/Response.php(69): Illuminate/View/View->render()
#7 D:/xampp/htdocs/gatewaybooks/vendor/laravel/framework/src/Illuminate/Http/Response.php(35): Illuminate/Http/Response->setContent(Object(Illuminate/View/View))
#8 D:/xampp/htdocs/gatewaybooks/vendor/laravel/framework/src/Illuminate/Routing/Router.php(918): Illuminate/Http/Response->__construct(Object(Illuminate/View/View), 200, Array)
#9 D:/xampp/htdocs/gatewaybooks/vendor/laravel/framework/src/Illuminate/Routing/Router.php(885): Illuminate/Routing/Router::toResponse(Object(Illuminate/Http/Request), Object(Illuminate/View/View))
#10 D:/xampp/htdocs/gatewaybooks/vendor/laravel/framework/src/Illuminate/Routing/Router.php(806): Illuminate/Routing/Router->prepareResponse(Object(Illuminate/Http/Request), Object(Illuminate/View/View))
#11 D:/xampp/htdocs/gatewaybooks/vendor/laravel/framework/src/Illuminate/Pipeline/Pipeline.php(144): Illuminate/Routing/Router->Illuminate/Routing/{closure}(Object(Illuminate/Http/Request))
#12 D:/xampp/htdocs/gatewaybooks/vendor/laravel/framework/src/Illuminate/Routing/Middleware/SubstituteBindings.php(50): Illuminate/Pipeline/Pipeline->Illuminate/Pipeline/{closure}(Object(Illuminate/Http/Request))
#13 D:/xampp/htdocs/gatewaybooks/vendor/laravel/framework/src/Illuminate/Pipeline/Pipeline.php(183): Illuminate/Routing/Middleware/SubstituteBindings->handle(Object(Illuminate/Http/Request), Object(Closure))
#14 D:/xampp/htdocs/gatewaybooks/vendor/laravel/framework/src/Illuminate/Auth/Middleware/Authenticate.php(57): Illuminate/Pipeline/Pipeline->Illuminate/Pipeline/{closure}(Object(Illuminate/Http/Request))
#15 D:/xampp/htdocs/gatewaybooks/vendor/laravel/framework/src/Illuminate/Pipeline/Pipeline.php(183): Illuminate/Auth/Middleware/Authenticate->handle(Object(Illuminate/Http/Request), Object(Closure))
#16 D:/xampp/htdocs/gatewaybooks/vendor/laravel/framework/src/Illuminate/Foundation/Http/Middleware/VerifyCsrfToken.php(78): Illuminate/Pipeline/Pipeline->Illuminate/Pipeline/{closure}(Object(Illuminate/Http/Request))
#17 D:/xampp/htdocs/gatewaybooks/vendor/laravel/framework/src/Illuminate/Pipeline/Pipeline.php(183): Illuminate/Foundation/Http/Middleware/VerifyCsrfToken->handle(Object(Illuminate/Http/Request), Object(Closure))
#18 D:/xampp/htdocs/gatewaybooks/vendor/laravel/framework/src/Illuminate/View/Middleware/ShareErrorsFromSession.php(49): Illuminate/Pipeline/Pipeline->Illuminate/Pipeline/{closure}(Object(Illuminate/Http/Request))
#19 D:/xampp/htdocs/gatewaybooks/vendor/laravel/framework/src/Illuminate/Pipeline/Pipeline.php(183): Illuminate/View/Middleware/ShareErrorsFromSession->handle(Object(Illuminate/Http/Request), Object(Closure))
#20 D:/xampp/htdocs/gatewaybooks/vendor/laravel/framework/src/Illuminate/Session/Middleware/StartSession.php(121): Illuminate/Pipeline/Pipeline->Illuminate/Pipeline/{closure}(Object(Illuminate/Http/Request))
#21 D:/xampp/htdocs/gatewaybooks/vendor/laravel/framework/src/Illuminate/Session/Middleware/StartSession.php(64): Illuminate/Session/Middleware/StartSession->handleStatefulRequest(Object(Illuminate/Http/Request), Object(Illuminate/Session/Store), Object(Closure))
#22 D:/xampp/htdocs/gatewaybooks/vendor/laravel/framework/src/Illuminate/Pipeline/Pipeline.php(183): Illuminate/Session/Middleware/StartSession->handle(Object(Illuminate/Http/Request), Object(Closure))
#23 D:/xampp/htdocs/gatewaybooks/vendor/laravel/framework/src/Illuminate/Cookie/Middleware/AddQueuedCookiesToResponse.php(37): Illuminate/Pipeline/Pipeline->Illuminate/Pipeline/{closure}(Object(Illuminate/Http/Request))
#24 D:/xampp/htdocs/gatewaybooks/vendor/laravel/framework/src/Illuminate/Pipeline/Pipeline.php(183): Illuminate/Cookie/Middleware/AddQueuedCookiesToResponse->handle(Object(Illuminate/Http/Request), Object(Closure))
#25 D:/xampp/htdocs/gatewaybooks/vendor/laravel/framework/src/Illuminate/Cookie/Middleware/EncryptCookies.php(67): Illuminate/Pipeline/Pipeline->Illuminate/Pipeline/{closure}(Object(Illuminate/Http/Request))
#26 D:/xampp/htdocs/gatewaybooks/vendor/laravel/framework/src/Illuminate/Pipeline/Pipeline.php(183): Illuminate/Cookie/Middleware/EncryptCookies->handle(Object(Illuminate/Http/Request), Object(Closure))
#27 D:/xampp/htdocs/gatewaybooks/vendor/laravel/framework/src/Illuminate/Pipeline/Pipeline.php(119): Illuminate/Pipeline/Pipeline->Illuminate/Pipeline/{closure}(Object(Illuminate/Http/Request))
#28 D:/xampp/htdocs/gatewaybooks/vendor/laravel/framework/src/Illuminate/Routing/Router.php(807): Illuminate/Pipeline/Pipeline->then(Object(Closure))
#29 D:/xampp/htdocs/gatewaybooks/vendor/laravel/framework/src/Illuminate/Routing/Router.php(784): Illuminate/Routing/Router->runRouteWithinStack(Object(Illuminate/Routing/Route), Object(Illuminate/Http/Request))
#30 D:/xampp/htdocs/gatewaybooks/vendor/laravel/framework/src/Illuminate/Routing/Router.php(748): Illuminate/Routing/Router->runRoute(Object(Illuminate/Http/Request), Object(Illuminate/Routing/Route))
#31 D:/xampp/htdocs/gatewaybooks/vendor/laravel/framework/src/Illuminate/Routing/Router.php(737): Illuminate/Routing/Router->dispatchToRoute(Object(Illuminate/Http/Request))
#32 D:/xampp/htdocs/gatewaybooks/vendor/laravel/framework/src/Illuminate/Foundation/Http/Kernel.php(200): Illuminate/Routing/Router->dispatch(Object(Illuminate/Http/Request))
#33 D:/xampp/htdocs/gatewaybooks/vendor/laravel/framework/src/Illuminate/Pipeline/Pipeline.php(144): Illuminate/Foundation/Http/Kernel->Illuminate/Foundation/Http/{closure}(Object(Illuminate/Http/Request))
#34 D:/xampp/htdocs/gatewaybooks/vendor/laravel/framework/src/Illuminate/Foundation/Http/Middleware/TransformsRequest.php(21): Illuminate/Pipeline/Pipeline->Illuminate/Pipeline/{closure}(Object(Illuminate/Http/Request))
#35 D:/xampp/htdocs/gatewaybooks/vendor/laravel/framework/src/Illuminate/Foundation/Http/Middleware/ConvertEmptyStringsToNull.php(31): Illuminate/Foundation/Http/Middleware/TransformsRequest->handle(Object(Illuminate/Http/Request), Object(Closure))
#36 D:/xampp/htdocs/gatewaybooks/vendor/laravel/framework/src/Illuminate/Pipeline/Pipeline.php(183): Illuminate/Foundation/Http/Middleware/ConvertEmptyStringsToNull->handle(Object(Illuminate/Http/Request), Object(Closure))
#37 D:/xampp/htdocs/gatewaybooks/vendor/laravel/framework/src/Illuminate/Foundation/Http/Middleware/TransformsRequest.php(21): Illuminate/Pipeline/Pipeline->Illuminate/Pipeline/{closure}(Object(Illuminate/Http/Request))
#38 D:/xampp/htdocs/gatewaybooks/vendor/laravel/framework/src/Illuminate/Foundation/Http/Middleware/TrimStrings.php(40): Illuminate/Foundation/Http/Middleware/TransformsRequest->handle(Object(Illuminate/Http/Request), Object(Closure))
#39 D:/xampp/htdocs/gatewaybooks/vendor/laravel/framework/src/Illuminate/Pipeline/Pipeline.php(183): Illuminate/Foundation/Http/Middleware/TrimStrings->handle(Object(Illuminate/Http/Request), Object(Closure))
#40 D:/xampp/htdocs/gatewaybooks/vendor/laravel/framework/src/Illuminate/Foundation/Http/Middleware/ValidatePostSize.php(27): Illuminate/Pipeline/Pipeline->Illuminate/Pipeline/{closure}(Object(Illuminate/Http/Request))
#41 D:/xampp/htdocs/gatewaybooks/vendor/laravel/framework/src/Illuminate/Pipeline/Pipeline.php(183): Illuminate/Foundation/Http/Middleware/ValidatePostSize->handle(Object(Illuminate/Http/Request), Object(Closure))
#42 D:/xampp/htdocs/gatewaybooks/vendor/laravel/framework/src/Illuminate/Foundation/Http/Middleware/PreventRequestsDuringMaintenance.php(99): Illuminate/Pipeline/Pipeline->Illuminate/Pipeline/{closure}(Object(Illuminate/Http/Request))
#43 D:/xampp/htdocs/gatewaybooks/vendor/laravel/framework/src/Illuminate/Pipeline/Pipeline.php(183): Illuminate/Foundation/Http/Middleware/PreventRequestsDuringMaintenance->handle(Object(Illuminate/Http/Request), Object(Closure))
#44 D:/xampp/htdocs/gatewaybooks/vendor/laravel/framework/src/Illuminate/Http/Middleware/HandleCors.php(49): Illuminate/Pipeline/Pipeline->Illuminate/Pipeline/{closure}(Object(Illuminate/Http/Request))
#45 D:/xampp/htdocs/gatewaybooks/vendor/laravel/framework/src/Illuminate/Pipeline/Pipeline.php(183): Illuminate/Http/Middleware/HandleCors->handle(Object(Illuminate/Http/Request), Object(Closure))
#46 D:/xampp/htdocs/gatewaybooks/vendor/laravel/framework/src/Illuminate/Http/Middleware/TrustProxies.php(39): Illuminate/Pipeline/Pipeline->Illuminate/Pipeline/{closure}(Object(Illuminate/Http/Request))
#47 D:/xampp/htdocs/gatewaybooks/vendor/laravel/framework/src/Illuminate/Pipeline/Pipeline.php(183): Illuminate/Http/Middleware/TrustProxies->handle(Object(Illuminate/Http/Request), Object(Closure))
#48 D:/xampp/htdocs/gatewaybooks/vendor/laravel/framework/src/Illuminate/Pipeline/Pipeline.php(119): Illuminate/Pipeline/Pipeline->Illuminate/Pipeline/{closure}(Object(Illuminate/Http/Request))
#49 D:/xampp/htdocs/gatewaybooks/vendor/laravel/framework/src/Illuminate/Foundation/Http/Kernel.php(175): Illuminate/Pipeline/Pipeline->then(Object(Closure))
#50 D:/xampp/htdocs/gatewaybooks/vendor/laravel/framework/src/Illuminate/Foundation/Http/Kernel.php(144): Illuminate/Foundation/Http/Kernel->sendRequestThroughRouter(Object(Illuminate/Http/Request))
#51 D:/xampp/htdocs/gatewaybooks/public/index.php(52): Illuminate/Foundation/Http/Kernel->handle(Object(Illuminate/Http/Request))
#52 D:/xampp/htdocs/gatewaybooks/vendor/laravel/framework/src/Illuminate/Foundation/resources/server.php(16): require_once('D://xampp//htdocs...')
#53 {main}

[previous exception] [object] (ParseError(code: 0): Unclosed '(' does not match '}' at D:/xampp/htdocs/gatewaybooks/storage/framework/views/ae021b66592bb948b3e5e04054c60eaf.php:15)
[stacktrace]
#0 D:/xampp/htdocs/gatewaybooks/vendor/laravel/framework/src/Illuminate/Filesystem/Filesystem.php(124): Illuminate/Filesystem/Filesystem::Illuminate/Filesystem/{closure}()
#1 D:/xampp/htdocs/gatewaybooks/vendor/laravel/framework/src/Illuminate/View/Engines/PhpEngine.php(58): Illuminate/Filesystem/Filesystem->getRequire('D://xampp//htdocs...', Array)
#2 D:/xampp/htdocs/gatewaybooks/vendor/laravel/framework/src/Illuminate/View/Engines/CompilerEngine.php(72): Illuminate/View/Engines/PhpEngine->evaluatePath('D://xampp//htdocs...', Array)
#3 D:/xampp/htdocs/gatewaybooks/vendor/laravel/framework/src/Illuminate/View/View.php(207): Illuminate/View/Engines/CompilerEngine->get('D://xampp//htdocs...', Array)
#4 D:/xampp/htdocs/gatewaybooks/vendor/laravel/framework/src/Illuminate/View/View.php(190): Illuminate/View/View->getContents()
#5 D:/xampp/htdocs/gatewaybooks/vendor/laravel/framework/src/Illuminate/View/View.php(159): Illuminate/View/View->renderContents()
#6 D:/xampp/htdocs/gatewaybooks/vendor/laravel/framework/src/Illuminate/Http/Response.php(69): Illuminate/View/View->render()
#7 D:/xampp/htdocs/gatewaybooks/vendor/laravel/framework/src/Illuminate/Http/Response.php(35): Illuminate/Http/Response->setContent(Object(Illuminate/View/View))
#8 D:/xampp/htdocs/gatewaybooks/vendor/laravel/framework/src/Illuminate/Routing/Router.php(918): Illuminate/Http/Response->__construct(Object(Illuminate/View/View), 200, Array)
#9 D:/xampp/htdocs/gatewaybooks/vendor/laravel/framework/src/Illuminate/Routing/Router.php(885): Illuminate/Routing/Router::toResponse(Object(Illuminate/Http/Request), Object(Illuminate/View/View))
#10 D:/xampp/htdocs/gatewaybooks/vendor/laravel/framework/src/Illuminate/Routing/Router.php(806): Illuminate/Routing/Router->prepareResponse(Object(Illuminate/Http/Request), Object(Illuminate/View/View))
#11 D:/xampp/htdocs/gatewaybooks/vendor/laravel/framework/src/Illuminate/Pipeline/Pipeline.php(144): Illuminate/Routing/Router->Illuminate/Routing/{closure}(Object(Illuminate/Http/Request))
#12 D:/xampp/htdocs/gatewaybooks/vendor/laravel/framework/src/Illuminate/Routing/Middleware/SubstituteBindings.php(50): Illuminate/Pipeline/Pipeline->Illuminate/Pipeline/{closure}(Object(Illuminate/Http/Request))
#13 D:/xampp/htdocs/gatewaybooks/vendor/laravel/framework/src/Illuminate/Pipeline/Pipeline.php(183): Illuminate/Routing/Middleware/SubstituteBindings->handle(Object(Illuminate/Http/Request), Object(Closure))
#14 D:/xampp/htdocs/gatewaybooks/vendor/laravel/framework/src/Illuminate/Auth/Middleware/Authenticate.php(57): Illuminate/Pipeline/Pipeline->Illuminate/Pipeline/{closure}(Object(Illuminate/Http/Request))
#15 D:/xampp/htdocs/gatewaybooks/vendor/laravel/framework/src/Illuminate/Pipeline/Pipeline.php(183): Illuminate/Auth/Middleware/Authenticate->handle(Object(Illuminate/Http/Request), Object(Closure))
#16 D:/xampp/htdocs/gatewaybooks/vendor/laravel/framework/src/Illuminate/Foundation/Http/Middleware/VerifyCsrfToken.php(78): Illuminate/Pipeline/Pipeline->Illuminate/Pipeline/{closure}(Object(Illuminate/Http/Request))
#17 D:/xampp/htdocs/gatewaybooks/vendor/laravel/framework/src/Illuminate/Pipeline/Pipeline.php(183): Illuminate/Foundation/Http/Middleware/VerifyCsrfToken->handle(Object(Illuminate/Http/Request), Object(Closure))
#18 D:/xampp/htdocs/gatewaybooks/vendor/laravel/framework/src/Illuminate/View/Middleware/ShareErrorsFromSession.php(49): Illuminate/Pipeline/Pipeline->Illuminate/Pipeline/{closure}(Object(Illuminate/Http/Request))
#19 D:/xampp/htdocs/gatewaybooks/vendor/laravel/framework/src/Illuminate/Pipeline/Pipeline.php(183): Illuminate/View/Middleware/ShareErrorsFromSession->handle(Object(Illuminate/Http/Request), Object(Closure))
#20 D:/xampp/htdocs/gatewaybooks/vendor/laravel/framework/src/Illuminate/Session/Middleware/StartSession.php(121): Illuminate/Pipeline/Pipeline->Illuminate/Pipeline/{closure}(Object(Illuminate/Http/Request))
#21 D:/xampp/htdocs/gatewaybooks/vendor/laravel/framework/src/Illuminate/Session/Middleware/StartSession.php(64): Illuminate/Session/Middleware/StartSession->handleStatefulRequest(Object(Illuminate/Http/Request), Object(Illuminate/Session/Store), Object(Closure))
#22 D:/xampp/htdocs/gatewaybooks/vendor/laravel/framework/src/Illuminate/Pipeline/Pipeline.php(183): Illuminate/Session/Middleware/StartSession->handle(Object(Illuminate/Http/Request), Object(Closure))
#23 D:/xampp/htdocs/gatewaybooks/vendor/laravel/framework/src/Illuminate/Cookie/Middleware/AddQueuedCookiesToResponse.php(37): Illuminate/Pipeline/Pipeline->Illuminate/Pipeline/{closure}(Object(Illuminate/Http/Request))
#24 D:/xampp/htdocs/gatewaybooks/vendor/laravel/framework/src/Illuminate/Pipeline/Pipeline.php(183): Illuminate/Cookie/Middleware/AddQueuedCookiesToResponse->handle(Object(Illuminate/Http/Request), Object(Closure))
#25 D:/xampp/htdocs/gatewaybooks/vendor/laravel/framework/src/Illuminate/Cookie/Middleware/EncryptCookies.php(67): Illuminate/Pipeline/Pipeline->Illuminate/Pipeline/{closure}(Object(Illuminate/Http/Request))
#26 D:/xampp/htdocs/gatewaybooks/vendor/laravel/framework/src/Illuminate/Pipeline/Pipeline.php(183): Illuminate/Cookie/Middleware/EncryptCookies->handle(Object(Illuminate/Http/Request), Object(Closure))
#27 D:/xampp/htdocs/gatewaybooks/vendor/laravel/framework/src/Illuminate/Pipeline/Pipeline.php(119): Illuminate/Pipeline/Pipeline->Illuminate/Pipeline/{closure}(Object(Illuminate/Http/Request))
#28 D:/xampp/htdocs/gatewaybooks/vendor/laravel/framework/src/Illuminate/Routing/Router.php(807): Illuminate/Pipeline/Pipeline->then(Object(Closure))
#29 D:/xampp/htdocs/gatewaybooks/vendor/laravel/framework/src/Illuminate/Routing/Router.php(784): Illuminate/Routing/Router->runRouteWithinStack(Object(Illuminate/Routing/Route), Object(Illuminate/Http/Request))
#30 D:/xampp/htdocs/gatewaybooks/vendor/laravel/framework/src/Illuminate/Routing/Router.php(748): Illuminate/Routing/Router->runRoute(Object(Illuminate/Http/Request), Object(Illuminate/Routing/Route))
#31 D:/xampp/htdocs/gatewaybooks/vendor/laravel/framework/src/Illuminate/Routing/Router.php(737): Illuminate/Routing/Router->dispatchToRoute(Object(Illuminate/Http/Request))
#32 D:/xampp/htdocs/gatewaybooks/vendor/laravel/framework/src/Illuminate/Foundation/Http/Kernel.php(200): Illuminate/Routing/Router->dispatch(Object(Illuminate/Http/Request))
#33 D:/xampp/htdocs/gatewaybooks/vendor/laravel/framework/src/Illuminate/Pipeline/Pipeline.php(144): Illuminate/Foundation/Http/Kernel->Illuminate/Foundation/Http/{closure}(Object(Illuminate/Http/Request))
#34 D:/xampp/htdocs/gatewaybooks/vendor/laravel/framework/src/Illuminate/Foundation/Http/Middleware/TransformsRequest.php(21): Illuminate/Pipeline/Pipeline->Illuminate/Pipeline/{closure}(Object(Illuminate/Http/Request))
#35 D:/xampp/htdocs/gatewaybooks/vendor/laravel/framework/src/Illuminate/Foundation/Http/Middleware/ConvertEmptyStringsToNull.php(31): Illuminate/Foundation/Http/Middleware/TransformsRequest->handle(Object(Illuminate/Http/Request), Object(Closure))
#36 D:/xampp/htdocs/gatewaybooks/vendor/laravel/framework/src/Illuminate/Pipeline/Pipeline.php(183): Illuminate/Foundation/Http/Middleware/ConvertEmptyStringsToNull->handle(Object(Illuminate/Http/Request), Object(Closure))
#37 D:/xampp/htdocs/gatewaybooks/vendor/laravel/framework/src/Illuminate/Foundation/Http/Middleware/TransformsRequest.php(21): Illuminate/Pipeline/Pipeline->Illuminate/Pipeline/{closure}(Object(Illuminate/Http/Request))
#38 D:/xampp/htdocs/gatewaybooks/vendor/laravel/framework/src/Illuminate/Foundation/Http/Middleware/TrimStrings.php(40): Illuminate/Foundation/Http/Middleware/TransformsRequest->handle(Object(Illuminate/Http/Request), Object(Closure))
#39 D:/xampp/htdocs/gatewaybooks/vendor/laravel/framework/src/Illuminate/Pipeline/Pipeline.php(183): Illuminate/Foundation/Http/Middleware/TrimStrings->handle(Object(Illuminate/Http/Request), Object(Closure))
#40 D:/xampp/htdocs/gatewaybooks/vendor/laravel/framework/src/Illuminate/Foundation/Http/Middleware/ValidatePostSize.php(27): Illuminate/Pipeline/Pipeline->Illuminate/Pipeline/{closure}(Object(Illuminate/Http/Request))
#41 D:/xampp/htdocs/gatewaybooks/vendor/laravel/framework/src/Illuminate/Pipeline/Pipeline.php(183): Illuminate/Foundation/Http/Middleware/ValidatePostSize->handle(Object(Illuminate/Http/Request), Object(Closure))
#42 D:/xampp/htdocs/gatewaybooks/vendor/laravel/framework/src/Illuminate/Foundation/Http/Middleware/PreventRequestsDuringMaintenance.php(99): Illuminate/Pipeline/Pipeline->Illuminate/Pipeline/{closure}(Object(Illuminate/Http/Request))
#43 D:/xampp/htdocs/gatewaybooks/vendor/laravel/framework/src/Illuminate/Pipeline/Pipeline.php(183): Illuminate/Foundation/Http/Middleware/PreventRequestsDuringMaintenance->handle(Object(Illuminate/Http/Request), Object(Closure))
#44 D:/xampp/htdocs/gatewaybooks/vendor/laravel/framework/src/Illuminate/Http/Middleware/HandleCors.php(49): Illuminate/Pipeline/Pipeline->Illuminate/Pipeline/{closure}(Object(Illuminate/Http/Request))
#45 D:/xampp/htdocs/gatewaybooks/vendor/laravel/framework/src/Illuminate/Pipeline/Pipeline.php(183): Illuminate/Http/Middleware/HandleCors->handle(Object(Illuminate/Http/Request), Object(Closure))
#46 D:/xampp/htdocs/gatewaybooks/vendor/laravel/framework/src/Illuminate/Http/Middleware/TrustProxies.php(39): Illuminate/Pipeline/Pipeline->Illuminate/Pipeline/{closure}(Object(Illuminate/Http/Request))
#47 D:/xampp/htdocs/gatewaybooks/vendor/laravel/framework/src/Illuminate/Pipeline/Pipeline.php(183): Illuminate/Http/Middleware/TrustProxies->handle(Object(Illuminate/Http/Request), Object(Closure))
#48 D:/xampp/htdocs/gatewaybooks/vendor/laravel/framework/src/Illuminate/Pipeline/Pipeline.php(119): Illuminate/Pipeline/Pipeline->Illuminate/Pipeline/{closure}(Object(Illuminate/Http/Request))
#49 D:/xampp/htdocs/gatewaybooks/vendor/laravel/framework/src/Illuminate/Foundation/Http/Kernel.php(175): Illuminate/Pipeline/Pipeline->then(Object(Closure))
#50 D:/xampp/htdocs/gatewaybooks/vendor/laravel/framework/src/Illuminate/Foundation/Http/Kernel.php(144): Illuminate/Foundation/Http/Kernel->sendRequestThroughRouter(Object(Illuminate/Http/Request))
#51 D:/xampp/htdocs/gatewaybooks/public/index.php(52): Illuminate/Foundation/Http/Kernel->handle(Object(Illuminate/Http/Request))
#52 D:/xampp/htdocs/gatewaybooks/vendor/laravel/framework/src/Illuminate/Foundation/resources/server.php(16): require_once('D://xampp//htdocs...')
#53 {main}
"} 
[2026-09-03 16:17:56] local.ERROR: Unclosed '(' does not match '}' {"view":{"view":"D:\\xampp\\htdocs\\gatewaybooks\\resources\\views\\admin\\user_profile\\profile.blade.php","data":{"errors":"<pre class=sf-dump id=sf-dump-681572379 data-indent-pad=\"  \"><span class=sf-dump-note>Illuminate\\Support\\ViewErrorBag</span> {<a class=sf-dump-ref>#266</a><samp data-depth=1 class=sf-dump-expanded>
  #<span class=sf-dump-protected title=\"Protected property\">bags</span>: []
</samp>}
</pre><script>Sfdump(\"sf-dump-681572379\", {\"maxDepth\":3,\"maxStringLength\":160})</script>
"}},"userId":1,"exception":"[object] (Spatie\\LaravelIgnition\\Exceptions\\ViewException(code: 0): Unclosed '(' does not match '}' at D:/xampp/htdocs/gatewaybooks/resources/views/admin/user_profile/profile.blade.php:14)
[stacktrace]
#0 D:/xampp/htdocs/gatewaybooks/vendor/laravel/framework/src/Illuminate/Filesystem/Filesystem.php(124): Illuminate/Filesystem/Filesystem::Illuminate/Filesystem/{closure}()
#1 D:/xampp/htdocs/gatewaybooks/vendor/laravel/framework/src/Illuminate/View/Engines/PhpEngine.php(58): Illuminate/Filesystem/Filesystem->getRequire('D://xampp//htdocs...', Array)
#2 D:/xampp/htdocs/gatewaybooks/vendor/laravel/framework/src/Illuminate/View/Engines/CompilerEngine.php(72): Illuminate/View/Engines/PhpEngine->evaluatePath('D://xampp//htdocs...', Array)
#3 D:/xampp/htdocs/gatewaybooks/vendor/laravel/framework/src/Illuminate/View/View.php(207): Illuminate/View/Engines/CompilerEngine->get('D://xampp//htdocs...', Array)
#4 D:/xampp/htdocs/gatewaybooks/vendor/laravel/framework/src/Illuminate/View/View.php(190): Illuminate/View/View->getContents()
#5 D:/xampp/htdocs/gatewaybooks/vendor/laravel/framework/src/Illuminate/View/View.php(159): Illuminate/View/View->renderContents()
#6 D:/xampp/htdocs/gatewaybooks/vendor/laravel/framework/src/Illuminate/Http/Response.php(69): Illuminate/View/View->render()
#7 D:/xampp/htdocs/gatewaybooks/vendor/laravel/framework/src/Illuminate/Http/Response.php(35): Illuminate/Http/Response->setContent(Object(Illuminate/View/View))
#8 D:/xampp/htdocs/gatewaybooks/vendor/laravel/framework/src/Illuminate/Routing/Router.php(918): Illuminate/Http/Response->__construct(Object(Illuminate/View/View), 200, Array)
#9 D:/xampp/htdocs/gatewaybooks/vendor/laravel/framework/src/Illuminate/Routing/Router.php(885): Illuminate/Routing/Router::toResponse(Object(Illuminate/Http/Request), Object(Illuminate/View/View))
#10 D:/xampp/htdocs/gatewaybooks/vendor/laravel/framework/src/Illuminate/Routing/Router.php(806): Illuminate/Routing/Router->prepareResponse(Object(Illuminate/Http/Request), Object(Illuminate/View/View))
#11 D:/xampp/htdocs/gatewaybooks/vendor/laravel/framework/src/Illuminate/Pipeline/Pipeline.php(144): Illuminate/Routing/Router->Illuminate/Routing/{closure}(Object(Illuminate/Http/Request))
#12 D:/xampp/htdocs/gatewaybooks/vendor/laravel/framework/src/Illuminate/Routing/Middleware/SubstituteBindings.php(50): Illuminate/Pipeline/Pipeline->Illuminate/Pipeline/{closure}(Object(Illuminate/Http/Request))
#13 D:/xampp/htdocs/gatewaybooks/vendor/laravel/framework/src/Illuminate/Pipeline/Pipeline.php(183): Illuminate/Routing/Middleware/SubstituteBindings->handle(Object(Illuminate/Http/Request), Object(Closure))
#14 D:/xampp/htdocs/gatewaybooks/vendor/laravel/framework/src/Illuminate/Auth/Middleware/Authenticate.php(57): Illuminate/Pipeline/Pipeline->Illuminate/Pipeline/{closure}(Object(Illuminate/Http/Request))
#15 D:/xampp/htdocs/gatewaybooks/vendor/laravel/framework/src/Illuminate/Pipeline/Pipeline.php(183): Illuminate/Auth/Middleware/Authenticate->handle(Object(Illuminate/Http/Request), Object(Closure))
#16 D:/xampp/htdocs/gatewaybooks/vendor/laravel/framework/src/Illuminate/Foundation/Http/Middleware/VerifyCsrfToken.php(78): Illuminate/Pipeline/Pipeline->Illuminate/Pipeline/{closure}(Object(Illuminate/Http/Request))
#17 D:/xampp/htdocs/gatewaybooks/vendor/laravel/framework/src/Illuminate/Pipeline/Pipeline.php(183): Illuminate/Foundation/Http/Middleware/VerifyCsrfToken->handle(Object(Illuminate/Http/Request), Object(Closure))
#18 D:/xampp/htdocs/gatewaybooks/vendor/laravel/framework/src/Illuminate/View/Middleware/ShareErrorsFromSession.php(49): Illuminate/Pipeline/Pipeline->Illuminate/Pipeline/{closure}(Object(Illuminate/Http/Request))
#19 D:/xampp/htdocs/gatewaybooks/vendor/laravel/framework/src/Illuminate/Pipeline/Pipeline.php(183): Illuminate/View/Middleware/ShareErrorsFromSession->handle(Object(Illuminate/Http/Request), Object(Closure))
#20 D:/xampp/htdocs/gatewaybooks/vendor/laravel/framework/src/Illuminate/Session/Middleware/StartSession.php(121): Illuminate/Pipeline/Pipeline->Illuminate/Pipeline/{closure}(Object(Illuminate/Http/Request))
#21 D:/xampp/htdocs/gatewaybooks/vendor/laravel/framework/src/Illuminate/Session/Middleware/StartSession.php(64): Illuminate/Session/Middleware/StartSession->handleStatefulRequest(Object(Illuminate/Http/Request), Object(Illuminate/Session/Store), Object(Closure))
#22 D:/xampp/htdocs/gatewaybooks/vendor/laravel/framework/src/Illuminate/Pipeline/Pipeline.php(183): Illuminate/Session/Middleware/StartSession->handle(Object(Illuminate/Http/Request), Object(Closure))
#23 D:/xampp/htdocs/gatewaybooks/vendor/laravel/framework/src/Illuminate/Cookie/Middleware/AddQueuedCookiesToResponse.php(37): Illuminate/Pipeline/Pipeline->Illuminate/Pipeline/{closure}(Object(Illuminate/Http/Request))
#24 D:/xampp/htdocs/gatewaybooks/vendor/laravel/framework/src/Illuminate/Pipeline/Pipeline.php(183): Illuminate/Cookie/Middleware/AddQueuedCookiesToResponse->handle(Object(Illuminate/Http/Request), Object(Closure))
#25 D:/xampp/htdocs/gatewaybooks/vendor/laravel/framework/src/Illuminate/Cookie/Middleware/EncryptCookies.php(67): Illuminate/Pipeline/Pipeline->Illuminate/Pipeline/{closure}(Object(Illuminate/Http/Request))
#26 D:/xampp/htdocs/gatewaybooks/vendor/laravel/framework/src/Illuminate/Pipeline/Pipeline.php(183): Illuminate/Cookie/Middleware/EncryptCookies->handle(Object(Illuminate/Http/Request), Object(Closure))
#27 D:/xampp/htdocs/gatewaybooks/vendor/laravel/framework/src/Illuminate/Pipeline/Pipeline.php(119): Illuminate/Pipeline/Pipeline->Illuminate/Pipeline/{closure}(Object(Illuminate/Http/Request))
#28 D:/xampp/htdocs/gatewaybooks/vendor/laravel/framework/src/Illuminate/Routing/Router.php(807): Illuminate/Pipeline/Pipeline->then(Object(Closure))
#29 D:/xampp/htdocs/gatewaybooks/vendor/laravel/framework/src/Illuminate/Routing/Router.php(784): Illuminate/Routing/Router->runRouteWithinStack(Object(Illuminate/Routing/Route), Object(Illuminate/Http/Request))
#30 D:/xampp/htdocs/gatewaybooks/vendor/laravel/framework/src/Illuminate/Routing/Router.php(748): Illuminate/Routing/Router->runRoute(Object(Illuminate/Http/Request), Object(Illuminate/Routing/Route))
#31 D:/xampp/htdocs/gatewaybooks/vendor/laravel/framework/src/Illuminate/Routing/Router.php(737): Illuminate/Routing/Router->dispatchToRoute(Object(Illuminate/Http/Request))
#32 D:/xampp/htdocs/gatewaybooks/vendor/laravel/framework/src/Illuminate/Foundation/Http/Kernel.php(200): Illuminate/Routing/Router->dispatch(Object(Illuminate/Http/Request))
#33 D:/xampp/htdocs/gatewaybooks/vendor/laravel/framework/src/Illuminate/Pipeline/Pipeline.php(144): Illuminate/Foundation/Http/Kernel->Illuminate/Foundation/Http/{closure}(Object(Illuminate/Http/Request))
#34 D:/xampp/htdocs/gatewaybooks/vendor/laravel/framework/src/Illuminate/Foundation/Http/Middleware/TransformsRequest.php(21): Illuminate/Pipeline/Pipeline->Illuminate/Pipeline/{closure}(Object(Illuminate/Http/Request))
#35 D:/xampp/htdocs/gatewaybooks/vendor/laravel/framework/src/Illuminate/Foundation/Http/Middleware/ConvertEmptyStringsToNull.php(31): Illuminate/Foundation/Http/Middleware/TransformsRequest->handle(Object(Illuminate/Http/Request), Object(Closure))
#36 D:/xampp/htdocs/gatewaybooks/vendor/laravel/framework/src/Illuminate/Pipeline/Pipeline.php(183): Illuminate/Foundation/Http/Middleware/ConvertEmptyStringsToNull->handle(Object(Illuminate/Http/Request), Object(Closure))
#37 D:/xampp/htdocs/gatewaybooks/vendor/laravel/framework/src/Illuminate/Foundation/Http/Middleware/TransformsRequest.php(21): Illuminate/Pipeline/Pipeline->Illuminate/Pipeline/{closure}(Object(Illuminate/Http/Request))
#38 D:/xampp/htdocs/gatewaybooks/vendor/laravel/framework/src/Illuminate/Foundation/Http/Middleware/TrimStrings.php(40): Illuminate/Foundation/Http/Middleware/TransformsRequest->handle(Object(Illuminate/Http/Request), Object(Closure))
#39 D:/xampp/htdocs/gatewaybooks/vendor/laravel/framework/src/Illuminate/Pipeline/Pipeline.php(183): Illuminate/Foundation/Http/Middleware/TrimStrings->handle(Object(Illuminate/Http/Request), Object(Closure))
#40 D:/xampp/htdocs/gatewaybooks/vendor/laravel/framework/src/Illuminate/Foundation/Http/Middleware/ValidatePostSize.php(27): Illuminate/Pipeline/Pipeline->Illuminate/Pipeline/{closure}(Object(Illuminate/Http/Request))
#41 D:/xampp/htdocs/gatewaybooks/vendor/laravel/framework/src/Illuminate/Pipeline/Pipeline.php(183): Illuminate/Foundation/Http/Middleware/ValidatePostSize->handle(Object(Illuminate/Http/Request), Object(Closure))
#42 D:/xampp/htdocs/gatewaybooks/vendor/laravel/framework/src/Illuminate/Foundation/Http/Middleware/PreventRequestsDuringMaintenance.php(99): Illuminate/Pipeline/Pipeline->Illuminate/Pipeline/{closure}(Object(Illuminate/Http/Request))
#43 D:/xampp/htdocs/gatewaybooks/vendor/laravel/framework/src/Illuminate/Pipeline/Pipeline.php(183): Illuminate/Foundation/Http/Middleware/PreventRequestsDuringMaintenance->handle(Object(Illuminate/Http/Request), Object(Closure))
#44 D:/xampp/htdocs/gatewaybooks/vendor/laravel/framework/src/Illuminate/Http/Middleware/HandleCors.php(49): Illuminate/Pipeline/Pipeline->Illuminate/Pipeline/{closure}(Object(Illuminate/Http/Request))
#45 D:/xampp/htdocs/gatewaybooks/vendor/laravel/framework/src/Illuminate/Pipeline/Pipeline.php(183): Illuminate/Http/Middleware/HandleCors->handle(Object(Illuminate/Http/Request), Object(Closure))
#46 D:/xampp/htdocs/gatewaybooks/vendor/laravel/framework/src/Illuminate/Http/Middleware/TrustProxies.php(39): Illuminate/Pipeline/Pipeline->Illuminate/Pipeline/{closure}(Object(Illuminate/Http/Request))
#47 D:/xampp/htdocs/gatewaybooks/vendor/laravel/framework/src/Illuminate/Pipeline/Pipeline.php(183): Illuminate/Http/Middleware/TrustProxies->handle(Object(Illuminate/Http/Request), Object(Closure))
#48 D:/xampp/htdocs/gatewaybooks/vendor/laravel/framework/src/Illuminate/Pipeline/Pipeline.php(119): Illuminate/Pipeline/Pipeline->Illuminate/Pipeline/{closure}(Object(Illuminate/Http/Request))
#49 D:/xampp/htdocs/gatewaybooks/vendor/laravel/framework/src/Illuminate/Foundation/Http/Kernel.php(175): Illuminate/Pipeline/Pipeline->then(Object(Closure))
#50 D:/xampp/htdocs/gatewaybooks/vendor/laravel/framework/src/Illuminate/Foundation/Http/Kernel.php(144): Illuminate/Foundation/Http/Kernel->sendRequestThroughRouter(Object(Illuminate/Http/Request))
#51 D:/xampp/htdocs/gatewaybooks/public/index.php(52): Illuminate/Foundation/Http/Kernel->handle(Object(Illuminate/Http/Request))
#52 D:/xampp/htdocs/gatewaybooks/vendor/laravel/framework/src/Illuminate/Foundation/resources/server.php(16): require_once('D://xampp//htdocs...')
#53 {main}

[previous exception] [object] (ParseError(code: 0): Unclosed '(' does not match '}' at D:/xampp/htdocs/gatewaybooks/storage/framework/views/ae021b66592bb948b3e5e04054c60eaf.php:15)
[stacktrace]
#0 D:/xampp/htdocs/gatewaybooks/vendor/laravel/framework/src/Illuminate/Filesystem/Filesystem.php(124): Illuminate/Filesystem/Filesystem::Illuminate/Filesystem/{closure}()
#1 D:/xampp/htdocs/gatewaybooks/vendor/laravel/framework/src/Illuminate/View/Engines/PhpEngine.php(58): Illuminate/Filesystem/Filesystem->getRequire('D://xampp//htdocs...', Array)
#2 D:/xampp/htdocs/gatewaybooks/vendor/laravel/framework/src/Illuminate/View/Engines/CompilerEngine.php(72): Illuminate/View/Engines/PhpEngine->evaluatePath('D://xampp//htdocs...', Array)
#3 D:/xampp/htdocs/gatewaybooks/vendor/laravel/framework/src/Illuminate/View/View.php(207): Illuminate/View/Engines/CompilerEngine->get('D://xampp//htdocs...', Array)
#4 D:/xampp/htdocs/gatewaybooks/vendor/laravel/framework/src/Illuminate/View/View.php(190): Illuminate/View/View->getContents()
#5 D:/xampp/htdocs/gatewaybooks/vendor/laravel/framework/src/Illuminate/View/View.php(159): Illuminate/View/View->renderContents()
#6 D:/xampp/htdocs/gatewaybooks/vendor/laravel/framework/src/Illuminate/Http/Response.php(69): Illuminate/View/View->render()
#7 D:/xampp/htdocs/gatewaybooks/vendor/laravel/framework/src/Illuminate/Http/Response.php(35): Illuminate/Http/Response->setContent(Object(Illuminate/View/View))
#8 D:/xampp/htdocs/gatewaybooks/vendor/laravel/framework/src/Illuminate/Routing/Router.php(918): Illuminate/Http/Response->__construct(Object(Illuminate/View/View), 200, Array)
#9 D:/xampp/htdocs/gatewaybooks/vendor/laravel/framework/src/Illuminate/Routing/Router.php(885): Illuminate/Routing/Router::toResponse(Object(Illuminate/Http/Request), Object(Illuminate/View/View))
#10 D:/xampp/htdocs/gatewaybooks/vendor/laravel/framework/src/Illuminate/Routing/Router.php(806): Illuminate/Routing/Router->prepareResponse(Object(Illuminate/Http/Request), Object(Illuminate/View/View))
#11 D:/xampp/htdocs/gatewaybooks/vendor/laravel/framework/src/Illuminate/Pipeline/Pipeline.php(144): Illuminate/Routing/Router->Illuminate/Routing/{closure}(Object(Illuminate/Http/Request))
#12 D:/xampp/htdocs/gatewaybooks/vendor/laravel/framework/src/Illuminate/Routing/Middleware/SubstituteBindings.php(50): Illuminate/Pipeline/Pipeline->Illuminate/Pipeline/{closure}(Object(Illuminate/Http/Request))
#13 D:/xampp/htdocs/gatewaybooks/vendor/laravel/framework/src/Illuminate/Pipeline/Pipeline.php(183): Illuminate/Routing/Middleware/SubstituteBindings->handle(Object(Illuminate/Http/Request), Object(Closure))
#14 D:/xampp/htdocs/gatewaybooks/vendor/laravel/framework/src/Illuminate/Auth/Middleware/Authenticate.php(57): Illuminate/Pipeline/Pipeline->Illuminate/Pipeline/{closure}(Object(Illuminate/Http/Request))
#15 D:/xampp/htdocs/gatewaybooks/vendor/laravel/framework/src/Illuminate/Pipeline/Pipeline.php(183): Illuminate/Auth/Middleware/Authenticate->handle(Object(Illuminate/Http/Request), Object(Closure))
#16 D:/xampp/htdocs/gatewaybooks/vendor/laravel/framework/src/Illuminate/Foundation/Http/Middleware/VerifyCsrfToken.php(78): Illuminate/Pipeline/Pipeline->Illuminate/Pipeline/{closure}(Object(Illuminate/Http/Request))
#17 D:/xampp/htdocs/gatewaybooks/vendor/laravel/framework/src/Illuminate/Pipeline/Pipeline.php(183): Illuminate/Foundation/Http/Middleware/VerifyCsrfToken->handle(Object(Illuminate/Http/Request), Object(Closure))
#18 D:/xampp/htdocs/gatewaybooks/vendor/laravel/framework/src/Illuminate/View/Middleware/ShareErrorsFromSession.php(49): Illuminate/Pipeline/Pipeline->Illuminate/Pipeline/{closure}(Object(Illuminate/Http/Request))
#19 D:/xampp/htdocs/gatewaybooks/vendor/laravel/framework/src/Illuminate/Pipeline/Pipeline.php(183): Illuminate/View/Middleware/ShareErrorsFromSession->handle(Object(Illuminate/Http/Request), Object(Closure))
#20 D:/xampp/htdocs/gatewaybooks/vendor/laravel/framework/src/Illuminate/Session/Middleware/StartSession.php(121): Illuminate/Pipeline/Pipeline->Illuminate/Pipeline/{closure}(Object(Illuminate/Http/Request))
#21 D:/xampp/htdocs/gatewaybooks/vendor/laravel/framework/src/Illuminate/Session/Middleware/StartSession.php(64): Illuminate/Session/Middleware/StartSession->handleStatefulRequest(Object(Illuminate/Http/Request), Object(Illuminate/Session/Store), Object(Closure))
#22 D:/xampp/htdocs/gatewaybooks/vendor/laravel/framework/src/Illuminate/Pipeline/Pipeline.php(183): Illuminate/Session/Middleware/StartSession->handle(Object(Illuminate/Http/Request), Object(Closure))
#23 D:/xampp/htdocs/gatewaybooks/vendor/laravel/framework/src/Illuminate/Cookie/Middleware/AddQueuedCookiesToResponse.php(37): Illuminate/Pipeline/Pipeline->Illuminate/Pipeline/{closure}(Object(Illuminate/Http/Request))
#24 D:/xampp/htdocs/gatewaybooks/vendor/laravel/framework/src/Illuminate/Pipeline/Pipeline.php(183): Illuminate/Cookie/Middleware/AddQueuedCookiesToResponse->handle(Object(Illuminate/Http/Request), Object(Closure))
#25 D:/xampp/htdocs/gatewaybooks/vendor/laravel/framework/src/Illuminate/Cookie/Middleware/EncryptCookies.php(67): Illuminate/Pipeline/Pipeline->Illuminate/Pipeline/{closure}(Object(Illuminate/Http/Request))
#26 D:/xampp/htdocs/gatewaybooks/vendor/laravel/framework/src/Illuminate/Pipeline/Pipeline.php(183): Illuminate/Cookie/Middleware/EncryptCookies->handle(Object(Illuminate/Http/Request), Object(Closure))
#27 D:/xampp/htdocs/gatewaybooks/vendor/laravel/framework/src/Illuminate/Pipeline/Pipeline.php(119): Illuminate/Pipeline/Pipeline->Illuminate/Pipeline/{closure}(Object(Illuminate/Http/Request))
#28 D:/xampp/htdocs/gatewaybooks/vendor/laravel/framework/src/Illuminate/Routing/Router.php(807): Illuminate/Pipeline/Pipeline->then(Object(Closure))
#29 D:/xampp/htdocs/gatewaybooks/vendor/laravel/framework/src/Illuminate/Routing/Router.php(784): Illuminate/Routing/Router->runRouteWithinStack(Object(Illuminate/Routing/Route), Object(Illuminate/Http/Request))
#30 D:/xampp/htdocs/gatewaybooks/vendor/laravel/framework/src/Illuminate/Routing/Router.php(748): Illuminate/Routing/Router->runRoute(Object(Illuminate/Http/Request), Object(Illuminate/Routing/Route))
#31 D:/xampp/htdocs/gatewaybooks/vendor/laravel/framework/src/Illuminate/Routing/Router.php(737): Illuminate/Routing/Router->dispatchToRoute(Object(Illuminate/Http/Request))
#32 D:/xampp/htdocs/gatewaybooks/vendor/laravel/framework/src/Illuminate/Foundation/Http/Kernel.php(200): Illuminate/Routing/Router->dispatch(Object(Illuminate/Http/Request))
#33 D:/xampp/htdocs/gatewaybooks/vendor/laravel/framework/src/Illuminate/Pipeline/Pipeline.php(144): Illuminate/Foundation/Http/Kernel->Illuminate/Foundation/Http/{closure}(Object(Illuminate/Http/Request))
#34 D:/xampp/htdocs/gatewaybooks/vendor/laravel/framework/src/Illuminate/Foundation/Http/Middleware/TransformsRequest.php(21): Illuminate/Pipeline/Pipeline->Illuminate/Pipeline/{closure}(Object(Illuminate/Http/Request))
#35 D:/xampp/htdocs/gatewaybooks/vendor/laravel/framework/src/Illuminate/Foundation/Http/Middleware/ConvertEmptyStringsToNull.php(31): Illuminate/Foundation/Http/Middleware/TransformsRequest->handle(Object(Illuminate/Http/Request), Object(Closure))
#36 D:/xampp/htdocs/gatewaybooks/vendor/laravel/framework/src/Illuminate/Pipeline/Pipeline.php(183): Illuminate/Foundation/Http/Middleware/ConvertEmptyStringsToNull->handle(Object(Illuminate/Http/Request), Object(Closure))
#37 D:/xampp/htdocs/gatewaybooks/vendor/laravel/framework/src/Illuminate/Foundation/Http/Middleware/TransformsRequest.php(21): Illuminate/Pipeline/Pipeline->Illuminate/Pipeline/{closure}(Object(Illuminate/Http/Request))
#38 D:/xampp/htdocs/gatewaybooks/vendor/laravel/framework/src/Illuminate/Foundation/Http/Middleware/TrimStrings.php(40): Illuminate/Foundation/Http/Middleware/TransformsRequest->handle(Object(Illuminate/Http/Request), Object(Closure))
#39 D:/xampp/htdocs/gatewaybooks/vendor/laravel/framework/src/Illuminate/Pipeline/Pipeline.php(183): Illuminate/Foundation/Http/Middleware/TrimStrings->handle(Object(Illuminate/Http/Request), Object(Closure))
#40 D:/xampp/htdocs/gatewaybooks/vendor/laravel/framework/src/Illuminate/Foundation/Http/Middleware/ValidatePostSize.php(27): Illuminate/Pipeline/Pipeline->Illuminate/Pipeline/{closure}(Object(Illuminate/Http/Request))
#41 D:/xampp/htdocs/gatewaybooks/vendor/laravel/framework/src/Illuminate/Pipeline/Pipeline.php(183): Illuminate/Foundation/Http/Middleware/ValidatePostSize->handle(Object(Illuminate/Http/Request), Object(Closure))
#42 D:/xampp/htdocs/gatewaybooks/vendor/laravel/framework/src/Illuminate/Foundation/Http/Middleware/PreventRequestsDuringMaintenance.php(99): Illuminate/Pipeline/Pipeline->Illuminate/Pipeline/{closure}(Object(Illuminate/Http/Request))
#43 D:/xampp/htdocs/gatewaybooks/vendor/laravel/framework/src/Illuminate/Pipeline/Pipeline.php(183): Illuminate/Foundation/Http/Middleware/PreventRequestsDuringMaintenance->handle(Object(Illuminate/Http/Request), Object(Closure))
#44 D:/xampp/htdocs/gatewaybooks/vendor/laravel/framework/src/Illuminate/Http/Middleware/HandleCors.php(49): Illuminate/Pipeline/Pipeline->Illuminate/Pipeline/{closure}(Object(Illuminate/Http/Request))
#45 D:/xampp/htdocs/gatewaybooks/vendor/laravel/framework/src/Illuminate/Pipeline/Pipeline.php(183): Illuminate/Http/Middleware/HandleCors->handle(Object(Illuminate/Http/Request), Object(Closure))
#46 D:/xampp/htdocs/gatewaybooks/vendor/laravel/framework/src/Illuminate/Http/Middleware/TrustProxies.php(39): Illuminate/Pipeline/Pipeline->Illuminate/Pipeline/{closure}(Object(Illuminate/Http/Request))
#47 D:/xampp/htdocs/gatewaybooks/vendor/laravel/framework/src/Illuminate/Pipeline/Pipeline.php(183): Illuminate/Http/Middleware/TrustProxies->handle(Object(Illuminate/Http/Request), Object(Closure))
#48 D:/xampp/htdocs/gatewaybooks/vendor/laravel/framework/src/Illuminate/Pipeline/Pipeline.php(119): Illuminate/Pipeline/Pipeline->Illuminate/Pipeline/{closure}(Object(Illuminate/Http/Request))
#49 D:/xampp/htdocs/gatewaybooks/vendor/laravel/framework/src/Illuminate/Foundation/Http/Kernel.php(175): Illuminate/Pipeline/Pipeline->then(Object(Closure))
#50 D:/xampp/htdocs/gatewaybooks/vendor/laravel/framework/src/Illuminate/Foundation/Http/Kernel.php(144): Illuminate/Foundation/Http/Kernel->sendRequestThroughRouter(Object(Illuminate/Http/Request))
#51 D:/xampp/htdocs/gatewaybooks/public/index.php(52): Illuminate/Foundation/Http/Kernel->handle(Object(Illuminate/Http/Request))
#52 D:/xampp/htdocs/gatewaybooks/vendor/laravel/framework/src/Illuminate/Foundation/resources/server.php(16): require_once('D://xampp//htdocs...')
#53 {main}
"} 
[2026-09-03 16:17:58] local.ERROR: Unclosed '(' does not match '}' {"view":{"view":"D:\\xampp\\htdocs\\gatewaybooks\\resources\\views\\admin\\user_profile\\profile.blade.php","data":{"errors":"<pre class=sf-dump id=sf-dump-1829484229 data-indent-pad=\"  \"><span class=sf-dump-note>Illuminate\\Support\\ViewErrorBag</span> {<a class=sf-dump-ref>#266</a><samp data-depth=1 class=sf-dump-expanded>
  #<span class=sf-dump-protected title=\"Protected property\">bags</span>: []
</samp>}
</pre><script>Sfdump(\"sf-dump-1829484229\", {\"maxDepth\":3,\"maxStringLength\":160})</script>
"}},"userId":1,"exception":"[object] (Spatie\\LaravelIgnition\\Exceptions\\ViewException(code: 0): Unclosed '(' does not match '}' at D:/xampp/htdocs/gatewaybooks/resources/views/admin/user_profile/profile.blade.php:14)
[stacktrace]
#0 D:/xampp/htdocs/gatewaybooks/vendor/laravel/framework/src/Illuminate/Filesystem/Filesystem.php(124): Illuminate/Filesystem/Filesystem::Illuminate/Filesystem/{closure}()
#1 D:/xampp/htdocs/gatewaybooks/vendor/laravel/framework/src/Illuminate/View/Engines/PhpEngine.php(58): Illuminate/Filesystem/Filesystem->getRequire('D://xampp//htdocs...', Array)
#2 D:/xampp/htdocs/gatewaybooks/vendor/laravel/framework/src/Illuminate/View/Engines/CompilerEngine.php(72): Illuminate/View/Engines/PhpEngine->evaluatePath('D://xampp//htdocs...', Array)
#3 D:/xampp/htdocs/gatewaybooks/vendor/laravel/framework/src/Illuminate/View/View.php(207): Illuminate/View/Engines/CompilerEngine->get('D://xampp//htdocs...', Array)
#4 D:/xampp/htdocs/gatewaybooks/vendor/laravel/framework/src/Illuminate/View/View.php(190): Illuminate/View/View->getContents()
#5 D:/xampp/htdocs/gatewaybooks/vendor/laravel/framework/src/Illuminate/View/View.php(159): Illuminate/View/View->renderContents()
#6 D:/xampp/htdocs/gatewaybooks/vendor/laravel/framework/src/Illuminate/Http/Response.php(69): Illuminate/View/View->render()
#7 D:/xampp/htdocs/gatewaybooks/vendor/laravel/framework/src/Illuminate/Http/Response.php(35): Illuminate/Http/Response->setContent(Object(Illuminate/View/View))
#8 D:/xampp/htdocs/gatewaybooks/vendor/laravel/framework/src/Illuminate/Routing/Router.php(918): Illuminate/Http/Response->__construct(Object(Illuminate/View/View), 200, Array)
#9 D:/xampp/htdocs/gatewaybooks/vendor/laravel/framework/src/Illuminate/Routing/Router.php(885): Illuminate/Routing/Router::toResponse(Object(Illuminate/Http/Request), Object(Illuminate/View/View))
#10 D:/xampp/htdocs/gatewaybooks/vendor/laravel/framework/src/Illuminate/Routing/Router.php(806): Illuminate/Routing/Router->prepareResponse(Object(Illuminate/Http/Request), Object(Illuminate/View/View))
#11 D:/xampp/htdocs/gatewaybooks/vendor/laravel/framework/src/Illuminate/Pipeline/Pipeline.php(144): Illuminate/Routing/Router->Illuminate/Routing/{closure}(Object(Illuminate/Http/Request))
#12 D:/xampp/htdocs/gatewaybooks/vendor/laravel/framework/src/Illuminate/Routing/Middleware/SubstituteBindings.php(50): Illuminate/Pipeline/Pipeline->Illuminate/Pipeline/{closure}(Object(Illuminate/Http/Request))
#13 D:/xampp/htdocs/gatewaybooks/vendor/laravel/framework/src/Illuminate/Pipeline/Pipeline.php(183): Illuminate/Routing/Middleware/SubstituteBindings->handle(Object(Illuminate/Http/Request), Object(Closure))
#14 D:/xampp/htdocs/gatewaybooks/vendor/laravel/framework/src/Illuminate/Auth/Middleware/Authenticate.php(57): Illuminate/Pipeline/Pipeline->Illuminate/Pipeline/{closure}(Object(Illuminate/Http/Request))
#15 D:/xampp/htdocs/gatewaybooks/vendor/laravel/framework/src/Illuminate/Pipeline/Pipeline.php(183): Illuminate/Auth/Middleware/Authenticate->handle(Object(Illuminate/Http/Request), Object(Closure))
#16 D:/xampp/htdocs/gatewaybooks/vendor/laravel/framework/src/Illuminate/Foundation/Http/Middleware/VerifyCsrfToken.php(78): Illuminate/Pipeline/Pipeline->Illuminate/Pipeline/{closure}(Object(Illuminate/Http/Request))
#17 D:/xampp/htdocs/gatewaybooks/vendor/laravel/framework/src/Illuminate/Pipeline/Pipeline.php(183): Illuminate/Foundation/Http/Middleware/VerifyCsrfToken->handle(Object(Illuminate/Http/Request), Object(Closure))
#18 D:/xampp/htdocs/gatewaybooks/vendor/laravel/framework/src/Illuminate/View/Middleware/ShareErrorsFromSession.php(49): Illuminate/Pipeline/Pipeline->Illuminate/Pipeline/{closure}(Object(Illuminate/Http/Request))
#19 D:/xampp/htdocs/gatewaybooks/vendor/laravel/framework/src/Illuminate/Pipeline/Pipeline.php(183): Illuminate/View/Middleware/ShareErrorsFromSession->handle(Object(Illuminate/Http/Request), Object(Closure))
#20 D:/xampp/htdocs/gatewaybooks/vendor/laravel/framework/src/Illuminate/Session/Middleware/StartSession.php(121): Illuminate/Pipeline/Pipeline->Illuminate/Pipeline/{closure}(Object(Illuminate/Http/Request))
#21 D:/xampp/htdocs/gatewaybooks/vendor/laravel/framework/src/Illuminate/Session/Middleware/StartSession.php(64): Illuminate/Session/Middleware/StartSession->handleStatefulRequest(Object(Illuminate/Http/Request), Object(Illuminate/Session/Store), Object(Closure))
#22 D:/xampp/htdocs/gatewaybooks/vendor/laravel/framework/src/Illuminate/Pipeline/Pipeline.php(183): Illuminate/Session/Middleware/StartSession->handle(Object(Illuminate/Http/Request), Object(Closure))
#23 D:/xampp/htdocs/gatewaybooks/vendor/laravel/framework/src/Illuminate/Cookie/Middleware/AddQueuedCookiesToResponse.php(37): Illuminate/Pipeline/Pipeline->Illuminate/Pipeline/{closure}(Object(Illuminate/Http/Request))
#24 D:/xampp/htdocs/gatewaybooks/vendor/laravel/framework/src/Illuminate/Pipeline/Pipeline.php(183): Illuminate/Cookie/Middleware/AddQueuedCookiesToResponse->handle(Object(Illuminate/Http/Request), Object(Closure))
#25 D:/xampp/htdocs/gatewaybooks/vendor/laravel/framework/src/Illuminate/Cookie/Middleware/EncryptCookies.php(67): Illuminate/Pipeline/Pipeline->Illuminate/Pipeline/{closure}(Object(Illuminate/Http/Request))
#26 D:/xampp/htdocs/gatewaybooks/vendor/laravel/framework/src/Illuminate/Pipeline/Pipeline.php(183): Illuminate/Cookie/Middleware/EncryptCookies->handle(Object(Illuminate/Http/Request), Object(Closure))
#27 D:/xampp/htdocs/gatewaybooks/vendor/laravel/framework/src/Illuminate/Pipeline/Pipeline.php(119): Illuminate/Pipeline/Pipeline->Illuminate/Pipeline/{closure}(Object(Illuminate/Http/Request))
#28 D:/xampp/htdocs/gatewaybooks/vendor/laravel/framework/src/Illuminate/Routing/Router.php(807): Illuminate/Pipeline/Pipeline->then(Object(Closure))
#29 D:/xampp/htdocs/gatewaybooks/vendor/laravel/framework/src/Illuminate/Routing/Router.php(784): Illuminate/Routing/Router->runRouteWithinStack(Object(Illuminate/Routing/Route), Object(Illuminate/Http/Request))
#30 D:/xampp/htdocs/gatewaybooks/vendor/laravel/framework/src/Illuminate/Routing/Router.php(748): Illuminate/Routing/Router->runRoute(Object(Illuminate/Http/Request), Object(Illuminate/Routing/Route))
#31 D:/xampp/htdocs/gatewaybooks/vendor/laravel/framework/src/Illuminate/Routing/Router.php(737): Illuminate/Routing/Router->dispatchToRoute(Object(Illuminate/Http/Request))
#32 D:/xampp/htdocs/gatewaybooks/vendor/laravel/framework/src/Illuminate/Foundation/Http/Kernel.php(200): Illuminate/Routing/Router->dispatch(Object(Illuminate/Http/Request))
#33 D:/xampp/htdocs/gatewaybooks/vendor/laravel/framework/src/Illuminate/Pipeline/Pipeline.php(144): Illuminate/Foundation/Http/Kernel->Illuminate/Foundation/Http/{closure}(Object(Illuminate/Http/Request))
#34 D:/xampp/htdocs/gatewaybooks/vendor/laravel/framework/src/Illuminate/Foundation/Http/Middleware/TransformsRequest.php(21): Illuminate/Pipeline/Pipeline->Illuminate/Pipeline/{closure}(Object(Illuminate/Http/Request))
#35 D:/xampp/htdocs/gatewaybooks/vendor/laravel/framework/src/Illuminate/Foundation/Http/Middleware/ConvertEmptyStringsToNull.php(31): Illuminate/Foundation/Http/Middleware/TransformsRequest->handle(Object(Illuminate/Http/Request), Object(Closure))
#36 D:/xampp/htdocs/gatewaybooks/vendor/laravel/framework/src/Illuminate/Pipeline/Pipeline.php(183): Illuminate/Foundation/Http/Middleware/ConvertEmptyStringsToNull->handle(Object(Illuminate/Http/Request), Object(Closure))
#37 D:/xampp/htdocs/gatewaybooks/vendor/laravel/framework/src/Illuminate/Foundation/Http/Middleware/TransformsRequest.php(21): Illuminate/Pipeline/Pipeline->Illuminate/Pipeline/{closure}(Object(Illuminate/Http/Request))
#38 D:/xampp/htdocs/gatewaybooks/vendor/laravel/framework/src/Illuminate/Foundation/Http/Middleware/TrimStrings.php(40): Illuminate/Foundation/Http/Middleware/TransformsRequest->handle(Object(Illuminate/Http/Request), Object(Closure))
#39 D:/xampp/htdocs/gatewaybooks/vendor/laravel/framework/src/Illuminate/Pipeline/Pipeline.php(183): Illuminate/Foundation/Http/Middleware/TrimStrings->handle(Object(Illuminate/Http/Request), Object(Closure))
#40 D:/xampp/htdocs/gatewaybooks/vendor/laravel/framework/src/Illuminate/Foundation/Http/Middleware/ValidatePostSize.php(27): Illuminate/Pipeline/Pipeline->Illuminate/Pipeline/{closure}(Object(Illuminate/Http/Request))
#41 D:/xampp/htdocs/gatewaybooks/vendor/laravel/framework/src/Illuminate/Pipeline/Pipeline.php(183): Illuminate/Foundation/Http/Middleware/ValidatePostSize->handle(Object(Illuminate/Http/Request), Object(Closure))
#42 D:/xampp/htdocs/gatewaybooks/vendor/laravel/framework/src/Illuminate/Foundation/Http/Middleware/PreventRequestsDuringMaintenance.php(99): Illuminate/Pipeline/Pipeline->Illuminate/Pipeline/{closure}(Object(Illuminate/Http/Request))
#43 D:/xampp/htdocs/gatewaybooks/vendor/laravel/framework/src/Illuminate/Pipeline/Pipeline.php(183): Illuminate/Foundation/Http/Middleware/PreventRequestsDuringMaintenance->handle(Object(Illuminate/Http/Request), Object(Closure))
#44 D:/xampp/htdocs/gatewaybooks/vendor/laravel/framework/src/Illuminate/Http/Middleware/HandleCors.php(49): Illuminate/Pipeline/Pipeline->Illuminate/Pipeline/{closure}(Object(Illuminate/Http/Request))
#45 D:/xampp/htdocs/gatewaybooks/vendor/laravel/framework/src/Illuminate/Pipeline/Pipeline.php(183): Illuminate/Http/Middleware/HandleCors->handle(Object(Illuminate/Http/Request), Object(Closure))
#46 D:/xampp/htdocs/gatewaybooks/vendor/laravel/framework/src/Illuminate/Http/Middleware/TrustProxies.php(39): Illuminate/Pipeline/Pipeline->Illuminate/Pipeline/{closure}(Object(Illuminate/Http/Request))
#47 D:/xampp/htdocs/gatewaybooks/vendor/laravel/framework/src/Illuminate/Pipeline/Pipeline.php(183): Illuminate/Http/Middleware/TrustProxies->handle(Object(Illuminate/Http/Request), Object(Closure))
#48 D:/xampp/htdocs/gatewaybooks/vendor/laravel/framework/src/Illuminate/Pipeline/Pipeline.php(119): Illuminate/Pipeline/Pipeline->Illuminate/Pipeline/{closure}(Object(Illuminate/Http/Request))
#49 D:/xampp/htdocs/gatewaybooks/vendor/laravel/framework/src/Illuminate/Foundation/Http/Kernel.php(175): Illuminate/Pipeline/Pipeline->then(Object(Closure))
#50 D:/xampp/htdocs/gatewaybooks/vendor/laravel/framework/src/Illuminate/Foundation/Http/Kernel.php(144): Illuminate/Foundation/Http/Kernel->sendRequestThroughRouter(Object(Illuminate/Http/Request))
#51 D:/xampp/htdocs/gatewaybooks/public/index.php(52): Illuminate/Foundation/Http/Kernel->handle(Object(Illuminate/Http/Request))
#52 D:/xampp/htdocs/gatewaybooks/vendor/laravel/framework/src/Illuminate/Foundation/resources/server.php(16): require_once('D://xampp//htdocs...')
#53 {main}

[previous exception] [object] (ParseError(code: 0): Unclosed '(' does not match '}' at D:/xampp/htdocs/gatewaybooks/storage/framework/views/ae021b66592bb948b3e5e04054c60eaf.php:15)
[stacktrace]
#0 D:/xampp/htdocs/gatewaybooks/vendor/laravel/framework/src/Illuminate/Filesystem/Filesystem.php(124): Illuminate/Filesystem/Filesystem::Illuminate/Filesystem/{closure}()
#1 D:/xampp/htdocs/gatewaybooks/vendor/laravel/framework/src/Illuminate/View/Engines/PhpEngine.php(58): Illuminate/Filesystem/Filesystem->getRequire('D://xampp//htdocs...', Array)
#2 D:/xampp/htdocs/gatewaybooks/vendor/laravel/framework/src/Illuminate/View/Engines/CompilerEngine.php(72): Illuminate/View/Engines/PhpEngine->evaluatePath('D://xampp//htdocs...', Array)
#3 D:/xampp/htdocs/gatewaybooks/vendor/laravel/framework/src/Illuminate/View/View.php(207): Illuminate/View/Engines/CompilerEngine->get('D://xampp//htdocs...', Array)
#4 D:/xampp/htdocs/gatewaybooks/vendor/laravel/framework/src/Illuminate/View/View.php(190): Illuminate/View/View->getContents()
#5 D:/xampp/htdocs/gatewaybooks/vendor/laravel/framework/src/Illuminate/View/View.php(159): Illuminate/View/View->renderContents()
#6 D:/xampp/htdocs/gatewaybooks/vendor/laravel/framework/src/Illuminate/Http/Response.php(69): Illuminate/View/View->render()
#7 D:/xampp/htdocs/gatewaybooks/vendor/laravel/framework/src/Illuminate/Http/Response.php(35): Illuminate/Http/Response->setContent(Object(Illuminate/View/View))
#8 D:/xampp/htdocs/gatewaybooks/vendor/laravel/framework/src/Illuminate/Routing/Router.php(918): Illuminate/Http/Response->__construct(Object(Illuminate/View/View), 200, Array)
#9 D:/xampp/htdocs/gatewaybooks/vendor/laravel/framework/src/Illuminate/Routing/Router.php(885): Illuminate/Routing/Router::toResponse(Object(Illuminate/Http/Request), Object(Illuminate/View/View))
#10 D:/xampp/htdocs/gatewaybooks/vendor/laravel/framework/src/Illuminate/Routing/Router.php(806): Illuminate/Routing/Router->prepareResponse(Object(Illuminate/Http/Request), Object(Illuminate/View/View))
#11 D:/xampp/htdocs/gatewaybooks/vendor/laravel/framework/src/Illuminate/Pipeline/Pipeline.php(144): Illuminate/Routing/Router->Illuminate/Routing/{closure}(Object(Illuminate/Http/Request))
#12 D:/xampp/htdocs/gatewaybooks/vendor/laravel/framework/src/Illuminate/Routing/Middleware/SubstituteBindings.php(50): Illuminate/Pipeline/Pipeline->Illuminate/Pipeline/{closure}(Object(Illuminate/Http/Request))
#13 D:/xampp/htdocs/gatewaybooks/vendor/laravel/framework/src/Illuminate/Pipeline/Pipeline.php(183): Illuminate/Routing/Middleware/SubstituteBindings->handle(Object(Illuminate/Http/Request), Object(Closure))
#14 D:/xampp/htdocs/gatewaybooks/vendor/laravel/framework/src/Illuminate/Auth/Middleware/Authenticate.php(57): Illuminate/Pipeline/Pipeline->Illuminate/Pipeline/{closure}(Object(Illuminate/Http/Request))
#15 D:/xampp/htdocs/gatewaybooks/vendor/laravel/framework/src/Illuminate/Pipeline/Pipeline.php(183): Illuminate/Auth/Middleware/Authenticate->handle(Object(Illuminate/Http/Request), Object(Closure))
#16 D:/xampp/htdocs/gatewaybooks/vendor/laravel/framework/src/Illuminate/Foundation/Http/Middleware/VerifyCsrfToken.php(78): Illuminate/Pipeline/Pipeline->Illuminate/Pipeline/{closure}(Object(Illuminate/Http/Request))
#17 D:/xampp/htdocs/gatewaybooks/vendor/laravel/framework/src/Illuminate/Pipeline/Pipeline.php(183): Illuminate/Foundation/Http/Middleware/VerifyCsrfToken->handle(Object(Illuminate/Http/Request), Object(Closure))
#18 D:/xampp/htdocs/gatewaybooks/vendor/laravel/framework/src/Illuminate/View/Middleware/ShareErrorsFromSession.php(49): Illuminate/Pipeline/Pipeline->Illuminate/Pipeline/{closure}(Object(Illuminate/Http/Request))
#19 D:/xampp/htdocs/gatewaybooks/vendor/laravel/framework/src/Illuminate/Pipeline/Pipeline.php(183): Illuminate/View/Middleware/ShareErrorsFromSession->handle(Object(Illuminate/Http/Request), Object(Closure))
#20 D:/xampp/htdocs/gatewaybooks/vendor/laravel/framework/src/Illuminate/Session/Middleware/StartSession.php(121): Illuminate/Pipeline/Pipeline->Illuminate/Pipeline/{closure}(Object(Illuminate/Http/Request))
#21 D:/xampp/htdocs/gatewaybooks/vendor/laravel/framework/src/Illuminate/Session/Middleware/StartSession.php(64): Illuminate/Session/Middleware/StartSession->handleStatefulRequest(Object(Illuminate/Http/Request), Object(Illuminate/Session/Store), Object(Closure))
#22 D:/xampp/htdocs/gatewaybooks/vendor/laravel/framework/src/Illuminate/Pipeline/Pipeline.php(183): Illuminate/Session/Middleware/StartSession->handle(Object(Illuminate/Http/Request), Object(Closure))
#23 D:/xampp/htdocs/gatewaybooks/vendor/laravel/framework/src/Illuminate/Cookie/Middleware/AddQueuedCookiesToResponse.php(37): Illuminate/Pipeline/Pipeline->Illuminate/Pipeline/{closure}(Object(Illuminate/Http/Request))
#24 D:/xampp/htdocs/gatewaybooks/vendor/laravel/framework/src/Illuminate/Pipeline/Pipeline.php(183): Illuminate/Cookie/Middleware/AddQueuedCookiesToResponse->handle(Object(Illuminate/Http/Request), Object(Closure))
#25 D:/xampp/htdocs/gatewaybooks/vendor/laravel/framework/src/Illuminate/Cookie/Middleware/EncryptCookies.php(67): Illuminate/Pipeline/Pipeline->Illuminate/Pipeline/{closure}(Object(Illuminate/Http/Request))
#26 D:/xampp/htdocs/gatewaybooks/vendor/laravel/framework/src/Illuminate/Pipeline/Pipeline.php(183): Illuminate/Cookie/Middleware/EncryptCookies->handle(Object(Illuminate/Http/Request), Object(Closure))
#27 D:/xampp/htdocs/gatewaybooks/vendor/laravel/framework/src/Illuminate/Pipeline/Pipeline.php(119): Illuminate/Pipeline/Pipeline->Illuminate/Pipeline/{closure}(Object(Illuminate/Http/Request))
#28 D:/xampp/htdocs/gatewaybooks/vendor/laravel/framework/src/Illuminate/Routing/Router.php(807): Illuminate/Pipeline/Pipeline->then(Object(Closure))
#29 D:/xampp/htdocs/gatewaybooks/vendor/laravel/framework/src/Illuminate/Routing/Router.php(784): Illuminate/Routing/Router->runRouteWithinStack(Object(Illuminate/Routing/Route), Object(Illuminate/Http/Request))
#30 D:/xampp/htdocs/gatewaybooks/vendor/laravel/framework/src/Illuminate/Routing/Router.php(748): Illuminate/Routing/Router->runRoute(Object(Illuminate/Http/Request), Object(Illuminate/Routing/Route))
#31 D:/xampp/htdocs/gatewaybooks/vendor/laravel/framework/src/Illuminate/Routing/Router.php(737): Illuminate/Routing/Router->dispatchToRoute(Object(Illuminate/Http/Request))
#32 D:/xampp/htdocs/gatewaybooks/vendor/laravel/framework/src/Illuminate/Foundation/Http/Kernel.php(200): Illuminate/Routing/Router->dispatch(Object(Illuminate/Http/Request))
#33 D:/xampp/htdocs/gatewaybooks/vendor/laravel/framework/src/Illuminate/Pipeline/Pipeline.php(144): Illuminate/Foundation/Http/Kernel->Illuminate/Foundation/Http/{closure}(Object(Illuminate/Http/Request))
#34 D:/xampp/htdocs/gatewaybooks/vendor/laravel/framework/src/Illuminate/Foundation/Http/Middleware/TransformsRequest.php(21): Illuminate/Pipeline/Pipeline->Illuminate/Pipeline/{closure}(Object(Illuminate/Http/Request))
#35 D:/xampp/htdocs/gatewaybooks/vendor/laravel/framework/src/Illuminate/Foundation/Http/Middleware/ConvertEmptyStringsToNull.php(31): Illuminate/Foundation/Http/Middleware/TransformsRequest->handle(Object(Illuminate/Http/Request), Object(Closure))
#36 D:/xampp/htdocs/gatewaybooks/vendor/laravel/framework/src/Illuminate/Pipeline/Pipeline.php(183): Illuminate/Foundation/Http/Middleware/ConvertEmptyStringsToNull->handle(Object(Illuminate/Http/Request), Object(Closure))
#37 D:/xampp/htdocs/gatewaybooks/vendor/laravel/framework/src/Illuminate/Foundation/Http/Middleware/TransformsRequest.php(21): Illuminate/Pipeline/Pipeline->Illuminate/Pipeline/{closure}(Object(Illuminate/Http/Request))
#38 D:/xampp/htdocs/gatewaybooks/vendor/laravel/framework/src/Illuminate/Foundation/Http/Middleware/TrimStrings.php(40): Illuminate/Foundation/Http/Middleware/TransformsRequest->handle(Object(Illuminate/Http/Request), Object(Closure))
#39 D:/xampp/htdocs/gatewaybooks/vendor/laravel/framework/src/Illuminate/Pipeline/Pipeline.php(183): Illuminate/Foundation/Http/Middleware/TrimStrings->handle(Object(Illuminate/Http/Request), Object(Closure))
#40 D:/xampp/htdocs/gatewaybooks/vendor/laravel/framework/src/Illuminate/Foundation/Http/Middleware/ValidatePostSize.php(27): Illuminate/Pipeline/Pipeline->Illuminate/Pipeline/{closure}(Object(Illuminate/Http/Request))
#41 D:/xampp/htdocs/gatewaybooks/vendor/laravel/framework/src/Illuminate/Pipeline/Pipeline.php(183): Illuminate/Foundation/Http/Middleware/ValidatePostSize->handle(Object(Illuminate/Http/Request), Object(Closure))
#42 D:/xampp/htdocs/gatewaybooks/vendor/laravel/framework/src/Illuminate/Foundation/Http/Middleware/PreventRequestsDuringMaintenance.php(99): Illuminate/Pipeline/Pipeline->Illuminate/Pipeline/{closure}(Object(Illuminate/Http/Request))
#43 D:/xampp/htdocs/gatewaybooks/vendor/laravel/framework/src/Illuminate/Pipeline/Pipeline.php(183): Illuminate/Foundation/Http/Middleware/PreventRequestsDuringMaintenance->handle(Object(Illuminate/Http/Request), Object(Closure))
#44 D:/xampp/htdocs/gatewaybooks/vendor/laravel/framework/src/Illuminate/Http/Middleware/HandleCors.php(49): Illuminate/Pipeline/Pipeline->Illuminate/Pipeline/{closure}(Object(Illuminate/Http/Request))
#45 D:/xampp/htdocs/gatewaybooks/vendor/laravel/framework/src/Illuminate/Pipeline/Pipeline.php(183): Illuminate/Http/Middleware/HandleCors->handle(Object(Illuminate/Http/Request), Object(Closure))
#46 D:/xampp/htdocs/gatewaybooks/vendor/laravel/framework/src/Illuminate/Http/Middleware/TrustProxies.php(39): Illuminate/Pipeline/Pipeline->Illuminate/Pipeline/{closure}(Object(Illuminate/Http/Request))
#47 D:/xampp/htdocs/gatewaybooks/vendor/laravel/framework/src/Illuminate/Pipeline/Pipeline.php(183): Illuminate/Http/Middleware/TrustProxies->handle(Object(Illuminate/Http/Request), Object(Closure))
#48 D:/xampp/htdocs/gatewaybooks/vendor/laravel/framework/src/Illuminate/Pipeline/Pipeline.php(119): Illuminate/Pipeline/Pipeline->Illuminate/Pipeline/{closure}(Object(Illuminate/Http/Request))
#49 D:/xampp/htdocs/gatewaybooks/vendor/laravel/framework/src/Illuminate/Foundation/Http/Kernel.php(175): Illuminate/Pipeline/Pipeline->then(Object(Closure))
#50 D:/xampp/htdocs/gatewaybooks/vendor/laravel/framework/src/Illuminate/Foundation/Http/Kernel.php(144): Illuminate/Foundation/Http/Kernel->sendRequestThroughRouter(Object(Illuminate/Http/Request))
#51 D:/xampp/htdocs/gatewaybooks/public/index.php(52): Illuminate/Foundation/Http/Kernel->handle(Object(Illuminate/Http/Request))
#52 D:/xampp/htdocs/gatewaybooks/vendor/laravel/framework/src/Illuminate/Foundation/resources/server.php(16): require_once('D://xampp//htdocs...')
#53 {main}
"} 
[2026-09-03 16:17:58] local.ERROR: Unclosed '(' does not match '}' {"view":{"view":"D:\\xampp\\htdocs\\gatewaybooks\\resources\\views\\admin\\user_profile\\profile.blade.php","data":{"errors":"<pre class=sf-dump id=sf-dump-1246527089 data-indent-pad=\"  \"><span class=sf-dump-note>Illuminate\\Support\\ViewErrorBag</span> {<a class=sf-dump-ref>#266</a><samp data-depth=1 class=sf-dump-expanded>
  #<span class=sf-dump-protected title=\"Protected property\">bags</span>: []
</samp>}
</pre><script>Sfdump(\"sf-dump-1246527089\", {\"maxDepth\":3,\"maxStringLength\":160})</script>
"}},"userId":1,"exception":"[object] (Spatie\\LaravelIgnition\\Exceptions\\ViewException(code: 0): Unclosed '(' does not match '}' at D:/xampp/htdocs/gatewaybooks/resources/views/admin/user_profile/profile.blade.php:14)
[stacktrace]
#0 D:/xampp/htdocs/gatewaybooks/vendor/laravel/framework/src/Illuminate/Filesystem/Filesystem.php(124): Illuminate/Filesystem/Filesystem::Illuminate/Filesystem/{closure}()
#1 D:/xampp/htdocs/gatewaybooks/vendor/laravel/framework/src/Illuminate/View/Engines/PhpEngine.php(58): Illuminate/Filesystem/Filesystem->getRequire('D://xampp//htdocs...', Array)
#2 D:/xampp/htdocs/gatewaybooks/vendor/laravel/framework/src/Illuminate/View/Engines/CompilerEngine.php(72): Illuminate/View/Engines/PhpEngine->evaluatePath('D://xampp//htdocs...', Array)
#3 D:/xampp/htdocs/gatewaybooks/vendor/laravel/framework/src/Illuminate/View/View.php(207): Illuminate/View/Engines/CompilerEngine->get('D://xampp//htdocs...', Array)
#4 D:/xampp/htdocs/gatewaybooks/vendor/laravel/framework/src/Illuminate/View/View.php(190): Illuminate/View/View->getContents()
#5 D:/xampp/htdocs/gatewaybooks/vendor/laravel/framework/src/Illuminate/View/View.php(159): Illuminate/View/View->renderContents()
#6 D:/xampp/htdocs/gatewaybooks/vendor/laravel/framework/src/Illuminate/Http/Response.php(69): Illuminate/View/View->render()
#7 D:/xampp/htdocs/gatewaybooks/vendor/laravel/framework/src/Illuminate/Http/Response.php(35): Illuminate/Http/Response->setContent(Object(Illuminate/View/View))
#8 D:/xampp/htdocs/gatewaybooks/vendor/laravel/framework/src/Illuminate/Routing/Router.php(918): Illuminate/Http/Response->__construct(Object(Illuminate/View/View), 200, Array)
#9 D:/xampp/htdocs/gatewaybooks/vendor/laravel/framework/src/Illuminate/Routing/Router.php(885): Illuminate/Routing/Router::toResponse(Object(Illuminate/Http/Request), Object(Illuminate/View/View))
#10 D:/xampp/htdocs/gatewaybooks/vendor/laravel/framework/src/Illuminate/Routing/Router.php(806): Illuminate/Routing/Router->prepareResponse(Object(Illuminate/Http/Request), Object(Illuminate/View/View))
#11 D:/xampp/htdocs/gatewaybooks/vendor/laravel/framework/src/Illuminate/Pipeline/Pipeline.php(144): Illuminate/Routing/Router->Illuminate/Routing/{closure}(Object(Illuminate/Http/Request))
#12 D:/xampp/htdocs/gatewaybooks/vendor/laravel/framework/src/Illuminate/Routing/Middleware/SubstituteBindings.php(50): Illuminate/Pipeline/Pipeline->Illuminate/Pipeline/{closure}(Object(Illuminate/Http/Request))
#13 D:/xampp/htdocs/gatewaybooks/vendor/laravel/framework/src/Illuminate/Pipeline/Pipeline.php(183): Illuminate/Routing/Middleware/SubstituteBindings->handle(Object(Illuminate/Http/Request), Object(Closure))
#14 D:/xampp/htdocs/gatewaybooks/vendor/laravel/framework/src/Illuminate/Auth/Middleware/Authenticate.php(57): Illuminate/Pipeline/Pipeline->Illuminate/Pipeline/{closure}(Object(Illuminate/Http/Request))
#15 D:/xampp/htdocs/gatewaybooks/vendor/laravel/framework/src/Illuminate/Pipeline/Pipeline.php(183): Illuminate/Auth/Middleware/Authenticate->handle(Object(Illuminate/Http/Request), Object(Closure))
#16 D:/xampp/htdocs/gatewaybooks/vendor/laravel/framework/src/Illuminate/Foundation/Http/Middleware/VerifyCsrfToken.php(78): Illuminate/Pipeline/Pipeline->Illuminate/Pipeline/{closure}(Object(Illuminate/Http/Request))
#17 D:/xampp/htdocs/gatewaybooks/vendor/laravel/framework/src/Illuminate/Pipeline/Pipeline.php(183): Illuminate/Foundation/Http/Middleware/VerifyCsrfToken->handle(Object(Illuminate/Http/Request), Object(Closure))
#18 D:/xampp/htdocs/gatewaybooks/vendor/laravel/framework/src/Illuminate/View/Middleware/ShareErrorsFromSession.php(49): Illuminate/Pipeline/Pipeline->Illuminate/Pipeline/{closure}(Object(Illuminate/Http/Request))
#19 D:/xampp/htdocs/gatewaybooks/vendor/laravel/framework/src/Illuminate/Pipeline/Pipeline.php(183): Illuminate/View/Middleware/ShareErrorsFromSession->handle(Object(Illuminate/Http/Request), Object(Closure))
#20 D:/xampp/htdocs/gatewaybooks/vendor/laravel/framework/src/Illuminate/Session/Middleware/StartSession.php(121): Illuminate/Pipeline/Pipeline->Illuminate/Pipeline/{closure}(Object(Illuminate/Http/Request))
#21 D:/xampp/htdocs/gatewaybooks/vendor/laravel/framework/src/Illuminate/Session/Middleware/StartSession.php(64): Illuminate/Session/Middleware/StartSession->handleStatefulRequest(Object(Illuminate/Http/Request), Object(Illuminate/Session/Store), Object(Closure))
#22 D:/xampp/htdocs/gatewaybooks/vendor/laravel/framework/src/Illuminate/Pipeline/Pipeline.php(183): Illuminate/Session/Middleware/StartSession->handle(Object(Illuminate/Http/Request), Object(Closure))
#23 D:/xampp/htdocs/gatewaybooks/vendor/laravel/framework/src/Illuminate/Cookie/Middleware/AddQueuedCookiesToResponse.php(37): Illuminate/Pipeline/Pipeline->Illuminate/Pipeline/{closure}(Object(Illuminate/Http/Request))
#24 D:/xampp/htdocs/gatewaybooks/vendor/laravel/framework/src/Illuminate/Pipeline/Pipeline.php(183): Illuminate/Cookie/Middleware/AddQueuedCookiesToResponse->handle(Object(Illuminate/Http/Request), Object(Closure))
#25 D:/xampp/htdocs/gatewaybooks/vendor/laravel/framework/src/Illuminate/Cookie/Middleware/EncryptCookies.php(67): Illuminate/Pipeline/Pipeline->Illuminate/Pipeline/{closure}(Object(Illuminate/Http/Request))
#26 D:/xampp/htdocs/gatewaybooks/vendor/laravel/framework/src/Illuminate/Pipeline/Pipeline.php(183): Illuminate/Cookie/Middleware/EncryptCookies->handle(Object(Illuminate/Http/Request), Object(Closure))
#27 D:/xampp/htdocs/gatewaybooks/vendor/laravel/framework/src/Illuminate/Pipeline/Pipeline.php(119): Illuminate/Pipeline/Pipeline->Illuminate/Pipeline/{closure}(Object(Illuminate/Http/Request))
#28 D:/xampp/htdocs/gatewaybooks/vendor/laravel/framework/src/Illuminate/Routing/Router.php(807): Illuminate/Pipeline/Pipeline->then(Object(Closure))
#29 D:/xampp/htdocs/gatewaybooks/vendor/laravel/framework/src/Illuminate/Routing/Router.php(784): Illuminate/Routing/Router->runRouteWithinStack(Object(Illuminate/Routing/Route), Object(Illuminate/Http/Request))
#30 D:/xampp/htdocs/gatewaybooks/vendor/laravel/framework/src/Illuminate/Routing/Router.php(748): Illuminate/Routing/Router->runRoute(Object(Illuminate/Http/Request), Object(Illuminate/Routing/Route))
#31 D:/xampp/htdocs/gatewaybooks/vendor/laravel/framework/src/Illuminate/Routing/Router.php(737): Illuminate/Routing/Router->dispatchToRoute(Object(Illuminate/Http/Request))
#32 D:/xampp/htdocs/gatewaybooks/vendor/laravel/framework/src/Illuminate/Foundation/Http/Kernel.php(200): Illuminate/Routing/Router->dispatch(Object(Illuminate/Http/Request))
#33 D:/xampp/htdocs/gatewaybooks/vendor/laravel/framework/src/Illuminate/Pipeline/Pipeline.php(144): Illuminate/Foundation/Http/Kernel->Illuminate/Foundation/Http/{closure}(Object(Illuminate/Http/Request))
#34 D:/xampp/htdocs/gatewaybooks/vendor/laravel/framework/src/Illuminate/Foundation/Http/Middleware/TransformsRequest.php(21): Illuminate/Pipeline/Pipeline->Illuminate/Pipeline/{closure}(Object(Illuminate/Http/Request))
#35 D:/xampp/htdocs/gatewaybooks/vendor/laravel/framework/src/Illuminate/Foundation/Http/Middleware/ConvertEmptyStringsToNull.php(31): Illuminate/Foundation/Http/Middleware/TransformsRequest->handle(Object(Illuminate/Http/Request), Object(Closure))
#36 D:/xampp/htdocs/gatewaybooks/vendor/laravel/framework/src/Illuminate/Pipeline/Pipeline.php(183): Illuminate/Foundation/Http/Middleware/ConvertEmptyStringsToNull->handle(Object(Illuminate/Http/Request), Object(Closure))
#37 D:/xampp/htdocs/gatewaybooks/vendor/laravel/framework/src/Illuminate/Foundation/Http/Middleware/TransformsRequest.php(21): Illuminate/Pipeline/Pipeline->Illuminate/Pipeline/{closure}(Object(Illuminate/Http/Request))
#38 D:/xampp/htdocs/gatewaybooks/vendor/laravel/framework/src/Illuminate/Foundation/Http/Middleware/TrimStrings.php(40): Illuminate/Foundation/Http/Middleware/TransformsRequest->handle(Object(Illuminate/Http/Request), Object(Closure))
#39 D:/xampp/htdocs/gatewaybooks/vendor/laravel/framework/src/Illuminate/Pipeline/Pipeline.php(183): Illuminate/Foundation/Http/Middleware/TrimStrings->handle(Object(Illuminate/Http/Request), Object(Closure))
#40 D:/xampp/htdocs/gatewaybooks/vendor/laravel/framework/src/Illuminate/Foundation/Http/Middleware/ValidatePostSize.php(27): Illuminate/Pipeline/Pipeline->Illuminate/Pipeline/{closure}(Object(Illuminate/Http/Request))
#41 D:/xampp/htdocs/gatewaybooks/vendor/laravel/framework/src/Illuminate/Pipeline/Pipeline.php(183): Illuminate/Foundation/Http/Middleware/ValidatePostSize->handle(Object(Illuminate/Http/Request), Object(Closure))
#42 D:/xampp/htdocs/gatewaybooks/vendor/laravel/framework/src/Illuminate/Foundation/Http/Middleware/PreventRequestsDuringMaintenance.php(99): Illuminate/Pipeline/Pipeline->Illuminate/Pipeline/{closure}(Object(Illuminate/Http/Request))
#43 D:/xampp/htdocs/gatewaybooks/vendor/laravel/framework/src/Illuminate/Pipeline/Pipeline.php(183): Illuminate/Foundation/Http/Middleware/PreventRequestsDuringMaintenance->handle(Object(Illuminate/Http/Request), Object(Closure))
#44 D:/xampp/htdocs/gatewaybooks/vendor/laravel/framework/src/Illuminate/Http/Middleware/HandleCors.php(49): Illuminate/Pipeline/Pipeline->Illuminate/Pipeline/{closure}(Object(Illuminate/Http/Request))
#45 D:/xampp/htdocs/gatewaybooks/vendor/laravel/framework/src/Illuminate/Pipeline/Pipeline.php(183): Illuminate/Http/Middleware/HandleCors->handle(Object(Illuminate/Http/Request), Object(Closure))
#46 D:/xampp/htdocs/gatewaybooks/vendor/laravel/framework/src/Illuminate/Http/Middleware/TrustProxies.php(39): Illuminate/Pipeline/Pipeline->Illuminate/Pipeline/{closure}(Object(Illuminate/Http/Request))
#47 D:/xampp/htdocs/gatewaybooks/vendor/laravel/framework/src/Illuminate/Pipeline/Pipeline.php(183): Illuminate/Http/Middleware/TrustProxies->handle(Object(Illuminate/Http/Request), Object(Closure))
#48 D:/xampp/htdocs/gatewaybooks/vendor/laravel/framework/src/Illuminate/Pipeline/Pipeline.php(119): Illuminate/Pipeline/Pipeline->Illuminate/Pipeline/{closure}(Object(Illuminate/Http/Request))
#49 D:/xampp/htdocs/gatewaybooks/vendor/laravel/framework/src/Illuminate/Foundation/Http/Kernel.php(175): Illuminate/Pipeline/Pipeline->then(Object(Closure))
#50 D:/xampp/htdocs/gatewaybooks/vendor/laravel/framework/src/Illuminate/Foundation/Http/Kernel.php(144): Illuminate/Foundation/Http/Kernel->sendRequestThroughRouter(Object(Illuminate/Http/Request))
#51 D:/xampp/htdocs/gatewaybooks/public/index.php(52): Illuminate/Foundation/Http/Kernel->handle(Object(Illuminate/Http/Request))
#52 D:/xampp/htdocs/gatewaybooks/vendor/laravel/framework/src/Illuminate/Foundation/resources/server.php(16): require_once('D://xampp//htdocs...')
#53 {main}

[previous exception] [object] (ParseError(code: 0): Unclosed '(' does not match '}' at D:/xampp/htdocs/gatewaybooks/storage/framework/views/ae021b66592bb948b3e5e04054c60eaf.php:15)
[stacktrace]
#0 D:/xampp/htdocs/gatewaybooks/vendor/laravel/framework/src/Illuminate/Filesystem/Filesystem.php(124): Illuminate/Filesystem/Filesystem::Illuminate/Filesystem/{closure}()
#1 D:/xampp/htdocs/gatewaybooks/vendor/laravel/framework/src/Illuminate/View/Engines/PhpEngine.php(58): Illuminate/Filesystem/Filesystem->getRequire('D://xampp//htdocs...', Array)
#2 D:/xampp/htdocs/gatewaybooks/vendor/laravel/framework/src/Illuminate/View/Engines/CompilerEngine.php(72): Illuminate/View/Engines/PhpEngine->evaluatePath('D://xampp//htdocs...', Array)
#3 D:/xampp/htdocs/gatewaybooks/vendor/laravel/framework/src/Illuminate/View/View.php(207): Illuminate/View/Engines/CompilerEngine->get('D://xampp//htdocs...', Array)
#4 D:/xampp/htdocs/gatewaybooks/vendor/laravel/framework/src/Illuminate/View/View.php(190): Illuminate/View/View->getContents()
#5 D:/xampp/htdocs/gatewaybooks/vendor/laravel/framework/src/Illuminate/View/View.php(159): Illuminate/View/View->renderContents()
#6 D:/xampp/htdocs/gatewaybooks/vendor/laravel/framework/src/Illuminate/Http/Response.php(69): Illuminate/View/View->render()
#7 D:/xampp/htdocs/gatewaybooks/vendor/laravel/framework/src/Illuminate/Http/Response.php(35): Illuminate/Http/Response->setContent(Object(Illuminate/View/View))
#8 D:/xampp/htdocs/gatewaybooks/vendor/laravel/framework/src/Illuminate/Routing/Router.php(918): Illuminate/Http/Response->__construct(Object(Illuminate/View/View), 200, Array)
#9 D:/xampp/htdocs/gatewaybooks/vendor/laravel/framework/src/Illuminate/Routing/Router.php(885): Illuminate/Routing/Router::toResponse(Object(Illuminate/Http/Request), Object(Illuminate/View/View))
#10 D:/xampp/htdocs/gatewaybooks/vendor/laravel/framework/src/Illuminate/Routing/Router.php(806): Illuminate/Routing/Router->prepareResponse(Object(Illuminate/Http/Request), Object(Illuminate/View/View))
#11 D:/xampp/htdocs/gatewaybooks/vendor/laravel/framework/src/Illuminate/Pipeline/Pipeline.php(144): Illuminate/Routing/Router->Illuminate/Routing/{closure}(Object(Illuminate/Http/Request))
#12 D:/xampp/htdocs/gatewaybooks/vendor/laravel/framework/src/Illuminate/Routing/Middleware/SubstituteBindings.php(50): Illuminate/Pipeline/Pipeline->Illuminate/Pipeline/{closure}(Object(Illuminate/Http/Request))
#13 D:/xampp/htdocs/gatewaybooks/vendor/laravel/framework/src/Illuminate/Pipeline/Pipeline.php(183): Illuminate/Routing/Middleware/SubstituteBindings->handle(Object(Illuminate/Http/Request), Object(Closure))
#14 D:/xampp/htdocs/gatewaybooks/vendor/laravel/framework/src/Illuminate/Auth/Middleware/Authenticate.php(57): Illuminate/Pipeline/Pipeline->Illuminate/Pipeline/{closure}(Object(Illuminate/Http/Request))
#15 D:/xampp/htdocs/gatewaybooks/vendor/laravel/framework/src/Illuminate/Pipeline/Pipeline.php(183): Illuminate/Auth/Middleware/Authenticate->handle(Object(Illuminate/Http/Request), Object(Closure))
#16 D:/xampp/htdocs/gatewaybooks/vendor/laravel/framework/src/Illuminate/Foundation/Http/Middleware/VerifyCsrfToken.php(78): Illuminate/Pipeline/Pipeline->Illuminate/Pipeline/{closure}(Object(Illuminate/Http/Request))
#17 D:/xampp/htdocs/gatewaybooks/vendor/laravel/framework/src/Illuminate/Pipeline/Pipeline.php(183): Illuminate/Foundation/Http/Middleware/VerifyCsrfToken->handle(Object(Illuminate/Http/Request), Object(Closure))
#18 D:/xampp/htdocs/gatewaybooks/vendor/laravel/framework/src/Illuminate/View/Middleware/ShareErrorsFromSession.php(49): Illuminate/Pipeline/Pipeline->Illuminate/Pipeline/{closure}(Object(Illuminate/Http/Request))
#19 D:/xampp/htdocs/gatewaybooks/vendor/laravel/framework/src/Illuminate/Pipeline/Pipeline.php(183): Illuminate/View/Middleware/ShareErrorsFromSession->handle(Object(Illuminate/Http/Request), Object(Closure))
#20 D:/xampp/htdocs/gatewaybooks/vendor/laravel/framework/src/Illuminate/Session/Middleware/StartSession.php(121): Illuminate/Pipeline/Pipeline->Illuminate/Pipeline/{closure}(Object(Illuminate/Http/Request))
#21 D:/xampp/htdocs/gatewaybooks/vendor/laravel/framework/src/Illuminate/Session/Middleware/StartSession.php(64): Illuminate/Session/Middleware/StartSession->handleStatefulRequest(Object(Illuminate/Http/Request), Object(Illuminate/Session/Store), Object(Closure))
#22 D:/xampp/htdocs/gatewaybooks/vendor/laravel/framework/src/Illuminate/Pipeline/Pipeline.php(183): Illuminate/Session/Middleware/StartSession->handle(Object(Illuminate/Http/Request), Object(Closure))
#23 D:/xampp/htdocs/gatewaybooks/vendor/laravel/framework/src/Illuminate/Cookie/Middleware/AddQueuedCookiesToResponse.php(37): Illuminate/Pipeline/Pipeline->Illuminate/Pipeline/{closure}(Object(Illuminate/Http/Request))
#24 D:/xampp/htdocs/gatewaybooks/vendor/laravel/framework/src/Illuminate/Pipeline/Pipeline.php(183): Illuminate/Cookie/Middleware/AddQueuedCookiesToResponse->handle(Object(Illuminate/Http/Request), Object(Closure))
#25 D:/xampp/htdocs/gatewaybooks/vendor/laravel/framework/src/Illuminate/Cookie/Middleware/EncryptCookies.php(67): Illuminate/Pipeline/Pipeline->Illuminate/Pipeline/{closure}(Object(Illuminate/Http/Request))
#26 D:/xampp/htdocs/gatewaybooks/vendor/laravel/framework/src/Illuminate/Pipeline/Pipeline.php(183): Illuminate/Cookie/Middleware/EncryptCookies->handle(Object(Illuminate/Http/Request), Object(Closure))
#27 D:/xampp/htdocs/gatewaybooks/vendor/laravel/framework/src/Illuminate/Pipeline/Pipeline.php(119): Illuminate/Pipeline/Pipeline->Illuminate/Pipeline/{closure}(Object(Illuminate/Http/Request))
#28 D:/xampp/htdocs/gatewaybooks/vendor/laravel/framework/src/Illuminate/Routing/Router.php(807): Illuminate/Pipeline/Pipeline->then(Object(Closure))
#29 D:/xampp/htdocs/gatewaybooks/vendor/laravel/framework/src/Illuminate/Routing/Router.php(784): Illuminate/Routing/Router->runRouteWithinStack(Object(Illuminate/Routing/Route), Object(Illuminate/Http/Request))
#30 D:/xampp/htdocs/gatewaybooks/vendor/laravel/framework/src/Illuminate/Routing/Router.php(748): Illuminate/Routing/Router->runRoute(Object(Illuminate/Http/Request), Object(Illuminate/Routing/Route))
#31 D:/xampp/htdocs/gatewaybooks/vendor/laravel/framework/src/Illuminate/Routing/Router.php(737): Illuminate/Routing/Router->dispatchToRoute(Object(Illuminate/Http/Request))
#32 D:/xampp/htdocs/gatewaybooks/vendor/laravel/framework/src/Illuminate/Foundation/Http/Kernel.php(200): Illuminate/Routing/Router->dispatch(Object(Illuminate/Http/Request))
#33 D:/xampp/htdocs/gatewaybooks/vendor/laravel/framework/src/Illuminate/Pipeline/Pipeline.php(144): Illuminate/Foundation/Http/Kernel->Illuminate/Foundation/Http/{closure}(Object(Illuminate/Http/Request))
#34 D:/xampp/htdocs/gatewaybooks/vendor/laravel/framework/src/Illuminate/Foundation/Http/Middleware/TransformsRequest.php(21): Illuminate/Pipeline/Pipeline->Illuminate/Pipeline/{closure}(Object(Illuminate/Http/Request))
#35 D:/xampp/htdocs/gatewaybooks/vendor/laravel/framework/src/Illuminate/Foundation/Http/Middleware/ConvertEmptyStringsToNull.php(31): Illuminate/Foundation/Http/Middleware/TransformsRequest->handle(Object(Illuminate/Http/Request), Object(Closure))
#36 D:/xampp/htdocs/gatewaybooks/vendor/laravel/framework/src/Illuminate/Pipeline/Pipeline.php(183): Illuminate/Foundation/Http/Middleware/ConvertEmptyStringsToNull->handle(Object(Illuminate/Http/Request), Object(Closure))
#37 D:/xampp/htdocs/gatewaybooks/vendor/laravel/framework/src/Illuminate/Foundation/Http/Middleware/TransformsRequest.php(21): Illuminate/Pipeline/Pipeline->Illuminate/Pipeline/{closure}(Object(Illuminate/Http/Request))
#38 D:/xampp/htdocs/gatewaybooks/vendor/laravel/framework/src/Illuminate/Foundation/Http/Middleware/TrimStrings.php(40): Illuminate/Foundation/Http/Middleware/TransformsRequest->handle(Object(Illuminate/Http/Request), Object(Closure))
#39 D:/xampp/htdocs/gatewaybooks/vendor/laravel/framework/src/Illuminate/Pipeline/Pipeline.php(183): Illuminate/Foundation/Http/Middleware/TrimStrings->handle(Object(Illuminate/Http/Request), Object(Closure))
#40 D:/xampp/htdocs/gatewaybooks/vendor/laravel/framework/src/Illuminate/Foundation/Http/Middleware/ValidatePostSize.php(27): Illuminate/Pipeline/Pipeline->Illuminate/Pipeline/{closure}(Object(Illuminate/Http/Request))
#41 D:/xampp/htdocs/gatewaybooks/vendor/laravel/framework/src/Illuminate/Pipeline/Pipeline.php(183): Illuminate/Foundation/Http/Middleware/ValidatePostSize->handle(Object(Illuminate/Http/Request), Object(Closure))
#42 D:/xampp/htdocs/gatewaybooks/vendor/laravel/framework/src/Illuminate/Foundation/Http/Middleware/PreventRequestsDuringMaintenance.php(99): Illuminate/Pipeline/Pipeline->Illuminate/Pipeline/{closure}(Object(Illuminate/Http/Request))
#43 D:/xampp/htdocs/gatewaybooks/vendor/laravel/framework/src/Illuminate/Pipeline/Pipeline.php(183): Illuminate/Foundation/Http/Middleware/PreventRequestsDuringMaintenance->handle(Object(Illuminate/Http/Request), Object(Closure))
#44 D:/xampp/htdocs/gatewaybooks/vendor/laravel/framework/src/Illuminate/Http/Middleware/HandleCors.php(49): Illuminate/Pipeline/Pipeline->Illuminate/Pipeline/{closure}(Object(Illuminate/Http/Request))
#45 D:/xampp/htdocs/gatewaybooks/vendor/laravel/framework/src/Illuminate/Pipeline/Pipeline.php(183): Illuminate/Http/Middleware/HandleCors->handle(Object(Illuminate/Http/Request), Object(Closure))
#46 D:/xampp/htdocs/gatewaybooks/vendor/laravel/framework/src/Illuminate/Http/Middleware/TrustProxies.php(39): Illuminate/Pipeline/Pipeline->Illuminate/Pipeline/{closure}(Object(Illuminate/Http/Request))
#47 D:/xampp/htdocs/gatewaybooks/vendor/laravel/framework/src/Illuminate/Pipeline/Pipeline.php(183): Illuminate/Http/Middleware/TrustProxies->handle(Object(Illuminate/Http/Request), Object(Closure))
#48 D:/xampp/htdocs/gatewaybooks/vendor/laravel/framework/src/Illuminate/Pipeline/Pipeline.php(119): Illuminate/Pipeline/Pipeline->Illuminate/Pipeline/{closure}(Object(Illuminate/Http/Request))
#49 D:/xampp/htdocs/gatewaybooks/vendor/laravel/framework/src/Illuminate/Foundation/Http/Kernel.php(175): Illuminate/Pipeline/Pipeline->then(Object(Closure))
#50 D:/xampp/htdocs/gatewaybooks/vendor/laravel/framework/src/Illuminate/Foundation/Http/Kernel.php(144): Illuminate/Foundation/Http/Kernel->sendRequestThroughRouter(Object(Illuminate/Http/Request))
#51 D:/xampp/htdocs/gatewaybooks/public/index.php(52): Illuminate/Foundation/Http/Kernel->handle(Object(Illuminate/Http/Request))
#52 D:/xampp/htdocs/gatewaybooks/vendor/laravel/framework/src/Illuminate/Foundation/resources/server.php(16): require_once('D://xampp//htdocs...')
#53 {main}
"} 
[2026-09-03 16:18:17] local.ERROR: Unclosed '(' does not match '}' {"view":{"view":"D:\\xampp\\htdocs\\gatewaybooks\\resources\\views\\admin\\user_profile\\profile.blade.php","data":{"errors":"<pre class=sf-dump id=sf-dump-1489643427 data-indent-pad=\"  \"><span class=sf-dump-note>Illuminate\\Support\\ViewErrorBag</span> {<a class=sf-dump-ref>#266</a><samp data-depth=1 class=sf-dump-expanded>
  #<span class=sf-dump-protected title=\"Protected property\">bags</span>: []
</samp>}
</pre><script>Sfdump(\"sf-dump-1489643427\", {\"maxDepth\":3,\"maxStringLength\":160})</script>
"}},"userId":1,"exception":"[object] (Spatie\\LaravelIgnition\\Exceptions\\ViewException(code: 0): Unclosed '(' does not match '}' at D:/xampp/htdocs/gatewaybooks/resources/views/admin/user_profile/profile.blade.php:14)
[stacktrace]
#0 D:/xampp/htdocs/gatewaybooks/vendor/laravel/framework/src/Illuminate/Filesystem/Filesystem.php(124): Illuminate/Filesystem/Filesystem::Illuminate/Filesystem/{closure}()
#1 D:/xampp/htdocs/gatewaybooks/vendor/laravel/framework/src/Illuminate/View/Engines/PhpEngine.php(58): Illuminate/Filesystem/Filesystem->getRequire('D://xampp//htdocs...', Array)
#2 D:/xampp/htdocs/gatewaybooks/vendor/laravel/framework/src/Illuminate/View/Engines/CompilerEngine.php(72): Illuminate/View/Engines/PhpEngine->evaluatePath('D://xampp//htdocs...', Array)
#3 D:/xampp/htdocs/gatewaybooks/vendor/laravel/framework/src/Illuminate/View/View.php(207): Illuminate/View/Engines/CompilerEngine->get('D://xampp//htdocs...', Array)
#4 D:/xampp/htdocs/gatewaybooks/vendor/laravel/framework/src/Illuminate/View/View.php(190): Illuminate/View/View->getContents()
#5 D:/xampp/htdocs/gatewaybooks/vendor/laravel/framework/src/Illuminate/View/View.php(159): Illuminate/View/View->renderContents()
#6 D:/xampp/htdocs/gatewaybooks/vendor/laravel/framework/src/Illuminate/Http/Response.php(69): Illuminate/View/View->render()
#7 D:/xampp/htdocs/gatewaybooks/vendor/laravel/framework/src/Illuminate/Http/Response.php(35): Illuminate/Http/Response->setContent(Object(Illuminate/View/View))
#8 D:/xampp/htdocs/gatewaybooks/vendor/laravel/framework/src/Illuminate/Routing/Router.php(918): Illuminate/Http/Response->__construct(Object(Illuminate/View/View), 200, Array)
#9 D:/xampp/htdocs/gatewaybooks/vendor/laravel/framework/src/Illuminate/Routing/Router.php(885): Illuminate/Routing/Router::toResponse(Object(Illuminate/Http/Request), Object(Illuminate/View/View))
#10 D:/xampp/htdocs/gatewaybooks/vendor/laravel/framework/src/Illuminate/Routing/Router.php(806): Illuminate/Routing/Router->prepareResponse(Object(Illuminate/Http/Request), Object(Illuminate/View/View))
#11 D:/xampp/htdocs/gatewaybooks/vendor/laravel/framework/src/Illuminate/Pipeline/Pipeline.php(144): Illuminate/Routing/Router->Illuminate/Routing/{closure}(Object(Illuminate/Http/Request))
#12 D:/xampp/htdocs/gatewaybooks/vendor/laravel/framework/src/Illuminate/Routing/Middleware/SubstituteBindings.php(50): Illuminate/Pipeline/Pipeline->Illuminate/Pipeline/{closure}(Object(Illuminate/Http/Request))
#13 D:/xampp/htdocs/gatewaybooks/vendor/laravel/framework/src/Illuminate/Pipeline/Pipeline.php(183): Illuminate/Routing/Middleware/SubstituteBindings->handle(Object(Illuminate/Http/Request), Object(Closure))
#14 D:/xampp/htdocs/gatewaybooks/vendor/laravel/framework/src/Illuminate/Auth/Middleware/Authenticate.php(57): Illuminate/Pipeline/Pipeline->Illuminate/Pipeline/{closure}(Object(Illuminate/Http/Request))
#15 D:/xampp/htdocs/gatewaybooks/vendor/laravel/framework/src/Illuminate/Pipeline/Pipeline.php(183): Illuminate/Auth/Middleware/Authenticate->handle(Object(Illuminate/Http/Request), Object(Closure))
#16 D:/xampp/htdocs/gatewaybooks/vendor/laravel/framework/src/Illuminate/Foundation/Http/Middleware/VerifyCsrfToken.php(78): Illuminate/Pipeline/Pipeline->Illuminate/Pipeline/{closure}(Object(Illuminate/Http/Request))
#17 D:/xampp/htdocs/gatewaybooks/vendor/laravel/framework/src/Illuminate/Pipeline/Pipeline.php(183): Illuminate/Foundation/Http/Middleware/VerifyCsrfToken->handle(Object(Illuminate/Http/Request), Object(Closure))
#18 D:/xampp/htdocs/gatewaybooks/vendor/laravel/framework/src/Illuminate/View/Middleware/ShareErrorsFromSession.php(49): Illuminate/Pipeline/Pipeline->Illuminate/Pipeline/{closure}(Object(Illuminate/Http/Request))
#19 D:/xampp/htdocs/gatewaybooks/vendor/laravel/framework/src/Illuminate/Pipeline/Pipeline.php(183): Illuminate/View/Middleware/ShareErrorsFromSession->handle(Object(Illuminate/Http/Request), Object(Closure))
#20 D:/xampp/htdocs/gatewaybooks/vendor/laravel/framework/src/Illuminate/Session/Middleware/StartSession.php(121): Illuminate/Pipeline/Pipeline->Illuminate/Pipeline/{closure}(Object(Illuminate/Http/Request))
#21 D:/xampp/htdocs/gatewaybooks/vendor/laravel/framework/src/Illuminate/Session/Middleware/StartSession.php(64): Illuminate/Session/Middleware/StartSession->handleStatefulRequest(Object(Illuminate/Http/Request), Object(Illuminate/Session/Store), Object(Closure))
#22 D:/xampp/htdocs/gatewaybooks/vendor/laravel/framework/src/Illuminate/Pipeline/Pipeline.php(183): Illuminate/Session/Middleware/StartSession->handle(Object(Illuminate/Http/Request), Object(Closure))
#23 D:/xampp/htdocs/gatewaybooks/vendor/laravel/framework/src/Illuminate/Cookie/Middleware/AddQueuedCookiesToResponse.php(37): Illuminate/Pipeline/Pipeline->Illuminate/Pipeline/{closure}(Object(Illuminate/Http/Request))
#24 D:/xampp/htdocs/gatewaybooks/vendor/laravel/framework/src/Illuminate/Pipeline/Pipeline.php(183): Illuminate/Cookie/Middleware/AddQueuedCookiesToResponse->handle(Object(Illuminate/Http/Request), Object(Closure))
#25 D:/xampp/htdocs/gatewaybooks/vendor/laravel/framework/src/Illuminate/Cookie/Middleware/EncryptCookies.php(67): Illuminate/Pipeline/Pipeline->Illuminate/Pipeline/{closure}(Object(Illuminate/Http/Request))
#26 D:/xampp/htdocs/gatewaybooks/vendor/laravel/framework/src/Illuminate/Pipeline/Pipeline.php(183): Illuminate/Cookie/Middleware/EncryptCookies->handle(Object(Illuminate/Http/Request), Object(Closure))
#27 D:/xampp/htdocs/gatewaybooks/vendor/laravel/framework/src/Illuminate/Pipeline/Pipeline.php(119): Illuminate/Pipeline/Pipeline->Illuminate/Pipeline/{closure}(Object(Illuminate/Http/Request))
#28 D:/xampp/htdocs/gatewaybooks/vendor/laravel/framework/src/Illuminate/Routing/Router.php(807): Illuminate/Pipeline/Pipeline->then(Object(Closure))
#29 D:/xampp/htdocs/gatewaybooks/vendor/laravel/framework/src/Illuminate/Routing/Router.php(784): Illuminate/Routing/Router->runRouteWithinStack(Object(Illuminate/Routing/Route), Object(Illuminate/Http/Request))
#30 D:/xampp/htdocs/gatewaybooks/vendor/laravel/framework/src/Illuminate/Routing/Router.php(748): Illuminate/Routing/Router->runRoute(Object(Illuminate/Http/Request), Object(Illuminate/Routing/Route))
#31 D:/xampp/htdocs/gatewaybooks/vendor/laravel/framework/src/Illuminate/Routing/Router.php(737): Illuminate/Routing/Router->dispatchToRoute(Object(Illuminate/Http/Request))
#32 D:/xampp/htdocs/gatewaybooks/vendor/laravel/framework/src/Illuminate/Foundation/Http/Kernel.php(200): Illuminate/Routing/Router->dispatch(Object(Illuminate/Http/Request))
#33 D:/xampp/htdocs/gatewaybooks/vendor/laravel/framework/src/Illuminate/Pipeline/Pipeline.php(144): Illuminate/Foundation/Http/Kernel->Illuminate/Foundation/Http/{closure}(Object(Illuminate/Http/Request))
#34 D:/xampp/htdocs/gatewaybooks/vendor/laravel/framework/src/Illuminate/Foundation/Http/Middleware/TransformsRequest.php(21): Illuminate/Pipeline/Pipeline->Illuminate/Pipeline/{closure}(Object(Illuminate/Http/Request))
#35 D:/xampp/htdocs/gatewaybooks/vendor/laravel/framework/src/Illuminate/Foundation/Http/Middleware/ConvertEmptyStringsToNull.php(31): Illuminate/Foundation/Http/Middleware/TransformsRequest->handle(Object(Illuminate/Http/Request), Object(Closure))
#36 D:/xampp/htdocs/gatewaybooks/vendor/laravel/framework/src/Illuminate/Pipeline/Pipeline.php(183): Illuminate/Foundation/Http/Middleware/ConvertEmptyStringsToNull->handle(Object(Illuminate/Http/Request), Object(Closure))
#37 D:/xampp/htdocs/gatewaybooks/vendor/laravel/framework/src/Illuminate/Foundation/Http/Middleware/TransformsRequest.php(21): Illuminate/Pipeline/Pipeline->Illuminate/Pipeline/{closure}(Object(Illuminate/Http/Request))
#38 D:/xampp/htdocs/gatewaybooks/vendor/laravel/framework/src/Illuminate/Foundation/Http/Middleware/TrimStrings.php(40): Illuminate/Foundation/Http/Middleware/TransformsRequest->handle(Object(Illuminate/Http/Request), Object(Closure))
#39 D:/xampp/htdocs/gatewaybooks/vendor/laravel/framework/src/Illuminate/Pipeline/Pipeline.php(183): Illuminate/Foundation/Http/Middleware/TrimStrings->handle(Object(Illuminate/Http/Request), Object(Closure))
#40 D:/xampp/htdocs/gatewaybooks/vendor/laravel/framework/src/Illuminate/Foundation/Http/Middleware/ValidatePostSize.php(27): Illuminate/Pipeline/Pipeline->Illuminate/Pipeline/{closure}(Object(Illuminate/Http/Request))
#41 D:/xampp/htdocs/gatewaybooks/vendor/laravel/framework/src/Illuminate/Pipeline/Pipeline.php(183): Illuminate/Foundation/Http/Middleware/ValidatePostSize->handle(Object(Illuminate/Http/Request), Object(Closure))
#42 D:/xampp/htdocs/gatewaybooks/vendor/laravel/framework/src/Illuminate/Foundation/Http/Middleware/PreventRequestsDuringMaintenance.php(99): Illuminate/Pipeline/Pipeline->Illuminate/Pipeline/{closure}(Object(Illuminate/Http/Request))
#43 D:/xampp/htdocs/gatewaybooks/vendor/laravel/framework/src/Illuminate/Pipeline/Pipeline.php(183): Illuminate/Foundation/Http/Middleware/PreventRequestsDuringMaintenance->handle(Object(Illuminate/Http/Request), Object(Closure))
#44 D:/xampp/htdocs/gatewaybooks/vendor/laravel/framework/src/Illuminate/Http/Middleware/HandleCors.php(49): Illuminate/Pipeline/Pipeline->Illuminate/Pipeline/{closure}(Object(Illuminate/Http/Request))
#45 D:/xampp/htdocs/gatewaybooks/vendor/laravel/framework/src/Illuminate/Pipeline/Pipeline.php(183): Illuminate/Http/Middleware/HandleCors->handle(Object(Illuminate/Http/Request), Object(Closure))
#46 D:/xampp/htdocs/gatewaybooks/vendor/laravel/framework/src/Illuminate/Http/Middleware/TrustProxies.php(39): Illuminate/Pipeline/Pipeline->Illuminate/Pipeline/{closure}(Object(Illuminate/Http/Request))
#47 D:/xampp/htdocs/gatewaybooks/vendor/laravel/framework/src/Illuminate/Pipeline/Pipeline.php(183): Illuminate/Http/Middleware/TrustProxies->handle(Object(Illuminate/Http/Request), Object(Closure))
#48 D:/xampp/htdocs/gatewaybooks/vendor/laravel/framework/src/Illuminate/Pipeline/Pipeline.php(119): Illuminate/Pipeline/Pipeline->Illuminate/Pipeline/{closure}(Object(Illuminate/Http/Request))
#49 D:/xampp/htdocs/gatewaybooks/vendor/laravel/framework/src/Illuminate/Foundation/Http/Kernel.php(175): Illuminate/Pipeline/Pipeline->then(Object(Closure))
#50 D:/xampp/htdocs/gatewaybooks/vendor/laravel/framework/src/Illuminate/Foundation/Http/Kernel.php(144): Illuminate/Foundation/Http/Kernel->sendRequestThroughRouter(Object(Illuminate/Http/Request))
#51 D:/xampp/htdocs/gatewaybooks/public/index.php(52): Illuminate/Foundation/Http/Kernel->handle(Object(Illuminate/Http/Request))
#52 D:/xampp/htdocs/gatewaybooks/vendor/laravel/framework/src/Illuminate/Foundation/resources/server.php(16): require_once('D://xampp//htdocs...')
#53 {main}

[previous exception] [object] (ParseError(code: 0): Unclosed '(' does not match '}' at D:/xampp/htdocs/gatewaybooks/storage/framework/views/ae021b66592bb948b3e5e04054c60eaf.php:15)
[stacktrace]
#0 D:/xampp/htdocs/gatewaybooks/vendor/laravel/framework/src/Illuminate/Filesystem/Filesystem.php(124): Illuminate/Filesystem/Filesystem::Illuminate/Filesystem/{closure}()
#1 D:/xampp/htdocs/gatewaybooks/vendor/laravel/framework/src/Illuminate/View/Engines/PhpEngine.php(58): Illuminate/Filesystem/Filesystem->getRequire('D://xampp//htdocs...', Array)
#2 D:/xampp/htdocs/gatewaybooks/vendor/laravel/framework/src/Illuminate/View/Engines/CompilerEngine.php(72): Illuminate/View/Engines/PhpEngine->evaluatePath('D://xampp//htdocs...', Array)
#3 D:/xampp/htdocs/gatewaybooks/vendor/laravel/framework/src/Illuminate/View/View.php(207): Illuminate/View/Engines/CompilerEngine->get('D://xampp//htdocs...', Array)
#4 D:/xampp/htdocs/gatewaybooks/vendor/laravel/framework/src/Illuminate/View/View.php(190): Illuminate/View/View->getContents()
#5 D:/xampp/htdocs/gatewaybooks/vendor/laravel/framework/src/Illuminate/View/View.php(159): Illuminate/View/View->renderContents()
#6 D:/xampp/htdocs/gatewaybooks/vendor/laravel/framework/src/Illuminate/Http/Response.php(69): Illuminate/View/View->render()
#7 D:/xampp/htdocs/gatewaybooks/vendor/laravel/framework/src/Illuminate/Http/Response.php(35): Illuminate/Http/Response->setContent(Object(Illuminate/View/View))
#8 D:/xampp/htdocs/gatewaybooks/vendor/laravel/framework/src/Illuminate/Routing/Router.php(918): Illuminate/Http/Response->__construct(Object(Illuminate/View/View), 200, Array)
#9 D:/xampp/htdocs/gatewaybooks/vendor/laravel/framework/src/Illuminate/Routing/Router.php(885): Illuminate/Routing/Router::toResponse(Object(Illuminate/Http/Request), Object(Illuminate/View/View))
#10 D:/xampp/htdocs/gatewaybooks/vendor/laravel/framework/src/Illuminate/Routing/Router.php(806): Illuminate/Routing/Router->prepareResponse(Object(Illuminate/Http/Request), Object(Illuminate/View/View))
#11 D:/xampp/htdocs/gatewaybooks/vendor/laravel/framework/src/Illuminate/Pipeline/Pipeline.php(144): Illuminate/Routing/Router->Illuminate/Routing/{closure}(Object(Illuminate/Http/Request))
#12 D:/xampp/htdocs/gatewaybooks/vendor/laravel/framework/src/Illuminate/Routing/Middleware/SubstituteBindings.php(50): Illuminate/Pipeline/Pipeline->Illuminate/Pipeline/{closure}(Object(Illuminate/Http/Request))
#13 D:/xampp/htdocs/gatewaybooks/vendor/laravel/framework/src/Illuminate/Pipeline/Pipeline.php(183): Illuminate/Routing/Middleware/SubstituteBindings->handle(Object(Illuminate/Http/Request), Object(Closure))
#14 D:/xampp/htdocs/gatewaybooks/vendor/laravel/framework/src/Illuminate/Auth/Middleware/Authenticate.php(57): Illuminate/Pipeline/Pipeline->Illuminate/Pipeline/{closure}(Object(Illuminate/Http/Request))
#15 D:/xampp/htdocs/gatewaybooks/vendor/laravel/framework/src/Illuminate/Pipeline/Pipeline.php(183): Illuminate/Auth/Middleware/Authenticate->handle(Object(Illuminate/Http/Request), Object(Closure))
#16 D:/xampp/htdocs/gatewaybooks/vendor/laravel/framework/src/Illuminate/Foundation/Http/Middleware/VerifyCsrfToken.php(78): Illuminate/Pipeline/Pipeline->Illuminate/Pipeline/{closure}(Object(Illuminate/Http/Request))
#17 D:/xampp/htdocs/gatewaybooks/vendor/laravel/framework/src/Illuminate/Pipeline/Pipeline.php(183): Illuminate/Foundation/Http/Middleware/VerifyCsrfToken->handle(Object(Illuminate/Http/Request), Object(Closure))
#18 D:/xampp/htdocs/gatewaybooks/vendor/laravel/framework/src/Illuminate/View/Middleware/ShareErrorsFromSession.php(49): Illuminate/Pipeline/Pipeline->Illuminate/Pipeline/{closure}(Object(Illuminate/Http/Request))
#19 D:/xampp/htdocs/gatewaybooks/vendor/laravel/framework/src/Illuminate/Pipeline/Pipeline.php(183): Illuminate/View/Middleware/ShareErrorsFromSession->handle(Object(Illuminate/Http/Request), Object(Closure))
#20 D:/xampp/htdocs/gatewaybooks/vendor/laravel/framework/src/Illuminate/Session/Middleware/StartSession.php(121): Illuminate/Pipeline/Pipeline->Illuminate/Pipeline/{closure}(Object(Illuminate/Http/Request))
#21 D:/xampp/htdocs/gatewaybooks/vendor/laravel/framework/src/Illuminate/Session/Middleware/StartSession.php(64): Illuminate/Session/Middleware/StartSession->handleStatefulRequest(Object(Illuminate/Http/Request), Object(Illuminate/Session/Store), Object(Closure))
#22 D:/xampp/htdocs/gatewaybooks/vendor/laravel/framework/src/Illuminate/Pipeline/Pipeline.php(183): Illuminate/Session/Middleware/StartSession->handle(Object(Illuminate/Http/Request), Object(Closure))
#23 D:/xampp/htdocs/gatewaybooks/vendor/laravel/framework/src/Illuminate/Cookie/Middleware/AddQueuedCookiesToResponse.php(37): Illuminate/Pipeline/Pipeline->Illuminate/Pipeline/{closure}(Object(Illuminate/Http/Request))
#24 D:/xampp/htdocs/gatewaybooks/vendor/laravel/framework/src/Illuminate/Pipeline/Pipeline.php(183): Illuminate/Cookie/Middleware/AddQueuedCookiesToResponse->handle(Object(Illuminate/Http/Request), Object(Closure))
#25 D:/xampp/htdocs/gatewaybooks/vendor/laravel/framework/src/Illuminate/Cookie/Middleware/EncryptCookies.php(67): Illuminate/Pipeline/Pipeline->Illuminate/Pipeline/{closure}(Object(Illuminate/Http/Request))
#26 D:/xampp/htdocs/gatewaybooks/vendor/laravel/framework/src/Illuminate/Pipeline/Pipeline.php(183): Illuminate/Cookie/Middleware/EncryptCookies->handle(Object(Illuminate/Http/Request), Object(Closure))
#27 D:/xampp/htdocs/gatewaybooks/vendor/laravel/framework/src/Illuminate/Pipeline/Pipeline.php(119): Illuminate/Pipeline/Pipeline->Illuminate/Pipeline/{closure}(Object(Illuminate/Http/Request))
#28 D:/xampp/htdocs/gatewaybooks/vendor/laravel/framework/src/Illuminate/Routing/Router.php(807): Illuminate/Pipeline/Pipeline->then(Object(Closure))
#29 D:/xampp/htdocs/gatewaybooks/vendor/laravel/framework/src/Illuminate/Routing/Router.php(784): Illuminate/Routing/Router->runRouteWithinStack(Object(Illuminate/Routing/Route), Object(Illuminate/Http/Request))
#30 D:/xampp/htdocs/gatewaybooks/vendor/laravel/framework/src/Illuminate/Routing/Router.php(748): Illuminate/Routing/Router->runRoute(Object(Illuminate/Http/Request), Object(Illuminate/Routing/Route))
#31 D:/xampp/htdocs/gatewaybooks/vendor/laravel/framework/src/Illuminate/Routing/Router.php(737): Illuminate/Routing/Router->dispatchToRoute(Object(Illuminate/Http/Request))
#32 D:/xampp/htdocs/gatewaybooks/vendor/laravel/framework/src/Illuminate/Foundation/Http/Kernel.php(200): Illuminate/Routing/Router->dispatch(Object(Illuminate/Http/Request))
#33 D:/xampp/htdocs/gatewaybooks/vendor/laravel/framework/src/Illuminate/Pipeline/Pipeline.php(144): Illuminate/Foundation/Http/Kernel->Illuminate/Foundation/Http/{closure}(Object(Illuminate/Http/Request))
#34 D:/xampp/htdocs/gatewaybooks/vendor/laravel/framework/src/Illuminate/Foundation/Http/Middleware/TransformsRequest.php(21): Illuminate/Pipeline/Pipeline->Illuminate/Pipeline/{closure}(Object(Illuminate/Http/Request))
#35 D:/xampp/htdocs/gatewaybooks/vendor/laravel/framework/src/Illuminate/Foundation/Http/Middleware/ConvertEmptyStringsToNull.php(31): Illuminate/Foundation/Http/Middleware/TransformsRequest->handle(Object(Illuminate/Http/Request), Object(Closure))
#36 D:/xampp/htdocs/gatewaybooks/vendor/laravel/framework/src/Illuminate/Pipeline/Pipeline.php(183): Illuminate/Foundation/Http/Middleware/ConvertEmptyStringsToNull->handle(Object(Illuminate/Http/Request), Object(Closure))
#37 D:/xampp/htdocs/gatewaybooks/vendor/laravel/framework/src/Illuminate/Foundation/Http/Middleware/TransformsRequest.php(21): Illuminate/Pipeline/Pipeline->Illuminate/Pipeline/{closure}(Object(Illuminate/Http/Request))
#38 D:/xampp/htdocs/gatewaybooks/vendor/laravel/framework/src/Illuminate/Foundation/Http/Middleware/TrimStrings.php(40): Illuminate/Foundation/Http/Middleware/TransformsRequest->handle(Object(Illuminate/Http/Request), Object(Closure))
#39 D:/xampp/htdocs/gatewaybooks/vendor/laravel/framework/src/Illuminate/Pipeline/Pipeline.php(183): Illuminate/Foundation/Http/Middleware/TrimStrings->handle(Object(Illuminate/Http/Request), Object(Closure))
#40 D:/xampp/htdocs/gatewaybooks/vendor/laravel/framework/src/Illuminate/Foundation/Http/Middleware/ValidatePostSize.php(27): Illuminate/Pipeline/Pipeline->Illuminate/Pipeline/{closure}(Object(Illuminate/Http/Request))
#41 D:/xampp/htdocs/gatewaybooks/vendor/laravel/framework/src/Illuminate/Pipeline/Pipeline.php(183): Illuminate/Foundation/Http/Middleware/ValidatePostSize->handle(Object(Illuminate/Http/Request), Object(Closure))
#42 D:/xampp/htdocs/gatewaybooks/vendor/laravel/framework/src/Illuminate/Foundation/Http/Middleware/PreventRequestsDuringMaintenance.php(99): Illuminate/Pipeline/Pipeline->Illuminate/Pipeline/{closure}(Object(Illuminate/Http/Request))
#43 D:/xampp/htdocs/gatewaybooks/vendor/laravel/framework/src/Illuminate/Pipeline/Pipeline.php(183): Illuminate/Foundation/Http/Middleware/PreventRequestsDuringMaintenance->handle(Object(Illuminate/Http/Request), Object(Closure))
#44 D:/xampp/htdocs/gatewaybooks/vendor/laravel/framework/src/Illuminate/Http/Middleware/HandleCors.php(49): Illuminate/Pipeline/Pipeline->Illuminate/Pipeline/{closure}(Object(Illuminate/Http/Request))
#45 D:/xampp/htdocs/gatewaybooks/vendor/laravel/framework/src/Illuminate/Pipeline/Pipeline.php(183): Illuminate/Http/Middleware/HandleCors->handle(Object(Illuminate/Http/Request), Object(Closure))
#46 D:/xampp/htdocs/gatewaybooks/vendor/laravel/framework/src/Illuminate/Http/Middleware/TrustProxies.php(39): Illuminate/Pipeline/Pipeline->Illuminate/Pipeline/{closure}(Object(Illuminate/Http/Request))
#47 D:/xampp/htdocs/gatewaybooks/vendor/laravel/framework/src/Illuminate/Pipeline/Pipeline.php(183): Illuminate/Http/Middleware/TrustProxies->handle(Object(Illuminate/Http/Request), Object(Closure))
#48 D:/xampp/htdocs/gatewaybooks/vendor/laravel/framework/src/Illuminate/Pipeline/Pipeline.php(119): Illuminate/Pipeline/Pipeline->Illuminate/Pipeline/{closure}(Object(Illuminate/Http/Request))
#49 D:/xampp/htdocs/gatewaybooks/vendor/laravel/framework/src/Illuminate/Foundation/Http/Kernel.php(175): Illuminate/Pipeline/Pipeline->then(Object(Closure))
#50 D:/xampp/htdocs/gatewaybooks/vendor/laravel/framework/src/Illuminate/Foundation/Http/Kernel.php(144): Illuminate/Foundation/Http/Kernel->sendRequestThroughRouter(Object(Illuminate/Http/Request))
#51 D:/xampp/htdocs/gatewaybooks/public/index.php(52): Illuminate/Foundation/Http/Kernel->handle(Object(Illuminate/Http/Request))
#52 D:/xampp/htdocs/gatewaybooks/vendor/laravel/framework/src/Illuminate/Foundation/resources/server.php(16): require_once('D://xampp//htdocs...')
#53 {main}
"} 
[2026-09-03 16:18:18] local.ERROR: Unclosed '(' does not match '}' {"view":{"view":"D:\\xampp\\htdocs\\gatewaybooks\\resources\\views\\admin\\user_profile\\profile.blade.php","data":{"errors":"<pre class=sf-dump id=sf-dump-1384622096 data-indent-pad=\"  \"><span class=sf-dump-note>Illuminate\\Support\\ViewErrorBag</span> {<a class=sf-dump-ref>#266</a><samp data-depth=1 class=sf-dump-expanded>
  #<span class=sf-dump-protected title=\"Protected property\">bags</span>: []
</samp>}
</pre><script>Sfdump(\"sf-dump-1384622096\", {\"maxDepth\":3,\"maxStringLength\":160})</script>
"}},"userId":1,"exception":"[object] (Spatie\\LaravelIgnition\\Exceptions\\ViewException(code: 0): Unclosed '(' does not match '}' at D:/xampp/htdocs/gatewaybooks/resources/views/admin/user_profile/profile.blade.php:14)
[stacktrace]
#0 D:/xampp/htdocs/gatewaybooks/vendor/laravel/framework/src/Illuminate/Filesystem/Filesystem.php(124): Illuminate/Filesystem/Filesystem::Illuminate/Filesystem/{closure}()
#1 D:/xampp/htdocs/gatewaybooks/vendor/laravel/framework/src/Illuminate/View/Engines/PhpEngine.php(58): Illuminate/Filesystem/Filesystem->getRequire('D://xampp//htdocs...', Array)
#2 D:/xampp/htdocs/gatewaybooks/vendor/laravel/framework/src/Illuminate/View/Engines/CompilerEngine.php(72): Illuminate/View/Engines/PhpEngine->evaluatePath('D://xampp//htdocs...', Array)
#3 D:/xampp/htdocs/gatewaybooks/vendor/laravel/framework/src/Illuminate/View/View.php(207): Illuminate/View/Engines/CompilerEngine->get('D://xampp//htdocs...', Array)
#4 D:/xampp/htdocs/gatewaybooks/vendor/laravel/framework/src/Illuminate/View/View.php(190): Illuminate/View/View->getContents()
#5 D:/xampp/htdocs/gatewaybooks/vendor/laravel/framework/src/Illuminate/View/View.php(159): Illuminate/View/View->renderContents()
#6 D:/xampp/htdocs/gatewaybooks/vendor/laravel/framework/src/Illuminate/Http/Response.php(69): Illuminate/View/View->render()
#7 D:/xampp/htdocs/gatewaybooks/vendor/laravel/framework/src/Illuminate/Http/Response.php(35): Illuminate/Http/Response->setContent(Object(Illuminate/View/View))
#8 D:/xampp/htdocs/gatewaybooks/vendor/laravel/framework/src/Illuminate/Routing/Router.php(918): Illuminate/Http/Response->__construct(Object(Illuminate/View/View), 200, Array)
#9 D:/xampp/htdocs/gatewaybooks/vendor/laravel/framework/src/Illuminate/Routing/Router.php(885): Illuminate/Routing/Router::toResponse(Object(Illuminate/Http/Request), Object(Illuminate/View/View))
#10 D:/xampp/htdocs/gatewaybooks/vendor/laravel/framework/src/Illuminate/Routing/Router.php(806): Illuminate/Routing/Router->prepareResponse(Object(Illuminate/Http/Request), Object(Illuminate/View/View))
#11 D:/xampp/htdocs/gatewaybooks/vendor/laravel/framework/src/Illuminate/Pipeline/Pipeline.php(144): Illuminate/Routing/Router->Illuminate/Routing/{closure}(Object(Illuminate/Http/Request))
#12 D:/xampp/htdocs/gatewaybooks/vendor/laravel/framework/src/Illuminate/Routing/Middleware/SubstituteBindings.php(50): Illuminate/Pipeline/Pipeline->Illuminate/Pipeline/{closure}(Object(Illuminate/Http/Request))
#13 D:/xampp/htdocs/gatewaybooks/vendor/laravel/framework/src/Illuminate/Pipeline/Pipeline.php(183): Illuminate/Routing/Middleware/SubstituteBindings->handle(Object(Illuminate/Http/Request), Object(Closure))
#14 D:/xampp/htdocs/gatewaybooks/vendor/laravel/framework/src/Illuminate/Auth/Middleware/Authenticate.php(57): Illuminate/Pipeline/Pipeline->Illuminate/Pipeline/{closure}(Object(Illuminate/Http/Request))
#15 D:/xampp/htdocs/gatewaybooks/vendor/laravel/framework/src/Illuminate/Pipeline/Pipeline.php(183): Illuminate/Auth/Middleware/Authenticate->handle(Object(Illuminate/Http/Request), Object(Closure))
#16 D:/xampp/htdocs/gatewaybooks/vendor/laravel/framework/src/Illuminate/Foundation/Http/Middleware/VerifyCsrfToken.php(78): Illuminate/Pipeline/Pipeline->Illuminate/Pipeline/{closure}(Object(Illuminate/Http/Request))
#17 D:/xampp/htdocs/gatewaybooks/vendor/laravel/framework/src/Illuminate/Pipeline/Pipeline.php(183): Illuminate/Foundation/Http/Middleware/VerifyCsrfToken->handle(Object(Illuminate/Http/Request), Object(Closure))
#18 D:/xampp/htdocs/gatewaybooks/vendor/laravel/framework/src/Illuminate/View/Middleware/ShareErrorsFromSession.php(49): Illuminate/Pipeline/Pipeline->Illuminate/Pipeline/{closure}(Object(Illuminate/Http/Request))
#19 D:/xampp/htdocs/gatewaybooks/vendor/laravel/framework/src/Illuminate/Pipeline/Pipeline.php(183): Illuminate/View/Middleware/ShareErrorsFromSession->handle(Object(Illuminate/Http/Request), Object(Closure))
#20 D:/xampp/htdocs/gatewaybooks/vendor/laravel/framework/src/Illuminate/Session/Middleware/StartSession.php(121): Illuminate/Pipeline/Pipeline->Illuminate/Pipeline/{closure}(Object(Illuminate/Http/Request))
#21 D:/xampp/htdocs/gatewaybooks/vendor/laravel/framework/src/Illuminate/Session/Middleware/StartSession.php(64): Illuminate/Session/Middleware/StartSession->handleStatefulRequest(Object(Illuminate/Http/Request), Object(Illuminate/Session/Store), Object(Closure))
#22 D:/xampp/htdocs/gatewaybooks/vendor/laravel/framework/src/Illuminate/Pipeline/Pipeline.php(183): Illuminate/Session/Middleware/StartSession->handle(Object(Illuminate/Http/Request), Object(Closure))
#23 D:/xampp/htdocs/gatewaybooks/vendor/laravel/framework/src/Illuminate/Cookie/Middleware/AddQueuedCookiesToResponse.php(37): Illuminate/Pipeline/Pipeline->Illuminate/Pipeline/{closure}(Object(Illuminate/Http/Request))
#24 D:/xampp/htdocs/gatewaybooks/vendor/laravel/framework/src/Illuminate/Pipeline/Pipeline.php(183): Illuminate/Cookie/Middleware/AddQueuedCookiesToResponse->handle(Object(Illuminate/Http/Request), Object(Closure))
#25 D:/xampp/htdocs/gatewaybooks/vendor/laravel/framework/src/Illuminate/Cookie/Middleware/EncryptCookies.php(67): Illuminate/Pipeline/Pipeline->Illuminate/Pipeline/{closure}(Object(Illuminate/Http/Request))
#26 D:/xampp/htdocs/gatewaybooks/vendor/laravel/framework/src/Illuminate/Pipeline/Pipeline.php(183): Illuminate/Cookie/Middleware/EncryptCookies->handle(Object(Illuminate/Http/Request), Object(Closure))
#27 D:/xampp/htdocs/gatewaybooks/vendor/laravel/framework/src/Illuminate/Pipeline/Pipeline.php(119): Illuminate/Pipeline/Pipeline->Illuminate/Pipeline/{closure}(Object(Illuminate/Http/Request))
#28 D:/xampp/htdocs/gatewaybooks/vendor/laravel/framework/src/Illuminate/Routing/Router.php(807): Illuminate/Pipeline/Pipeline->then(Object(Closure))
#29 D:/xampp/htdocs/gatewaybooks/vendor/laravel/framework/src/Illuminate/Routing/Router.php(784): Illuminate/Routing/Router->runRouteWithinStack(Object(Illuminate/Routing/Route), Object(Illuminate/Http/Request))
#30 D:/xampp/htdocs/gatewaybooks/vendor/laravel/framework/src/Illuminate/Routing/Router.php(748): Illuminate/Routing/Router->runRoute(Object(Illuminate/Http/Request), Object(Illuminate/Routing/Route))
#31 D:/xampp/htdocs/gatewaybooks/vendor/laravel/framework/src/Illuminate/Routing/Router.php(737): Illuminate/Routing/Router->dispatchToRoute(Object(Illuminate/Http/Request))
#32 D:/xampp/htdocs/gatewaybooks/vendor/laravel/framework/src/Illuminate/Foundation/Http/Kernel.php(200): Illuminate/Routing/Router->dispatch(Object(Illuminate/Http/Request))
#33 D:/xampp/htdocs/gatewaybooks/vendor/laravel/framework/src/Illuminate/Pipeline/Pipeline.php(144): Illuminate/Foundation/Http/Kernel->Illuminate/Foundation/Http/{closure}(Object(Illuminate/Http/Request))
#34 D:/xampp/htdocs/gatewaybooks/vendor/laravel/framework/src/Illuminate/Foundation/Http/Middleware/TransformsRequest.php(21): Illuminate/Pipeline/Pipeline->Illuminate/Pipeline/{closure}(Object(Illuminate/Http/Request))
#35 D:/xampp/htdocs/gatewaybooks/vendor/laravel/framework/src/Illuminate/Foundation/Http/Middleware/ConvertEmptyStringsToNull.php(31): Illuminate/Foundation/Http/Middleware/TransformsRequest->handle(Object(Illuminate/Http/Request), Object(Closure))
#36 D:/xampp/htdocs/gatewaybooks/vendor/laravel/framework/src/Illuminate/Pipeline/Pipeline.php(183): Illuminate/Foundation/Http/Middleware/ConvertEmptyStringsToNull->handle(Object(Illuminate/Http/Request), Object(Closure))
#37 D:/xampp/htdocs/gatewaybooks/vendor/laravel/framework/src/Illuminate/Foundation/Http/Middleware/TransformsRequest.php(21): Illuminate/Pipeline/Pipeline->Illuminate/Pipeline/{closure}(Object(Illuminate/Http/Request))
#38 D:/xampp/htdocs/gatewaybooks/vendor/laravel/framework/src/Illuminate/Foundation/Http/Middleware/TrimStrings.php(40): Illuminate/Foundation/Http/Middleware/TransformsRequest->handle(Object(Illuminate/Http/Request), Object(Closure))
#39 D:/xampp/htdocs/gatewaybooks/vendor/laravel/framework/src/Illuminate/Pipeline/Pipeline.php(183): Illuminate/Foundation/Http/Middleware/TrimStrings->handle(Object(Illuminate/Http/Request), Object(Closure))
#40 D:/xampp/htdocs/gatewaybooks/vendor/laravel/framework/src/Illuminate/Foundation/Http/Middleware/ValidatePostSize.php(27): Illuminate/Pipeline/Pipeline->Illuminate/Pipeline/{closure}(Object(Illuminate/Http/Request))
#41 D:/xampp/htdocs/gatewaybooks/vendor/laravel/framework/src/Illuminate/Pipeline/Pipeline.php(183): Illuminate/Foundation/Http/Middleware/ValidatePostSize->handle(Object(Illuminate/Http/Request), Object(Closure))
#42 D:/xampp/htdocs/gatewaybooks/vendor/laravel/framework/src/Illuminate/Foundation/Http/Middleware/PreventRequestsDuringMaintenance.php(99): Illuminate/Pipeline/Pipeline->Illuminate/Pipeline/{closure}(Object(Illuminate/Http/Request))
#43 D:/xampp/htdocs/gatewaybooks/vendor/laravel/framework/src/Illuminate/Pipeline/Pipeline.php(183): Illuminate/Foundation/Http/Middleware/PreventRequestsDuringMaintenance->handle(Object(Illuminate/Http/Request), Object(Closure))
#44 D:/xampp/htdocs/gatewaybooks/vendor/laravel/framework/src/Illuminate/Http/Middleware/HandleCors.php(49): Illuminate/Pipeline/Pipeline->Illuminate/Pipeline/{closure}(Object(Illuminate/Http/Request))
#45 D:/xampp/htdocs/gatewaybooks/vendor/laravel/framework/src/Illuminate/Pipeline/Pipeline.php(183): Illuminate/Http/Middleware/HandleCors->handle(Object(Illuminate/Http/Request), Object(Closure))
#46 D:/xampp/htdocs/gatewaybooks/vendor/laravel/framework/src/Illuminate/Http/Middleware/TrustProxies.php(39): Illuminate/Pipeline/Pipeline->Illuminate/Pipeline/{closure}(Object(Illuminate/Http/Request))
#47 D:/xampp/htdocs/gatewaybooks/vendor/laravel/framework/src/Illuminate/Pipeline/Pipeline.php(183): Illuminate/Http/Middleware/TrustProxies->handle(Object(Illuminate/Http/Request), Object(Closure))
#48 D:/xampp/htdocs/gatewaybooks/vendor/laravel/framework/src/Illuminate/Pipeline/Pipeline.php(119): Illuminate/Pipeline/Pipeline->Illuminate/Pipeline/{closure}(Object(Illuminate/Http/Request))
#49 D:/xampp/htdocs/gatewaybooks/vendor/laravel/framework/src/Illuminate/Foundation/Http/Kernel.php(175): Illuminate/Pipeline/Pipeline->then(Object(Closure))
#50 D:/xampp/htdocs/gatewaybooks/vendor/laravel/framework/src/Illuminate/Foundation/Http/Kernel.php(144): Illuminate/Foundation/Http/Kernel->sendRequestThroughRouter(Object(Illuminate/Http/Request))
#51 D:/xampp/htdocs/gatewaybooks/public/index.php(52): Illuminate/Foundation/Http/Kernel->handle(Object(Illuminate/Http/Request))
#52 D:/xampp/htdocs/gatewaybooks/vendor/laravel/framework/src/Illuminate/Foundation/resources/server.php(16): require_once('D://xampp//htdocs...')
#53 {main}

[previous exception] [object] (ParseError(code: 0): Unclosed '(' does not match '}' at D:/xampp/htdocs/gatewaybooks/storage/framework/views/ae021b66592bb948b3e5e04054c60eaf.php:15)
[stacktrace]
#0 D:/xampp/htdocs/gatewaybooks/vendor/laravel/framework/src/Illuminate/Filesystem/Filesystem.php(124): Illuminate/Filesystem/Filesystem::Illuminate/Filesystem/{closure}()
#1 D:/xampp/htdocs/gatewaybooks/vendor/laravel/framework/src/Illuminate/View/Engines/PhpEngine.php(58): Illuminate/Filesystem/Filesystem->getRequire('D://xampp//htdocs...', Array)
#2 D:/xampp/htdocs/gatewaybooks/vendor/laravel/framework/src/Illuminate/View/Engines/CompilerEngine.php(72): Illuminate/View/Engines/PhpEngine->evaluatePath('D://xampp//htdocs...', Array)
#3 D:/xampp/htdocs/gatewaybooks/vendor/laravel/framework/src/Illuminate/View/View.php(207): Illuminate/View/Engines/CompilerEngine->get('D://xampp//htdocs...', Array)
#4 D:/xampp/htdocs/gatewaybooks/vendor/laravel/framework/src/Illuminate/View/View.php(190): Illuminate/View/View->getContents()
#5 D:/xampp/htdocs/gatewaybooks/vendor/laravel/framework/src/Illuminate/View/View.php(159): Illuminate/View/View->renderContents()
#6 D:/xampp/htdocs/gatewaybooks/vendor/laravel/framework/src/Illuminate/Http/Response.php(69): Illuminate/View/View->render()
#7 D:/xampp/htdocs/gatewaybooks/vendor/laravel/framework/src/Illuminate/Http/Response.php(35): Illuminate/Http/Response->setContent(Object(Illuminate/View/View))
#8 D:/xampp/htdocs/gatewaybooks/vendor/laravel/framework/src/Illuminate/Routing/Router.php(918): Illuminate/Http/Response->__construct(Object(Illuminate/View/View), 200, Array)
#9 D:/xampp/htdocs/gatewaybooks/vendor/laravel/framework/src/Illuminate/Routing/Router.php(885): Illuminate/Routing/Router::toResponse(Object(Illuminate/Http/Request), Object(Illuminate/View/View))
#10 D:/xampp/htdocs/gatewaybooks/vendor/laravel/framework/src/Illuminate/Routing/Router.php(806): Illuminate/Routing/Router->prepareResponse(Object(Illuminate/Http/Request), Object(Illuminate/View/View))
#11 D:/xampp/htdocs/gatewaybooks/vendor/laravel/framework/src/Illuminate/Pipeline/Pipeline.php(144): Illuminate/Routing/Router->Illuminate/Routing/{closure}(Object(Illuminate/Http/Request))
#12 D:/xampp/htdocs/gatewaybooks/vendor/laravel/framework/src/Illuminate/Routing/Middleware/SubstituteBindings.php(50): Illuminate/Pipeline/Pipeline->Illuminate/Pipeline/{closure}(Object(Illuminate/Http/Request))
#13 D:/xampp/htdocs/gatewaybooks/vendor/laravel/framework/src/Illuminate/Pipeline/Pipeline.php(183): Illuminate/Routing/Middleware/SubstituteBindings->handle(Object(Illuminate/Http/Request), Object(Closure))
#14 D:/xampp/htdocs/gatewaybooks/vendor/laravel/framework/src/Illuminate/Auth/Middleware/Authenticate.php(57): Illuminate/Pipeline/Pipeline->Illuminate/Pipeline/{closure}(Object(Illuminate/Http/Request))
#15 D:/xampp/htdocs/gatewaybooks/vendor/laravel/framework/src/Illuminate/Pipeline/Pipeline.php(183): Illuminate/Auth/Middleware/Authenticate->handle(Object(Illuminate/Http/Request), Object(Closure))
#16 D:/xampp/htdocs/gatewaybooks/vendor/laravel/framework/src/Illuminate/Foundation/Http/Middleware/VerifyCsrfToken.php(78): Illuminate/Pipeline/Pipeline->Illuminate/Pipeline/{closure}(Object(Illuminate/Http/Request))
#17 D:/xampp/htdocs/gatewaybooks/vendor/laravel/framework/src/Illuminate/Pipeline/Pipeline.php(183): Illuminate/Foundation/Http/Middleware/VerifyCsrfToken->handle(Object(Illuminate/Http/Request), Object(Closure))
#18 D:/xampp/htdocs/gatewaybooks/vendor/laravel/framework/src/Illuminate/View/Middleware/ShareErrorsFromSession.php(49): Illuminate/Pipeline/Pipeline->Illuminate/Pipeline/{closure}(Object(Illuminate/Http/Request))
#19 D:/xampp/htdocs/gatewaybooks/vendor/laravel/framework/src/Illuminate/Pipeline/Pipeline.php(183): Illuminate/View/Middleware/ShareErrorsFromSession->handle(Object(Illuminate/Http/Request), Object(Closure))
#20 D:/xampp/htdocs/gatewaybooks/vendor/laravel/framework/src/Illuminate/Session/Middleware/StartSession.php(121): Illuminate/Pipeline/Pipeline->Illuminate/Pipeline/{closure}(Object(Illuminate/Http/Request))
#21 D:/xampp/htdocs/gatewaybooks/vendor/laravel/framework/src/Illuminate/Session/Middleware/StartSession.php(64): Illuminate/Session/Middleware/StartSession->handleStatefulRequest(Object(Illuminate/Http/Request), Object(Illuminate/Session/Store), Object(Closure))
#22 D:/xampp/htdocs/gatewaybooks/vendor/laravel/framework/src/Illuminate/Pipeline/Pipeline.php(183): Illuminate/Session/Middleware/StartSession->handle(Object(Illuminate/Http/Request), Object(Closure))
#23 D:/xampp/htdocs/gatewaybooks/vendor/laravel/framework/src/Illuminate/Cookie/Middleware/AddQueuedCookiesToResponse.php(37): Illuminate/Pipeline/Pipeline->Illuminate/Pipeline/{closure}(Object(Illuminate/Http/Request))
#24 D:/xampp/htdocs/gatewaybooks/vendor/laravel/framework/src/Illuminate/Pipeline/Pipeline.php(183): Illuminate/Cookie/Middleware/AddQueuedCookiesToResponse->handle(Object(Illuminate/Http/Request), Object(Closure))
#25 D:/xampp/htdocs/gatewaybooks/vendor/laravel/framework/src/Illuminate/Cookie/Middleware/EncryptCookies.php(67): Illuminate/Pipeline/Pipeline->Illuminate/Pipeline/{closure}(Object(Illuminate/Http/Request))
#26 D:/xampp/htdocs/gatewaybooks/vendor/laravel/framework/src/Illuminate/Pipeline/Pipeline.php(183): Illuminate/Cookie/Middleware/EncryptCookies->handle(Object(Illuminate/Http/Request), Object(Closure))
#27 D:/xampp/htdocs/gatewaybooks/vendor/laravel/framework/src/Illuminate/Pipeline/Pipeline.php(119): Illuminate/Pipeline/Pipeline->Illuminate/Pipeline/{closure}(Object(Illuminate/Http/Request))
#28 D:/xampp/htdocs/gatewaybooks/vendor/laravel/framework/src/Illuminate/Routing/Router.php(807): Illuminate/Pipeline/Pipeline->then(Object(Closure))
#29 D:/xampp/htdocs/gatewaybooks/vendor/laravel/framework/src/Illuminate/Routing/Router.php(784): Illuminate/Routing/Router->runRouteWithinStack(Object(Illuminate/Routing/Route), Object(Illuminate/Http/Request))
#30 D:/xampp/htdocs/gatewaybooks/vendor/laravel/framework/src/Illuminate/Routing/Router.php(748): Illuminate/Routing/Router->runRoute(Object(Illuminate/Http/Request), Object(Illuminate/Routing/Route))
#31 D:/xampp/htdocs/gatewaybooks/vendor/laravel/framework/src/Illuminate/Routing/Router.php(737): Illuminate/Routing/Router->dispatchToRoute(Object(Illuminate/Http/Request))
#32 D:/xampp/htdocs/gatewaybooks/vendor/laravel/framework/src/Illuminate/Foundation/Http/Kernel.php(200): Illuminate/Routing/Router->dispatch(Object(Illuminate/Http/Request))
#33 D:/xampp/htdocs/gatewaybooks/vendor/laravel/framework/src/Illuminate/Pipeline/Pipeline.php(144): Illuminate/Foundation/Http/Kernel->Illuminate/Foundation/Http/{closure}(Object(Illuminate/Http/Request))
#34 D:/xampp/htdocs/gatewaybooks/vendor/laravel/framework/src/Illuminate/Foundation/Http/Middleware/TransformsRequest.php(21): Illuminate/Pipeline/Pipeline->Illuminate/Pipeline/{closure}(Object(Illuminate/Http/Request))
#35 D:/xampp/htdocs/gatewaybooks/vendor/laravel/framework/src/Illuminate/Foundation/Http/Middleware/ConvertEmptyStringsToNull.php(31): Illuminate/Foundation/Http/Middleware/TransformsRequest->handle(Object(Illuminate/Http/Request), Object(Closure))
#36 D:/xampp/htdocs/gatewaybooks/vendor/laravel/framework/src/Illuminate/Pipeline/Pipeline.php(183): Illuminate/Foundation/Http/Middleware/ConvertEmptyStringsToNull->handle(Object(Illuminate/Http/Request), Object(Closure))
#37 D:/xampp/htdocs/gatewaybooks/vendor/laravel/framework/src/Illuminate/Foundation/Http/Middleware/TransformsRequest.php(21): Illuminate/Pipeline/Pipeline->Illuminate/Pipeline/{closure}(Object(Illuminate/Http/Request))
#38 D:/xampp/htdocs/gatewaybooks/vendor/laravel/framework/src/Illuminate/Foundation/Http/Middleware/TrimStrings.php(40): Illuminate/Foundation/Http/Middleware/TransformsRequest->handle(Object(Illuminate/Http/Request), Object(Closure))
#39 D:/xampp/htdocs/gatewaybooks/vendor/laravel/framework/src/Illuminate/Pipeline/Pipeline.php(183): Illuminate/Foundation/Http/Middleware/TrimStrings->handle(Object(Illuminate/Http/Request), Object(Closure))
#40 D:/xampp/htdocs/gatewaybooks/vendor/laravel/framework/src/Illuminate/Foundation/Http/Middleware/ValidatePostSize.php(27): Illuminate/Pipeline/Pipeline->Illuminate/Pipeline/{closure}(Object(Illuminate/Http/Request))
#41 D:/xampp/htdocs/gatewaybooks/vendor/laravel/framework/src/Illuminate/Pipeline/Pipeline.php(183): Illuminate/Foundation/Http/Middleware/ValidatePostSize->handle(Object(Illuminate/Http/Request), Object(Closure))
#42 D:/xampp/htdocs/gatewaybooks/vendor/laravel/framework/src/Illuminate/Foundation/Http/Middleware/PreventRequestsDuringMaintenance.php(99): Illuminate/Pipeline/Pipeline->Illuminate/Pipeline/{closure}(Object(Illuminate/Http/Request))
#43 D:/xampp/htdocs/gatewaybooks/vendor/laravel/framework/src/Illuminate/Pipeline/Pipeline.php(183): Illuminate/Foundation/Http/Middleware/PreventRequestsDuringMaintenance->handle(Object(Illuminate/Http/Request), Object(Closure))
#44 D:/xampp/htdocs/gatewaybooks/vendor/laravel/framework/src/Illuminate/Http/Middleware/HandleCors.php(49): Illuminate/Pipeline/Pipeline->Illuminate/Pipeline/{closure}(Object(Illuminate/Http/Request))
#45 D:/xampp/htdocs/gatewaybooks/vendor/laravel/framework/src/Illuminate/Pipeline/Pipeline.php(183): Illuminate/Http/Middleware/HandleCors->handle(Object(Illuminate/Http/Request), Object(Closure))
#46 D:/xampp/htdocs/gatewaybooks/vendor/laravel/framework/src/Illuminate/Http/Middleware/TrustProxies.php(39): Illuminate/Pipeline/Pipeline->Illuminate/Pipeline/{closure}(Object(Illuminate/Http/Request))
#47 D:/xampp/htdocs/gatewaybooks/vendor/laravel/framework/src/Illuminate/Pipeline/Pipeline.php(183): Illuminate/Http/Middleware/TrustProxies->handle(Object(Illuminate/Http/Request), Object(Closure))
#48 D:/xampp/htdocs/gatewaybooks/vendor/laravel/framework/src/Illuminate/Pipeline/Pipeline.php(119): Illuminate/Pipeline/Pipeline->Illuminate/Pipeline/{closure}(Object(Illuminate/Http/Request))
#49 D:/xampp/htdocs/gatewaybooks/vendor/laravel/framework/src/Illuminate/Foundation/Http/Kernel.php(175): Illuminate/Pipeline/Pipeline->then(Object(Closure))
#50 D:/xampp/htdocs/gatewaybooks/vendor/laravel/framework/src/Illuminate/Foundation/Http/Kernel.php(144): Illuminate/Foundation/Http/Kernel->sendRequestThroughRouter(Object(Illuminate/Http/Request))
#51 D:/xampp/htdocs/gatewaybooks/public/index.php(52): Illuminate/Foundation/Http/Kernel->handle(Object(Illuminate/Http/Request))
#52 D:/xampp/htdocs/gatewaybooks/vendor/laravel/framework/src/Illuminate/Foundation/resources/server.php(16): require_once('D://xampp//htdocs...')
#53 {main}
"} 
[2026-09-03 16:18:19] local.ERROR: Unclosed '(' does not match '}' {"view":{"view":"D:\\xampp\\htdocs\\gatewaybooks\\resources\\views\\admin\\user_profile\\profile.blade.php","data":{"errors":"<pre class=sf-dump id=sf-dump-574826600 data-indent-pad=\"  \"><span class=sf-dump-note>Illuminate\\Support\\ViewErrorBag</span> {<a class=sf-dump-ref>#266</a><samp data-depth=1 class=sf-dump-expanded>
  #<span class=sf-dump-protected title=\"Protected property\">bags</span>: []
</samp>}
</pre><script>Sfdump(\"sf-dump-574826600\", {\"maxDepth\":3,\"maxStringLength\":160})</script>
"}},"userId":1,"exception":"[object] (Spatie\\LaravelIgnition\\Exceptions\\ViewException(code: 0): Unclosed '(' does not match '}' at D:/xampp/htdocs/gatewaybooks/resources/views/admin/user_profile/profile.blade.php:14)
[stacktrace]
#0 D:/xampp/htdocs/gatewaybooks/vendor/laravel/framework/src/Illuminate/Filesystem/Filesystem.php(124): Illuminate/Filesystem/Filesystem::Illuminate/Filesystem/{closure}()
#1 D:/xampp/htdocs/gatewaybooks/vendor/laravel/framework/src/Illuminate/View/Engines/PhpEngine.php(58): Illuminate/Filesystem/Filesystem->getRequire('D://xampp//htdocs...', Array)
#2 D:/xampp/htdocs/gatewaybooks/vendor/laravel/framework/src/Illuminate/View/Engines/CompilerEngine.php(72): Illuminate/View/Engines/PhpEngine->evaluatePath('D://xampp//htdocs...', Array)
#3 D:/xampp/htdocs/gatewaybooks/vendor/laravel/framework/src/Illuminate/View/View.php(207): Illuminate/View/Engines/CompilerEngine->get('D://xampp//htdocs...', Array)
#4 D:/xampp/htdocs/gatewaybooks/vendor/laravel/framework/src/Illuminate/View/View.php(190): Illuminate/View/View->getContents()
#5 D:/xampp/htdocs/gatewaybooks/vendor/laravel/framework/src/Illuminate/View/View.php(159): Illuminate/View/View->renderContents()
#6 D:/xampp/htdocs/gatewaybooks/vendor/laravel/framework/src/Illuminate/Http/Response.php(69): Illuminate/View/View->render()
#7 D:/xampp/htdocs/gatewaybooks/vendor/laravel/framework/src/Illuminate/Http/Response.php(35): Illuminate/Http/Response->setContent(Object(Illuminate/View/View))
#8 D:/xampp/htdocs/gatewaybooks/vendor/laravel/framework/src/Illuminate/Routing/Router.php(918): Illuminate/Http/Response->__construct(Object(Illuminate/View/View), 200, Array)
#9 D:/xampp/htdocs/gatewaybooks/vendor/laravel/framework/src/Illuminate/Routing/Router.php(885): Illuminate/Routing/Router::toResponse(Object(Illuminate/Http/Request), Object(Illuminate/View/View))
#10 D:/xampp/htdocs/gatewaybooks/vendor/laravel/framework/src/Illuminate/Routing/Router.php(806): Illuminate/Routing/Router->prepareResponse(Object(Illuminate/Http/Request), Object(Illuminate/View/View))
#11 D:/xampp/htdocs/gatewaybooks/vendor/laravel/framework/src/Illuminate/Pipeline/Pipeline.php(144): Illuminate/Routing/Router->Illuminate/Routing/{closure}(Object(Illuminate/Http/Request))
#12 D:/xampp/htdocs/gatewaybooks/vendor/laravel/framework/src/Illuminate/Routing/Middleware/SubstituteBindings.php(50): Illuminate/Pipeline/Pipeline->Illuminate/Pipeline/{closure}(Object(Illuminate/Http/Request))
#13 D:/xampp/htdocs/gatewaybooks/vendor/laravel/framework/src/Illuminate/Pipeline/Pipeline.php(183): Illuminate/Routing/Middleware/SubstituteBindings->handle(Object(Illuminate/Http/Request), Object(Closure))
#14 D:/xampp/htdocs/gatewaybooks/vendor/laravel/framework/src/Illuminate/Auth/Middleware/Authenticate.php(57): Illuminate/Pipeline/Pipeline->Illuminate/Pipeline/{closure}(Object(Illuminate/Http/Request))
#15 D:/xampp/htdocs/gatewaybooks/vendor/laravel/framework/src/Illuminate/Pipeline/Pipeline.php(183): Illuminate/Auth/Middleware/Authenticate->handle(Object(Illuminate/Http/Request), Object(Closure))
#16 D:/xampp/htdocs/gatewaybooks/vendor/laravel/framework/src/Illuminate/Foundation/Http/Middleware/VerifyCsrfToken.php(78): Illuminate/Pipeline/Pipeline->Illuminate/Pipeline/{closure}(Object(Illuminate/Http/Request))
#17 D:/xampp/htdocs/gatewaybooks/vendor/laravel/framework/src/Illuminate/Pipeline/Pipeline.php(183): Illuminate/Foundation/Http/Middleware/VerifyCsrfToken->handle(Object(Illuminate/Http/Request), Object(Closure))
#18 D:/xampp/htdocs/gatewaybooks/vendor/laravel/framework/src/Illuminate/View/Middleware/ShareErrorsFromSession.php(49): Illuminate/Pipeline/Pipeline->Illuminate/Pipeline/{closure}(Object(Illuminate/Http/Request))
#19 D:/xampp/htdocs/gatewaybooks/vendor/laravel/framework/src/Illuminate/Pipeline/Pipeline.php(183): Illuminate/View/Middleware/ShareErrorsFromSession->handle(Object(Illuminate/Http/Request), Object(Closure))
#20 D:/xampp/htdocs/gatewaybooks/vendor/laravel/framework/src/Illuminate/Session/Middleware/StartSession.php(121): Illuminate/Pipeline/Pipeline->Illuminate/Pipeline/{closure}(Object(Illuminate/Http/Request))
#21 D:/xampp/htdocs/gatewaybooks/vendor/laravel/framework/src/Illuminate/Session/Middleware/StartSession.php(64): Illuminate/Session/Middleware/StartSession->handleStatefulRequest(Object(Illuminate/Http/Request), Object(Illuminate/Session/Store), Object(Closure))
#22 D:/xampp/htdocs/gatewaybooks/vendor/laravel/framework/src/Illuminate/Pipeline/Pipeline.php(183): Illuminate/Session/Middleware/StartSession->handle(Object(Illuminate/Http/Request), Object(Closure))
#23 D:/xampp/htdocs/gatewaybooks/vendor/laravel/framework/src/Illuminate/Cookie/Middleware/AddQueuedCookiesToResponse.php(37): Illuminate/Pipeline/Pipeline->Illuminate/Pipeline/{closure}(Object(Illuminate/Http/Request))
#24 D:/xampp/htdocs/gatewaybooks/vendor/laravel/framework/src/Illuminate/Pipeline/Pipeline.php(183): Illuminate/Cookie/Middleware/AddQueuedCookiesToResponse->handle(Object(Illuminate/Http/Request), Object(Closure))
#25 D:/xampp/htdocs/gatewaybooks/vendor/laravel/framework/src/Illuminate/Cookie/Middleware/EncryptCookies.php(67): Illuminate/Pipeline/Pipeline->Illuminate/Pipeline/{closure}(Object(Illuminate/Http/Request))
#26 D:/xampp/htdocs/gatewaybooks/vendor/laravel/framework/src/Illuminate/Pipeline/Pipeline.php(183): Illuminate/Cookie/Middleware/EncryptCookies->handle(Object(Illuminate/Http/Request), Object(Closure))
#27 D:/xampp/htdocs/gatewaybooks/vendor/laravel/framework/src/Illuminate/Pipeline/Pipeline.php(119): Illuminate/Pipeline/Pipeline->Illuminate/Pipeline/{closure}(Object(Illuminate/Http/Request))
#28 D:/xampp/htdocs/gatewaybooks/vendor/laravel/framework/src/Illuminate/Routing/Router.php(807): Illuminate/Pipeline/Pipeline->then(Object(Closure))
#29 D:/xampp/htdocs/gatewaybooks/vendor/laravel/framework/src/Illuminate/Routing/Router.php(784): Illuminate/Routing/Router->runRouteWithinStack(Object(Illuminate/Routing/Route), Object(Illuminate/Http/Request))
#30 D:/xampp/htdocs/gatewaybooks/vendor/laravel/framework/src/Illuminate/Routing/Router.php(748): Illuminate/Routing/Router->runRoute(Object(Illuminate/Http/Request), Object(Illuminate/Routing/Route))
#31 D:/xampp/htdocs/gatewaybooks/vendor/laravel/framework/src/Illuminate/Routing/Router.php(737): Illuminate/Routing/Router->dispatchToRoute(Object(Illuminate/Http/Request))
#32 D:/xampp/htdocs/gatewaybooks/vendor/laravel/framework/src/Illuminate/Foundation/Http/Kernel.php(200): Illuminate/Routing/Router->dispatch(Object(Illuminate/Http/Request))
#33 D:/xampp/htdocs/gatewaybooks/vendor/laravel/framework/src/Illuminate/Pipeline/Pipeline.php(144): Illuminate/Foundation/Http/Kernel->Illuminate/Foundation/Http/{closure}(Object(Illuminate/Http/Request))
#34 D:/xampp/htdocs/gatewaybooks/vendor/laravel/framework/src/Illuminate/Foundation/Http/Middleware/TransformsRequest.php(21): Illuminate/Pipeline/Pipeline->Illuminate/Pipeline/{closure}(Object(Illuminate/Http/Request))
#35 D:/xampp/htdocs/gatewaybooks/vendor/laravel/framework/src/Illuminate/Foundation/Http/Middleware/ConvertEmptyStringsToNull.php(31): Illuminate/Foundation/Http/Middleware/TransformsRequest->handle(Object(Illuminate/Http/Request), Object(Closure))
#36 D:/xampp/htdocs/gatewaybooks/vendor/laravel/framework/src/Illuminate/Pipeline/Pipeline.php(183): Illuminate/Foundation/Http/Middleware/ConvertEmptyStringsToNull->handle(Object(Illuminate/Http/Request), Object(Closure))
#37 D:/xampp/htdocs/gatewaybooks/vendor/laravel/framework/src/Illuminate/Foundation/Http/Middleware/TransformsRequest.php(21): Illuminate/Pipeline/Pipeline->Illuminate/Pipeline/{closure}(Object(Illuminate/Http/Request))
#38 D:/xampp/htdocs/gatewaybooks/vendor/laravel/framework/src/Illuminate/Foundation/Http/Middleware/TrimStrings.php(40): Illuminate/Foundation/Http/Middleware/TransformsRequest->handle(Object(Illuminate/Http/Request), Object(Closure))
#39 D:/xampp/htdocs/gatewaybooks/vendor/laravel/framework/src/Illuminate/Pipeline/Pipeline.php(183): Illuminate/Foundation/Http/Middleware/TrimStrings->handle(Object(Illuminate/Http/Request), Object(Closure))
#40 D:/xampp/htdocs/gatewaybooks/vendor/laravel/framework/src/Illuminate/Foundation/Http/Middleware/ValidatePostSize.php(27): Illuminate/Pipeline/Pipeline->Illuminate/Pipeline/{closure}(Object(Illuminate/Http/Request))
#41 D:/xampp/htdocs/gatewaybooks/vendor/laravel/framework/src/Illuminate/Pipeline/Pipeline.php(183): Illuminate/Foundation/Http/Middleware/ValidatePostSize->handle(Object(Illuminate/Http/Request), Object(Closure))
#42 D:/xampp/htdocs/gatewaybooks/vendor/laravel/framework/src/Illuminate/Foundation/Http/Middleware/PreventRequestsDuringMaintenance.php(99): Illuminate/Pipeline/Pipeline->Illuminate/Pipeline/{closure}(Object(Illuminate/Http/Request))
#43 D:/xampp/htdocs/gatewaybooks/vendor/laravel/framework/src/Illuminate/Pipeline/Pipeline.php(183): Illuminate/Foundation/Http/Middleware/PreventRequestsDuringMaintenance->handle(Object(Illuminate/Http/Request), Object(Closure))
#44 D:/xampp/htdocs/gatewaybooks/vendor/laravel/framework/src/Illuminate/Http/Middleware/HandleCors.php(49): Illuminate/Pipeline/Pipeline->Illuminate/Pipeline/{closure}(Object(Illuminate/Http/Request))
#45 D:/xampp/htdocs/gatewaybooks/vendor/laravel/framework/src/Illuminate/Pipeline/Pipeline.php(183): Illuminate/Http/Middleware/HandleCors->handle(Object(Illuminate/Http/Request), Object(Closure))
#46 D:/xampp/htdocs/gatewaybooks/vendor/laravel/framework/src/Illuminate/Http/Middleware/TrustProxies.php(39): Illuminate/Pipeline/Pipeline->Illuminate/Pipeline/{closure}(Object(Illuminate/Http/Request))
#47 D:/xampp/htdocs/gatewaybooks/vendor/laravel/framework/src/Illuminate/Pipeline/Pipeline.php(183): Illuminate/Http/Middleware/TrustProxies->handle(Object(Illuminate/Http/Request), Object(Closure))
#48 D:/xampp/htdocs/gatewaybooks/vendor/laravel/framework/src/Illuminate/Pipeline/Pipeline.php(119): Illuminate/Pipeline/Pipeline->Illuminate/Pipeline/{closure}(Object(Illuminate/Http/Request))
#49 D:/xampp/htdocs/gatewaybooks/vendor/laravel/framework/src/Illuminate/Foundation/Http/Kernel.php(175): Illuminate/Pipeline/Pipeline->then(Object(Closure))
#50 D:/xampp/htdocs/gatewaybooks/vendor/laravel/framework/src/Illuminate/Foundation/Http/Kernel.php(144): Illuminate/Foundation/Http/Kernel->sendRequestThroughRouter(Object(Illuminate/Http/Request))
#51 D:/xampp/htdocs/gatewaybooks/public/index.php(52): Illuminate/Foundation/Http/Kernel->handle(Object(Illuminate/Http/Request))
#52 D:/xampp/htdocs/gatewaybooks/vendor/laravel/framework/src/Illuminate/Foundation/resources/server.php(16): require_once('D://xampp//htdocs...')
#53 {main}

[previous exception] [object] (ParseError(code: 0): Unclosed '(' does not match '}' at D:/xampp/htdocs/gatewaybooks/storage/framework/views/ae021b66592bb948b3e5e04054c60eaf.php:15)
[stacktrace]
#0 D:/xampp/htdocs/gatewaybooks/vendor/laravel/framework/src/Illuminate/Filesystem/Filesystem.php(124): Illuminate/Filesystem/Filesystem::Illuminate/Filesystem/{closure}()
#1 D:/xampp/htdocs/gatewaybooks/vendor/laravel/framework/src/Illuminate/View/Engines/PhpEngine.php(58): Illuminate/Filesystem/Filesystem->getRequire('D://xampp//htdocs...', Array)
#2 D:/xampp/htdocs/gatewaybooks/vendor/laravel/framework/src/Illuminate/View/Engines/CompilerEngine.php(72): Illuminate/View/Engines/PhpEngine->evaluatePath('D://xampp//htdocs...', Array)
#3 D:/xampp/htdocs/gatewaybooks/vendor/laravel/framework/src/Illuminate/View/View.php(207): Illuminate/View/Engines/CompilerEngine->get('D://xampp//htdocs...', Array)
#4 D:/xampp/htdocs/gatewaybooks/vendor/laravel/framework/src/Illuminate/View/View.php(190): Illuminate/View/View->getContents()
#5 D:/xampp/htdocs/gatewaybooks/vendor/laravel/framework/src/Illuminate/View/View.php(159): Illuminate/View/View->renderContents()
#6 D:/xampp/htdocs/gatewaybooks/vendor/laravel/framework/src/Illuminate/Http/Response.php(69): Illuminate/View/View->render()
#7 D:/xampp/htdocs/gatewaybooks/vendor/laravel/framework/src/Illuminate/Http/Response.php(35): Illuminate/Http/Response->setContent(Object(Illuminate/View/View))
#8 D:/xampp/htdocs/gatewaybooks/vendor/laravel/framework/src/Illuminate/Routing/Router.php(918): Illuminate/Http/Response->__construct(Object(Illuminate/View/View), 200, Array)
#9 D:/xampp/htdocs/gatewaybooks/vendor/laravel/framework/src/Illuminate/Routing/Router.php(885): Illuminate/Routing/Router::toResponse(Object(Illuminate/Http/Request), Object(Illuminate/View/View))
#10 D:/xampp/htdocs/gatewaybooks/vendor/laravel/framework/src/Illuminate/Routing/Router.php(806): Illuminate/Routing/Router->prepareResponse(Object(Illuminate/Http/Request), Object(Illuminate/View/View))
#11 D:/xampp/htdocs/gatewaybooks/vendor/laravel/framework/src/Illuminate/Pipeline/Pipeline.php(144): Illuminate/Routing/Router->Illuminate/Routing/{closure}(Object(Illuminate/Http/Request))
#12 D:/xampp/htdocs/gatewaybooks/vendor/laravel/framework/src/Illuminate/Routing/Middleware/SubstituteBindings.php(50): Illuminate/Pipeline/Pipeline->Illuminate/Pipeline/{closure}(Object(Illuminate/Http/Request))
#13 D:/xampp/htdocs/gatewaybooks/vendor/laravel/framework/src/Illuminate/Pipeline/Pipeline.php(183): Illuminate/Routing/Middleware/SubstituteBindings->handle(Object(Illuminate/Http/Request), Object(Closure))
#14 D:/xampp/htdocs/gatewaybooks/vendor/laravel/framework/src/Illuminate/Auth/Middleware/Authenticate.php(57): Illuminate/Pipeline/Pipeline->Illuminate/Pipeline/{closure}(Object(Illuminate/Http/Request))
#15 D:/xampp/htdocs/gatewaybooks/vendor/laravel/framework/src/Illuminate/Pipeline/Pipeline.php(183): Illuminate/Auth/Middleware/Authenticate->handle(Object(Illuminate/Http/Request), Object(Closure))
#16 D:/xampp/htdocs/gatewaybooks/vendor/laravel/framework/src/Illuminate/Foundation/Http/Middleware/VerifyCsrfToken.php(78): Illuminate/Pipeline/Pipeline->Illuminate/Pipeline/{closure}(Object(Illuminate/Http/Request))
#17 D:/xampp/htdocs/gatewaybooks/vendor/laravel/framework/src/Illuminate/Pipeline/Pipeline.php(183): Illuminate/Foundation/Http/Middleware/VerifyCsrfToken->handle(Object(Illuminate/Http/Request), Object(Closure))
#18 D:/xampp/htdocs/gatewaybooks/vendor/laravel/framework/src/Illuminate/View/Middleware/ShareErrorsFromSession.php(49): Illuminate/Pipeline/Pipeline->Illuminate/Pipeline/{closure}(Object(Illuminate/Http/Request))
#19 D:/xampp/htdocs/gatewaybooks/vendor/laravel/framework/src/Illuminate/Pipeline/Pipeline.php(183): Illuminate/View/Middleware/ShareErrorsFromSession->handle(Object(Illuminate/Http/Request), Object(Closure))
#20 D:/xampp/htdocs/gatewaybooks/vendor/laravel/framework/src/Illuminate/Session/Middleware/StartSession.php(121): Illuminate/Pipeline/Pipeline->Illuminate/Pipeline/{closure}(Object(Illuminate/Http/Request))
#21 D:/xampp/htdocs/gatewaybooks/vendor/laravel/framework/src/Illuminate/Session/Middleware/StartSession.php(64): Illuminate/Session/Middleware/StartSession->handleStatefulRequest(Object(Illuminate/Http/Request), Object(Illuminate/Session/Store), Object(Closure))
#22 D:/xampp/htdocs/gatewaybooks/vendor/laravel/framework/src/Illuminate/Pipeline/Pipeline.php(183): Illuminate/Session/Middleware/StartSession->handle(Object(Illuminate/Http/Request), Object(Closure))
#23 D:/xampp/htdocs/gatewaybooks/vendor/laravel/framework/src/Illuminate/Cookie/Middleware/AddQueuedCookiesToResponse.php(37): Illuminate/Pipeline/Pipeline->Illuminate/Pipeline/{closure}(Object(Illuminate/Http/Request))
#24 D:/xampp/htdocs/gatewaybooks/vendor/laravel/framework/src/Illuminate/Pipeline/Pipeline.php(183): Illuminate/Cookie/Middleware/AddQueuedCookiesToResponse->handle(Object(Illuminate/Http/Request), Object(Closure))
#25 D:/xampp/htdocs/gatewaybooks/vendor/laravel/framework/src/Illuminate/Cookie/Middleware/EncryptCookies.php(67): Illuminate/Pipeline/Pipeline->Illuminate/Pipeline/{closure}(Object(Illuminate/Http/Request))
#26 D:/xampp/htdocs/gatewaybooks/vendor/laravel/framework/src/Illuminate/Pipeline/Pipeline.php(183): Illuminate/Cookie/Middleware/EncryptCookies->handle(Object(Illuminate/Http/Request), Object(Closure))
#27 D:/xampp/htdocs/gatewaybooks/vendor/laravel/framework/src/Illuminate/Pipeline/Pipeline.php(119): Illuminate/Pipeline/Pipeline->Illuminate/Pipeline/{closure}(Object(Illuminate/Http/Request))
#28 D:/xampp/htdocs/gatewaybooks/vendor/laravel/framework/src/Illuminate/Routing/Router.php(807): Illuminate/Pipeline/Pipeline->then(Object(Closure))
#29 D:/xampp/htdocs/gatewaybooks/vendor/laravel/framework/src/Illuminate/Routing/Router.php(784): Illuminate/Routing/Router->runRouteWithinStack(Object(Illuminate/Routing/Route), Object(Illuminate/Http/Request))
#30 D:/xampp/htdocs/gatewaybooks/vendor/laravel/framework/src/Illuminate/Routing/Router.php(748): Illuminate/Routing/Router->runRoute(Object(Illuminate/Http/Request), Object(Illuminate/Routing/Route))
#31 D:/xampp/htdocs/gatewaybooks/vendor/laravel/framework/src/Illuminate/Routing/Router.php(737): Illuminate/Routing/Router->dispatchToRoute(Object(Illuminate/Http/Request))
#32 D:/xampp/htdocs/gatewaybooks/vendor/laravel/framework/src/Illuminate/Foundation/Http/Kernel.php(200): Illuminate/Routing/Router->dispatch(Object(Illuminate/Http/Request))
#33 D:/xampp/htdocs/gatewaybooks/vendor/laravel/framework/src/Illuminate/Pipeline/Pipeline.php(144): Illuminate/Foundation/Http/Kernel->Illuminate/Foundation/Http/{closure}(Object(Illuminate/Http/Request))
#34 D:/xampp/htdocs/gatewaybooks/vendor/laravel/framework/src/Illuminate/Foundation/Http/Middleware/TransformsRequest.php(21): Illuminate/Pipeline/Pipeline->Illuminate/Pipeline/{closure}(Object(Illuminate/Http/Request))
#35 D:/xampp/htdocs/gatewaybooks/vendor/laravel/framework/src/Illuminate/Foundation/Http/Middleware/ConvertEmptyStringsToNull.php(31): Illuminate/Foundation/Http/Middleware/TransformsRequest->handle(Object(Illuminate/Http/Request), Object(Closure))
#36 D:/xampp/htdocs/gatewaybooks/vendor/laravel/framework/src/Illuminate/Pipeline/Pipeline.php(183): Illuminate/Foundation/Http/Middleware/ConvertEmptyStringsToNull->handle(Object(Illuminate/Http/Request), Object(Closure))
#37 D:/xampp/htdocs/gatewaybooks/vendor/laravel/framework/src/Illuminate/Foundation/Http/Middleware/TransformsRequest.php(21): Illuminate/Pipeline/Pipeline->Illuminate/Pipeline/{closure}(Object(Illuminate/Http/Request))
#38 D:/xampp/htdocs/gatewaybooks/vendor/laravel/framework/src/Illuminate/Foundation/Http/Middleware/TrimStrings.php(40): Illuminate/Foundation/Http/Middleware/TransformsRequest->handle(Object(Illuminate/Http/Request), Object(Closure))
#39 D:/xampp/htdocs/gatewaybooks/vendor/laravel/framework/src/Illuminate/Pipeline/Pipeline.php(183): Illuminate/Foundation/Http/Middleware/TrimStrings->handle(Object(Illuminate/Http/Request), Object(Closure))
#40 D:/xampp/htdocs/gatewaybooks/vendor/laravel/framework/src/Illuminate/Foundation/Http/Middleware/ValidatePostSize.php(27): Illuminate/Pipeline/Pipeline->Illuminate/Pipeline/{closure}(Object(Illuminate/Http/Request))
#41 D:/xampp/htdocs/gatewaybooks/vendor/laravel/framework/src/Illuminate/Pipeline/Pipeline.php(183): Illuminate/Foundation/Http/Middleware/ValidatePostSize->handle(Object(Illuminate/Http/Request), Object(Closure))
#42 D:/xampp/htdocs/gatewaybooks/vendor/laravel/framework/src/Illuminate/Foundation/Http/Middleware/PreventRequestsDuringMaintenance.php(99): Illuminate/Pipeline/Pipeline->Illuminate/Pipeline/{closure}(Object(Illuminate/Http/Request))
#43 D:/xampp/htdocs/gatewaybooks/vendor/laravel/framework/src/Illuminate/Pipeline/Pipeline.php(183): Illuminate/Foundation/Http/Middleware/PreventRequestsDuringMaintenance->handle(Object(Illuminate/Http/Request), Object(Closure))
#44 D:/xampp/htdocs/gatewaybooks/vendor/laravel/framework/src/Illuminate/Http/Middleware/HandleCors.php(49): Illuminate/Pipeline/Pipeline->Illuminate/Pipeline/{closure}(Object(Illuminate/Http/Request))
#45 D:/xampp/htdocs/gatewaybooks/vendor/laravel/framework/src/Illuminate/Pipeline/Pipeline.php(183): Illuminate/Http/Middleware/HandleCors->handle(Object(Illuminate/Http/Request), Object(Closure))
#46 D:/xampp/htdocs/gatewaybooks/vendor/laravel/framework/src/Illuminate/Http/Middleware/TrustProxies.php(39): Illuminate/Pipeline/Pipeline->Illuminate/Pipeline/{closure}(Object(Illuminate/Http/Request))
#47 D:/xampp/htdocs/gatewaybooks/vendor/laravel/framework/src/Illuminate/Pipeline/Pipeline.php(183): Illuminate/Http/Middleware/TrustProxies->handle(Object(Illuminate/Http/Request), Object(Closure))
#48 D:/xampp/htdocs/gatewaybooks/vendor/laravel/framework/src/Illuminate/Pipeline/Pipeline.php(119): Illuminate/Pipeline/Pipeline->Illuminate/Pipeline/{closure}(Object(Illuminate/Http/Request))
#49 D:/xampp/htdocs/gatewaybooks/vendor/laravel/framework/src/Illuminate/Foundation/Http/Kernel.php(175): Illuminate/Pipeline/Pipeline->then(Object(Closure))
#50 D:/xampp/htdocs/gatewaybooks/vendor/laravel/framework/src/Illuminate/Foundation/Http/Kernel.php(144): Illuminate/Foundation/Http/Kernel->sendRequestThroughRouter(Object(Illuminate/Http/Request))
#51 D:/xampp/htdocs/gatewaybooks/public/index.php(52): Illuminate/Foundation/Http/Kernel->handle(Object(Illuminate/Http/Request))
#52 D:/xampp/htdocs/gatewaybooks/vendor/laravel/framework/src/Illuminate/Foundation/resources/server.php(16): require_once('D://xampp//htdocs...')
#53 {main}
"} 
[2026-09-03 16:30:23] local.ERROR: SQLSTATE[23000]: Integrity constraint violation: 1048 Column 'email' cannot be null (Connection: mysql, SQL: update `users` set `email` = ?, `users`.`updated_at` = 2026-09-03 16:30:23 where `id` = 1) {"userId":1,"exception":"[object] (Illuminate\\Database\\QueryException(code: 23000): SQLSTATE[23000]: Integrity constraint violation: 1048 Column 'email' cannot be null (Connection: mysql, SQL: update `users` set `email` = ?, `users`.`updated_at` = 2026-09-03 16:30:23 where `id` = 1) at D:/xampp/htdocs/gatewaybooks/vendor/laravel/framework/src/Illuminate/Database/Connection.php:829)
[stacktrace]
#0 D:/xampp/htdocs/gatewaybooks/vendor/laravel/framework/src/Illuminate/Database/Connection.php(783): Illuminate/Database/Connection->runQueryCallback('update `users` ...', Array, Object(Closure))
#1 D:/xampp/htdocs/gatewaybooks/vendor/laravel/framework/src/Illuminate/Database/Connection.php(619): Illuminate/Database/Connection->run('update `users` ...', Array, Object(Closure))
#2 D:/xampp/htdocs/gatewaybooks/vendor/laravel/framework/src/Illuminate/Database/Connection.php(552): Illuminate/Database/Connection->affectingStatement('update `users` ...', Array)
#3 D:/xampp/htdocs/gatewaybooks/vendor/laravel/framework/src/Illuminate/Database/Query/Builder.php(3603): Illuminate/Database/Connection->update('update `users` ...', Array)
#4 D:/xampp/htdocs/gatewaybooks/vendor/laravel/framework/src/Illuminate/Database/Eloquent/Builder.php(1061): Illuminate/Database/Query/Builder->update(Array)
#5 D:/xampp/htdocs/gatewaybooks/vendor/laravel/framework/src/Illuminate/Database/Eloquent/Model.php(1214): Illuminate/Database/Eloquent/Builder->update(Array)
#6 D:/xampp/htdocs/gatewaybooks/vendor/laravel/framework/src/Illuminate/Database/Eloquent/Model.php(1131): Illuminate/Database/Eloquent/Model->performUpdate(Object(Illuminate/Database/Eloquent/Builder))
#7 D:/xampp/htdocs/gatewaybooks/vendor/laravel/framework/src/Illuminate/Database/Eloquent/Model.php(991): Illuminate/Database/Eloquent/Model->save(Array)
#8 D:/xampp/htdocs/gatewaybooks/app/Http/Controllers/Admin/HomeController.php(38): Illuminate/Database/Eloquent/Model->update(Array)
#9 D:/xampp/htdocs/gatewaybooks/vendor/laravel/framework/src/Illuminate/Routing/Controller.php(54): App/Http/Controllers/Admin/HomeController->profile_update(Object(Illuminate/Http/Request))
#10 D:/xampp/htdocs/gatewaybooks/vendor/laravel/framework/src/Illuminate/Routing/ControllerDispatcher.php(43): Illuminate/Routing/Controller->callAction('profile_update', Array)
#11 D:/xampp/htdocs/gatewaybooks/vendor/laravel/framework/src/Illuminate/Routing/Route.php(260): Illuminate/Routing/ControllerDispatcher->dispatch(Object(Illuminate/Routing/Route), Object(App/Http/Controllers/Admin/HomeController), 'profile_update')
#12 D:/xampp/htdocs/gatewaybooks/vendor/laravel/framework/src/Illuminate/Routing/Route.php(205): Illuminate/Routing/Route->runController()
#13 D:/xampp/htdocs/gatewaybooks/vendor/laravel/framework/src/Illuminate/Routing/Router.php(806): Illuminate/Routing/Route->run()
#14 D:/xampp/htdocs/gatewaybooks/vendor/laravel/framework/src/Illuminate/Pipeline/Pipeline.php(144): Illuminate/Routing/Router->Illuminate/Routing/{closure}(Object(Illuminate/Http/Request))
#15 D:/xampp/htdocs/gatewaybooks/vendor/laravel/framework/src/Illuminate/Routing/Middleware/SubstituteBindings.php(50): Illuminate/Pipeline/Pipeline->Illuminate/Pipeline/{closure}(Object(Illuminate/Http/Request))
#16 D:/xampp/htdocs/gatewaybooks/vendor/laravel/framework/src/Illuminate/Pipeline/Pipeline.php(183): Illuminate/Routing/Middleware/SubstituteBindings->handle(Object(Illuminate/Http/Request), Object(Closure))
#17 D:/xampp/htdocs/gatewaybooks/vendor/laravel/framework/src/Illuminate/Auth/Middleware/Authenticate.php(57): Illuminate/Pipeline/Pipeline->Illuminate/Pipeline/{closure}(Object(Illuminate/Http/Request))
#18 D:/xampp/htdocs/gatewaybooks/vendor/laravel/framework/src/Illuminate/Pipeline/Pipeline.php(183): Illuminate/Auth/Middleware/Authenticate->handle(Object(Illuminate/Http/Request), Object(Closure))
#19 D:/xampp/htdocs/gatewaybooks/vendor/laravel/framework/src/Illuminate/Foundation/Http/Middleware/VerifyCsrfToken.php(78): Illuminate/Pipeline/Pipeline->Illuminate/Pipeline/{closure}(Object(Illuminate/Http/Request))
#20 D:/xampp/htdocs/gatewaybooks/vendor/laravel/framework/src/Illuminate/Pipeline/Pipeline.php(183): Illuminate/Foundation/Http/Middleware/VerifyCsrfToken->handle(Object(Illuminate/Http/Request), Object(Closure))
#21 D:/xampp/htdocs/gatewaybooks/vendor/laravel/framework/src/Illuminate/View/Middleware/ShareErrorsFromSession.php(49): Illuminate/Pipeline/Pipeline->Illuminate/Pipeline/{closure}(Object(Illuminate/Http/Request))
#22 D:/xampp/htdocs/gatewaybooks/vendor/laravel/framework/src/Illuminate/Pipeline/Pipeline.php(183): Illuminate/View/Middleware/ShareErrorsFromSession->handle(Object(Illuminate/Http/Request), Object(Closure))
#23 D:/xampp/htdocs/gatewaybooks/vendor/laravel/framework/src/Illuminate/Session/Middleware/StartSession.php(121): Illuminate/Pipeline/Pipeline->Illuminate/Pipeline/{closure}(Object(Illuminate/Http/Request))
#24 D:/xampp/htdocs/gatewaybooks/vendor/laravel/framework/src/Illuminate/Session/Middleware/StartSession.php(64): Illuminate/Session/Middleware/StartSession->handleStatefulRequest(Object(Illuminate/Http/Request), Object(Illuminate/Session/Store), Object(Closure))
#25 D:/xampp/htdocs/gatewaybooks/vendor/laravel/framework/src/Illuminate/Pipeline/Pipeline.php(183): Illuminate/Session/Middleware/StartSession->handle(Object(Illuminate/Http/Request), Object(Closure))
#26 D:/xampp/htdocs/gatewaybooks/vendor/laravel/framework/src/Illuminate/Cookie/Middleware/AddQueuedCookiesToResponse.php(37): Illuminate/Pipeline/Pipeline->Illuminate/Pipeline/{closure}(Object(Illuminate/Http/Request))
#27 D:/xampp/htdocs/gatewaybooks/vendor/laravel/framework/src/Illuminate/Pipeline/Pipeline.php(183): Illuminate/Cookie/Middleware/AddQueuedCookiesToResponse->handle(Object(Illuminate/Http/Request), Object(Closure))
#28 D:/xampp/htdocs/gatewaybooks/vendor/laravel/framework/src/Illuminate/Cookie/Middleware/EncryptCookies.php(67): Illuminate/Pipeline/Pipeline->Illuminate/Pipeline/{closure}(Object(Illuminate/Http/Request))
#29 D:/xampp/htdocs/gatewaybooks/vendor/laravel/framework/src/Illuminate/Pipeline/Pipeline.php(183): Illuminate/Cookie/Middleware/EncryptCookies->handle(Object(Illuminate/Http/Request), Object(Closure))
#30 D:/xampp/htdocs/gatewaybooks/vendor/laravel/framework/src/Illuminate/Pipeline/Pipeline.php(119): Illuminate/Pipeline/Pipeline->Illuminate/Pipeline/{closure}(Object(Illuminate/Http/Request))
#31 D:/xampp/htdocs/gatewaybooks/vendor/laravel/framework/src/Illuminate/Routing/Router.php(807): Illuminate/Pipeline/Pipeline->then(Object(Closure))
#32 D:/xampp/htdocs/gatewaybooks/vendor/laravel/framework/src/Illuminate/Routing/Router.php(784): Illuminate/Routing/Router->runRouteWithinStack(Object(Illuminate/Routing/Route), Object(Illuminate/Http/Request))
#33 D:/xampp/htdocs/gatewaybooks/vendor/laravel/framework/src/Illuminate/Routing/Router.php(748): Illuminate/Routing/Router->runRoute(Object(Illuminate/Http/Request), Object(Illuminate/Routing/Route))
#34 D:/xampp/htdocs/gatewaybooks/vendor/laravel/framework/src/Illuminate/Routing/Router.php(737): Illuminate/Routing/Router->dispatchToRoute(Object(Illuminate/Http/Request))
#35 D:/xampp/htdocs/gatewaybooks/vendor/laravel/framework/src/Illuminate/Foundation/Http/Kernel.php(200): Illuminate/Routing/Router->dispatch(Object(Illuminate/Http/Request))
#36 D:/xampp/htdocs/gatewaybooks/vendor/laravel/framework/src/Illuminate/Pipeline/Pipeline.php(144): Illuminate/Foundation/Http/Kernel->Illuminate/Foundation/Http/{closure}(Object(Illuminate/Http/Request))
#37 D:/xampp/htdocs/gatewaybooks/vendor/laravel/framework/src/Illuminate/Foundation/Http/Middleware/TransformsRequest.php(21): Illuminate/Pipeline/Pipeline->Illuminate/Pipeline/{closure}(Object(Illuminate/Http/Request))
#38 D:/xampp/htdocs/gatewaybooks/vendor/laravel/framework/src/Illuminate/Foundation/Http/Middleware/ConvertEmptyStringsToNull.php(31): Illuminate/Foundation/Http/Middleware/TransformsRequest->handle(Object(Illuminate/Http/Request), Object(Closure))
#39 D:/xampp/htdocs/gatewaybooks/vendor/laravel/framework/src/Illuminate/Pipeline/Pipeline.php(183): Illuminate/Foundation/Http/Middleware/ConvertEmptyStringsToNull->handle(Object(Illuminate/Http/Request), Object(Closure))
#40 D:/xampp/htdocs/gatewaybooks/vendor/laravel/framework/src/Illuminate/Foundation/Http/Middleware/TransformsRequest.php(21): Illuminate/Pipeline/Pipeline->Illuminate/Pipeline/{closure}(Object(Illuminate/Http/Request))
#41 D:/xampp/htdocs/gatewaybooks/vendor/laravel/framework/src/Illuminate/Foundation/Http/Middleware/TrimStrings.php(40): Illuminate/Foundation/Http/Middleware/TransformsRequest->handle(Object(Illuminate/Http/Request), Object(Closure))
#42 D:/xampp/htdocs/gatewaybooks/vendor/laravel/framework/src/Illuminate/Pipeline/Pipeline.php(183): Illuminate/Foundation/Http/Middleware/TrimStrings->handle(Object(Illuminate/Http/Request), Object(Closure))
#43 D:/xampp/htdocs/gatewaybooks/vendor/laravel/framework/src/Illuminate/Foundation/Http/Middleware/ValidatePostSize.php(27): Illuminate/Pipeline/Pipeline->Illuminate/Pipeline/{closure}(Object(Illuminate/Http/Request))
#44 D:/xampp/htdocs/gatewaybooks/vendor/laravel/framework/src/Illuminate/Pipeline/Pipeline.php(183): Illuminate/Foundation/Http/Middleware/ValidatePostSize->handle(Object(Illuminate/Http/Request), Object(Closure))
#45 D:/xampp/htdocs/gatewaybooks/vendor/laravel/framework/src/Illuminate/Foundation/Http/Middleware/PreventRequestsDuringMaintenance.php(99): Illuminate/Pipeline/Pipeline->Illuminate/Pipeline/{closure}(Object(Illuminate/Http/Request))
#46 D:/xampp/htdocs/gatewaybooks/vendor/laravel/framework/src/Illuminate/Pipeline/Pipeline.php(183): Illuminate/Foundation/Http/Middleware/PreventRequestsDuringMaintenance->handle(Object(Illuminate/Http/Request), Object(Closure))
#47 D:/xampp/htdocs/gatewaybooks/vendor/laravel/framework/src/Illuminate/Http/Middleware/HandleCors.php(49): Illuminate/Pipeline/Pipeline->Illuminate/Pipeline/{closure}(Object(Illuminate/Http/Request))
#48 D:/xampp/htdocs/gatewaybooks/vendor/laravel/framework/src/Illuminate/Pipeline/Pipeline.php(183): Illuminate/Http/Middleware/HandleCors->handle(Object(Illuminate/Http/Request), Object(Closure))
#49 D:/xampp/htdocs/gatewaybooks/vendor/laravel/framework/src/Illuminate/Http/Middleware/TrustProxies.php(39): Illuminate/Pipeline/Pipeline->Illuminate/Pipeline/{closure}(Object(Illuminate/Http/Request))
#50 D:/xampp/htdocs/gatewaybooks/vendor/laravel/framework/src/Illuminate/Pipeline/Pipeline.php(183): Illuminate/Http/Middleware/TrustProxies->handle(Object(Illuminate/Http/Request), Object(Closure))
#51 D:/xampp/htdocs/gatewaybooks/vendor/laravel/framework/src/Illuminate/Pipeline/Pipeline.php(119): Illuminate/Pipeline/Pipeline->Illuminate/Pipeline/{closure}(Object(Illuminate/Http/Request))
#52 D:/xampp/htdocs/gatewaybooks/vendor/laravel/framework/src/Illuminate/Foundation/Http/Kernel.php(175): Illuminate/Pipeline/Pipeline->then(Object(Closure))
#53 D:/xampp/htdocs/gatewaybooks/vendor/laravel/framework/src/Illuminate/Foundation/Http/Kernel.php(144): Illuminate/Foundation/Http/Kernel->sendRequestThroughRouter(Object(Illuminate/Http/Request))
#54 D:/xampp/htdocs/gatewaybooks/public/index.php(52): Illuminate/Foundation/Http/Kernel->handle(Object(Illuminate/Http/Request))
#55 D:/xampp/htdocs/gatewaybooks/vendor/laravel/framework/src/Illuminate/Foundation/resources/server.php(16): require_once('D://xampp//htdocs...')
#56 {main}

[previous exception] [object] (PDOException(code: 23000): SQLSTATE[23000]: Integrity constraint violation: 1048 Column 'email' cannot be null at D:/xampp/htdocs/gatewaybooks/vendor/laravel/framework/src/Illuminate/Database/Connection.php:612)
[stacktrace]
#0 D:/xampp/htdocs/gatewaybooks/vendor/laravel/framework/src/Illuminate/Database/Connection.php(612): PDOStatement->execute()
#1 D:/xampp/htdocs/gatewaybooks/vendor/laravel/framework/src/Illuminate/Database/Connection.php(816): Illuminate/Database/Connection->Illuminate/Database/{closure}('update `users` ...', Array)
#2 D:/xampp/htdocs/gatewaybooks/vendor/laravel/framework/src/Illuminate/Database/Connection.php(783): Illuminate/Database/Connection->runQueryCallback('update `users` ...', Array, Object(Closure))
#3 D:/xampp/htdocs/gatewaybooks/vendor/laravel/framework/src/Illuminate/Database/Connection.php(619): Illuminate/Database/Connection->run('update `users` ...', Array, Object(Closure))
#4 D:/xampp/htdocs/gatewaybooks/vendor/laravel/framework/src/Illuminate/Database/Connection.php(552): Illuminate/Database/Connection->affectingStatement('update `users` ...', Array)
#5 D:/xampp/htdocs/gatewaybooks/vendor/laravel/framework/src/Illuminate/Database/Query/Builder.php(3603): Illuminate/Database/Connection->update('update `users` ...', Array)
#6 D:/xampp/htdocs/gatewaybooks/vendor/laravel/framework/src/Illuminate/Database/Eloquent/Builder.php(1061): Illuminate/Database/Query/Builder->update(Array)
#7 D:/xampp/htdocs/gatewaybooks/vendor/laravel/framework/src/Illuminate/Database/Eloquent/Model.php(1214): Illuminate/Database/Eloquent/Builder->update(Array)
#8 D:/xampp/htdocs/gatewaybooks/vendor/laravel/framework/src/Illuminate/Database/Eloquent/Model.php(1131): Illuminate/Database/Eloquent/Model->performUpdate(Object(Illuminate/Database/Eloquent/Builder))
#9 D:/xampp/htdocs/gatewaybooks/vendor/laravel/framework/src/Illuminate/Database/Eloquent/Model.php(991): Illuminate/Database/Eloquent/Model->save(Array)
#10 D:/xampp/htdocs/gatewaybooks/app/Http/Controllers/Admin/HomeController.php(38): Illuminate/Database/Eloquent/Model->update(Array)
#11 D:/xampp/htdocs/gatewaybooks/vendor/laravel/framework/src/Illuminate/Routing/Controller.php(54): App/Http/Controllers/Admin/HomeController->profile_update(Object(Illuminate/Http/Request))
#12 D:/xampp/htdocs/gatewaybooks/vendor/laravel/framework/src/Illuminate/Routing/ControllerDispatcher.php(43): Illuminate/Routing/Controller->callAction('profile_update', Array)
#13 D:/xampp/htdocs/gatewaybooks/vendor/laravel/framework/src/Illuminate/Routing/Route.php(260): Illuminate/Routing/ControllerDispatcher->dispatch(Object(Illuminate/Routing/Route), Object(App/Http/Controllers/Admin/HomeController), 'profile_update')
#14 D:/xampp/htdocs/gatewaybooks/vendor/laravel/framework/src/Illuminate/Routing/Route.php(205): Illuminate/Routing/Route->runController()
#15 D:/xampp/htdocs/gatewaybooks/vendor/laravel/framework/src/Illuminate/Routing/Router.php(806): Illuminate/Routing/Route->run()
#16 D:/xampp/htdocs/gatewaybooks/vendor/laravel/framework/src/Illuminate/Pipeline/Pipeline.php(144): Illuminate/Routing/Router->Illuminate/Routing/{closure}(Object(Illuminate/Http/Request))
#17 D:/xampp/htdocs/gatewaybooks/vendor/laravel/framework/src/Illuminate/Routing/Middleware/SubstituteBindings.php(50): Illuminate/Pipeline/Pipeline->Illuminate/Pipeline/{closure}(Object(Illuminate/Http/Request))
#18 D:/xampp/htdocs/gatewaybooks/vendor/laravel/framework/src/Illuminate/Pipeline/Pipeline.php(183): Illuminate/Routing/Middleware/SubstituteBindings->handle(Object(Illuminate/Http/Request), Object(Closure))
#19 D:/xampp/htdocs/gatewaybooks/vendor/laravel/framework/src/Illuminate/Auth/Middleware/Authenticate.php(57): Illuminate/Pipeline/Pipeline->Illuminate/Pipeline/{closure}(Object(Illuminate/Http/Request))
#20 D:/xampp/htdocs/gatewaybooks/vendor/laravel/framework/src/Illuminate/Pipeline/Pipeline.php(183): Illuminate/Auth/Middleware/Authenticate->handle(Object(Illuminate/Http/Request), Object(Closure))
#21 D:/xampp/htdocs/gatewaybooks/vendor/laravel/framework/src/Illuminate/Foundation/Http/Middleware/VerifyCsrfToken.php(78): Illuminate/Pipeline/Pipeline->Illuminate/Pipeline/{closure}(Object(Illuminate/Http/Request))
#22 D:/xampp/htdocs/gatewaybooks/vendor/laravel/framework/src/Illuminate/Pipeline/Pipeline.php(183): Illuminate/Foundation/Http/Middleware/VerifyCsrfToken->handle(Object(Illuminate/Http/Request), Object(Closure))
#23 D:/xampp/htdocs/gatewaybooks/vendor/laravel/framework/src/Illuminate/View/Middleware/ShareErrorsFromSession.php(49): Illuminate/Pipeline/Pipeline->Illuminate/Pipeline/{closure}(Object(Illuminate/Http/Request))
#24 D:/xampp/htdocs/gatewaybooks/vendor/laravel/framework/src/Illuminate/Pipeline/Pipeline.php(183): Illuminate/View/Middleware/ShareErrorsFromSession->handle(Object(Illuminate/Http/Request), Object(Closure))
#25 D:/xampp/htdocs/gatewaybooks/vendor/laravel/framework/src/Illuminate/Session/Middleware/StartSession.php(121): Illuminate/Pipeline/Pipeline->Illuminate/Pipeline/{closure}(Object(Illuminate/Http/Request))
#26 D:/xampp/htdocs/gatewaybooks/vendor/laravel/framework/src/Illuminate/Session/Middleware/StartSession.php(64): Illuminate/Session/Middleware/StartSession->handleStatefulRequest(Object(Illuminate/Http/Request), Object(Illuminate/Session/Store), Object(Closure))
#27 D:/xampp/htdocs/gatewaybooks/vendor/laravel/framework/src/Illuminate/Pipeline/Pipeline.php(183): Illuminate/Session/Middleware/StartSession->handle(Object(Illuminate/Http/Request), Object(Closure))
#28 D:/xampp/htdocs/gatewaybooks/vendor/laravel/framework/src/Illuminate/Cookie/Middleware/AddQueuedCookiesToResponse.php(37): Illuminate/Pipeline/Pipeline->Illuminate/Pipeline/{closure}(Object(Illuminate/Http/Request))
#29 D:/xampp/htdocs/gatewaybooks/vendor/laravel/framework/src/Illuminate/Pipeline/Pipeline.php(183): Illuminate/Cookie/Middleware/AddQueuedCookiesToResponse->handle(Object(Illuminate/Http/Request), Object(Closure))
#30 D:/xampp/htdocs/gatewaybooks/vendor/laravel/framework/src/Illuminate/Cookie/Middleware/EncryptCookies.php(67): Illuminate/Pipeline/Pipeline->Illuminate/Pipeline/{closure}(Object(Illuminate/Http/Request))
#31 D:/xampp/htdocs/gatewaybooks/vendor/laravel/framework/src/Illuminate/Pipeline/Pipeline.php(183): Illuminate/Cookie/Middleware/EncryptCookies->handle(Object(Illuminate/Http/Request), Object(Closure))
#32 D:/xampp/htdocs/gatewaybooks/vendor/laravel/framework/src/Illuminate/Pipeline/Pipeline.php(119): Illuminate/Pipeline/Pipeline->Illuminate/Pipeline/{closure}(Object(Illuminate/Http/Request))
#33 D:/xampp/htdocs/gatewaybooks/vendor/laravel/framework/src/Illuminate/Routing/Router.php(807): Illuminate/Pipeline/Pipeline->then(Object(Closure))
#34 D:/xampp/htdocs/gatewaybooks/vendor/laravel/framework/src/Illuminate/Routing/Router.php(784): Illuminate/Routing/Router->runRouteWithinStack(Object(Illuminate/Routing/Route), Object(Illuminate/Http/Request))
#35 D:/xampp/htdocs/gatewaybooks/vendor/laravel/framework/src/Illuminate/Routing/Router.php(748): Illuminate/Routing/Router->runRoute(Object(Illuminate/Http/Request), Object(Illuminate/Routing/Route))
#36 D:/xampp/htdocs/gatewaybooks/vendor/laravel/framework/src/Illuminate/Routing/Router.php(737): Illuminate/Routing/Router->dispatchToRoute(Object(Illuminate/Http/Request))
#37 D:/xampp/htdocs/gatewaybooks/vendor/laravel/framework/src/Illuminate/Foundation/Http/Kernel.php(200): Illuminate/Routing/Router->dispatch(Object(Illuminate/Http/Request))
#38 D:/xampp/htdocs/gatewaybooks/vendor/laravel/framework/src/Illuminate/Pipeline/Pipeline.php(144): Illuminate/Foundation/Http/Kernel->Illuminate/Foundation/Http/{closure}(Object(Illuminate/Http/Request))
#39 D:/xampp/htdocs/gatewaybooks/vendor/laravel/framework/src/Illuminate/Foundation/Http/Middleware/TransformsRequest.php(21): Illuminate/Pipeline/Pipeline->Illuminate/Pipeline/{closure}(Object(Illuminate/Http/Request))
#40 D:/xampp/htdocs/gatewaybooks/vendor/laravel/framework/src/Illuminate/Foundation/Http/Middleware/ConvertEmptyStringsToNull.php(31): Illuminate/Foundation/Http/Middleware/TransformsRequest->handle(Object(Illuminate/Http/Request), Object(Closure))
#41 D:/xampp/htdocs/gatewaybooks/vendor/laravel/framework/src/Illuminate/Pipeline/Pipeline.php(183): Illuminate/Foundation/Http/Middleware/ConvertEmptyStringsToNull->handle(Object(Illuminate/Http/Request), Object(Closure))
#42 D:/xampp/htdocs/gatewaybooks/vendor/laravel/framework/src/Illuminate/Foundation/Http/Middleware/TransformsRequest.php(21): Illuminate/Pipeline/Pipeline->Illuminate/Pipeline/{closure}(Object(Illuminate/Http/Request))
#43 D:/xampp/htdocs/gatewaybooks/vendor/laravel/framework/src/Illuminate/Foundation/Http/Middleware/TrimStrings.php(40): Illuminate/Foundation/Http/Middleware/TransformsRequest->handle(Object(Illuminate/Http/Request), Object(Closure))
#44 D:/xampp/htdocs/gatewaybooks/vendor/laravel/framework/src/Illuminate/Pipeline/Pipeline.php(183): Illuminate/Foundation/Http/Middleware/TrimStrings->handle(Object(Illuminate/Http/Request), Object(Closure))
#45 D:/xampp/htdocs/gatewaybooks/vendor/laravel/framework/src/Illuminate/Foundation/Http/Middleware/ValidatePostSize.php(27): Illuminate/Pipeline/Pipeline->Illuminate/Pipeline/{closure}(Object(Illuminate/Http/Request))
#46 D:/xampp/htdocs/gatewaybooks/vendor/laravel/framework/src/Illuminate/Pipeline/Pipeline.php(183): Illuminate/Foundation/Http/Middleware/ValidatePostSize->handle(Object(Illuminate/Http/Request), Object(Closure))
#47 D:/xampp/htdocs/gatewaybooks/vendor/laravel/framework/src/Illuminate/Foundation/Http/Middleware/PreventRequestsDuringMaintenance.php(99): Illuminate/Pipeline/Pipeline->Illuminate/Pipeline/{closure}(Object(Illuminate/Http/Request))
#48 D:/xampp/htdocs/gatewaybooks/vendor/laravel/framework/src/Illuminate/Pipeline/Pipeline.php(183): Illuminate/Foundation/Http/Middleware/PreventRequestsDuringMaintenance->handle(Object(Illuminate/Http/Request), Object(Closure))
#49 D:/xampp/htdocs/gatewaybooks/vendor/laravel/framework/src/Illuminate/Http/Middleware/HandleCors.php(49): Illuminate/Pipeline/Pipeline->Illuminate/Pipeline/{closure}(Object(Illuminate/Http/Request))
#50 D:/xampp/htdocs/gatewaybooks/vendor/laravel/framework/src/Illuminate/Pipeline/Pipeline.php(183): Illuminate/Http/Middleware/HandleCors->handle(Object(Illuminate/Http/Request), Object(Closure))
#51 D:/xampp/htdocs/gatewaybooks/vendor/laravel/framework/src/Illuminate/Http/Middleware/TrustProxies.php(39): Illuminate/Pipeline/Pipeline->Illuminate/Pipeline/{closure}(Object(Illuminate/Http/Request))
#52 D:/xampp/htdocs/gatewaybooks/vendor/laravel/framework/src/Illuminate/Pipeline/Pipeline.php(183): Illuminate/Http/Middleware/TrustProxies->handle(Object(Illuminate/Http/Request), Object(Closure))
#53 D:/xampp/htdocs/gatewaybooks/vendor/laravel/framework/src/Illuminate/Pipeline/Pipeline.php(119): Illuminate/Pipeline/Pipeline->Illuminate/Pipeline/{closure}(Object(Illuminate/Http/Request))
#54 D:/xampp/htdocs/gatewaybooks/vendor/laravel/framework/src/Illuminate/Foundation/Http/Kernel.php(175): Illuminate/Pipeline/Pipeline->then(Object(Closure))
#55 D:/xampp/htdocs/gatewaybooks/vendor/laravel/framework/src/Illuminate/Foundation/Http/Kernel.php(144): Illuminate/Foundation/Http/Kernel->sendRequestThroughRouter(Object(Illuminate/Http/Request))
#56 D:/xampp/htdocs/gatewaybooks/public/index.php(52): Illuminate/Foundation/Http/Kernel->handle(Object(Illuminate/Http/Request))
#57 D:/xampp/htdocs/gatewaybooks/vendor/laravel/framework/src/Illuminate/Foundation/resources/server.php(16): require_once('D://xampp//htdocs...')
#58 {main}
"} 
[2026-09-03 17:20:56] local.ERROR: Target class [DashboardController] does not exist. {"userId":1,"exception":"[object] (Illuminate\\Contracts\\Container\\BindingResolutionException(code: 0): Target class [DashboardController] does not exist. at D:/xampp/htdocs/gatewaybooks/vendor/laravel/framework/src/Illuminate/Container/Container.php:914)
[stacktrace]
#0 D:/xampp/htdocs/gatewaybooks/vendor/laravel/framework/src/Illuminate/Container/Container.php(795): Illuminate/Container/Container->build('DashboardContro...')
#1 D:/xampp/htdocs/gatewaybooks/vendor/laravel/framework/src/Illuminate/Foundation/Application.php(986): Illuminate/Container/Container->resolve('DashboardContro...', Array, true)
#2 D:/xampp/htdocs/gatewaybooks/vendor/laravel/framework/src/Illuminate/Container/Container.php(731): Illuminate/Foundation/Application->resolve('DashboardContro...', Array)
#3 D:/xampp/htdocs/gatewaybooks/vendor/laravel/framework/src/Illuminate/Foundation/Application.php(971): Illuminate/Container/Container->make('DashboardContro...', Array)
#4 D:/xampp/htdocs/gatewaybooks/vendor/laravel/framework/src/Illuminate/Routing/Route.php(278): Illuminate/Foundation/Application->make('DashboardContro...')
#5 D:/xampp/htdocs/gatewaybooks/vendor/laravel/framework/src/Illuminate/Routing/Route.php(260): Illuminate/Routing/Route->getController()
#6 D:/xampp/htdocs/gatewaybooks/vendor/laravel/framework/src/Illuminate/Routing/Route.php(205): Illuminate/Routing/Route->runController()
#7 D:/xampp/htdocs/gatewaybooks/vendor/laravel/framework/src/Illuminate/Routing/Router.php(806): Illuminate/Routing/Route->run()
#8 D:/xampp/htdocs/gatewaybooks/vendor/laravel/framework/src/Illuminate/Pipeline/Pipeline.php(144): Illuminate/Routing/Router->Illuminate/Routing/{closure}(Object(Illuminate/Http/Request))
#9 D:/xampp/htdocs/gatewaybooks/vendor/laravel/framework/src/Illuminate/Auth/Middleware/EnsureEmailIsVerified.php(41): Illuminate/Pipeline/Pipeline->Illuminate/Pipeline/{closure}(Object(Illuminate/Http/Request))
#10 D:/xampp/htdocs/gatewaybooks/vendor/laravel/framework/src/Illuminate/Pipeline/Pipeline.php(183): Illuminate/Auth/Middleware/EnsureEmailIsVerified->handle(Object(Illuminate/Http/Request), Object(Closure))
#11 D:/xampp/htdocs/gatewaybooks/vendor/laravel/framework/src/Illuminate/Routing/Middleware/SubstituteBindings.php(50): Illuminate/Pipeline/Pipeline->Illuminate/Pipeline/{closure}(Object(Illuminate/Http/Request))
#12 D:/xampp/htdocs/gatewaybooks/vendor/laravel/framework/src/Illuminate/Pipeline/Pipeline.php(183): Illuminate/Routing/Middleware/SubstituteBindings->handle(Object(Illuminate/Http/Request), Object(Closure))
#13 D:/xampp/htdocs/gatewaybooks/vendor/laravel/framework/src/Illuminate/Auth/Middleware/Authenticate.php(57): Illuminate/Pipeline/Pipeline->Illuminate/Pipeline/{closure}(Object(Illuminate/Http/Request))
#14 D:/xampp/htdocs/gatewaybooks/vendor/laravel/framework/src/Illuminate/Pipeline/Pipeline.php(183): Illuminate/Auth/Middleware/Authenticate->handle(Object(Illuminate/Http/Request), Object(Closure))
#15 D:/xampp/htdocs/gatewaybooks/vendor/laravel/framework/src/Illuminate/Foundation/Http/Middleware/VerifyCsrfToken.php(78): Illuminate/Pipeline/Pipeline->Illuminate/Pipeline/{closure}(Object(Illuminate/Http/Request))
#16 D:/xampp/htdocs/gatewaybooks/vendor/laravel/framework/src/Illuminate/Pipeline/Pipeline.php(183): Illuminate/Foundation/Http/Middleware/VerifyCsrfToken->handle(Object(Illuminate/Http/Request), Object(Closure))
#17 D:/xampp/htdocs/gatewaybooks/vendor/laravel/framework/src/Illuminate/View/Middleware/ShareErrorsFromSession.php(49): Illuminate/Pipeline/Pipeline->Illuminate/Pipeline/{closure}(Object(Illuminate/Http/Request))
#18 D:/xampp/htdocs/gatewaybooks/vendor/laravel/framework/src/Illuminate/Pipeline/Pipeline.php(183): Illuminate/View/Middleware/ShareErrorsFromSession->handle(Object(Illuminate/Http/Request), Object(Closure))
#19 D:/xampp/htdocs/gatewaybooks/vendor/laravel/framework/src/Illuminate/Session/Middleware/StartSession.php(121): Illuminate/Pipeline/Pipeline->Illuminate/Pipeline/{closure}(Object(Illuminate/Http/Request))
#20 D:/xampp/htdocs/gatewaybooks/vendor/laravel/framework/src/Illuminate/Session/Middleware/StartSession.php(64): Illuminate/Session/Middleware/StartSession->handleStatefulRequest(Object(Illuminate/Http/Request), Object(Illuminate/Session/Store), Object(Closure))
#21 D:/xampp/htdocs/gatewaybooks/vendor/laravel/framework/src/Illuminate/Pipeline/Pipeline.php(183): Illuminate/Session/Middleware/StartSession->handle(Object(Illuminate/Http/Request), Object(Closure))
#22 D:/xampp/htdocs/gatewaybooks/vendor/laravel/framework/src/Illuminate/Cookie/Middleware/AddQueuedCookiesToResponse.php(37): Illuminate/Pipeline/Pipeline->Illuminate/Pipeline/{closure}(Object(Illuminate/Http/Request))
#23 D:/xampp/htdocs/gatewaybooks/vendor/laravel/framework/src/Illuminate/Pipeline/Pipeline.php(183): Illuminate/Cookie/Middleware/AddQueuedCookiesToResponse->handle(Object(Illuminate/Http/Request), Object(Closure))
#24 D:/xampp/htdocs/gatewaybooks/vendor/laravel/framework/src/Illuminate/Cookie/Middleware/EncryptCookies.php(67): Illuminate/Pipeline/Pipeline->Illuminate/Pipeline/{closure}(Object(Illuminate/Http/Request))
#25 D:/xampp/htdocs/gatewaybooks/vendor/laravel/framework/src/Illuminate/Pipeline/Pipeline.php(183): Illuminate/Cookie/Middleware/EncryptCookies->handle(Object(Illuminate/Http/Request), Object(Closure))
#26 D:/xampp/htdocs/gatewaybooks/vendor/laravel/framework/src/Illuminate/Pipeline/Pipeline.php(119): Illuminate/Pipeline/Pipeline->Illuminate/Pipeline/{closure}(Object(Illuminate/Http/Request))
#27 D:/xampp/htdocs/gatewaybooks/vendor/laravel/framework/src/Illuminate/Routing/Router.php(807): Illuminate/Pipeline/Pipeline->then(Object(Closure))
#28 D:/xampp/htdocs/gatewaybooks/vendor/laravel/framework/src/Illuminate/Routing/Router.php(784): Illuminate/Routing/Router->runRouteWithinStack(Object(Illuminate/Routing/Route), Object(Illuminate/Http/Request))
#29 D:/xampp/htdocs/gatewaybooks/vendor/laravel/framework/src/Illuminate/Routing/Router.php(748): Illuminate/Routing/Router->runRoute(Object(Illuminate/Http/Request), Object(Illuminate/Routing/Route))
#30 D:/xampp/htdocs/gatewaybooks/vendor/laravel/framework/src/Illuminate/Routing/Router.php(737): Illuminate/Routing/Router->dispatchToRoute(Object(Illuminate/Http/Request))
#31 D:/xampp/htdocs/gatewaybooks/vendor/laravel/framework/src/Illuminate/Foundation/Http/Kernel.php(200): Illuminate/Routing/Router->dispatch(Object(Illuminate/Http/Request))
#32 D:/xampp/htdocs/gatewaybooks/vendor/laravel/framework/src/Illuminate/Pipeline/Pipeline.php(144): Illuminate/Foundation/Http/Kernel->Illuminate/Foundation/Http/{closure}(Object(Illuminate/Http/Request))
#33 D:/xampp/htdocs/gatewaybooks/vendor/laravel/framework/src/Illuminate/Foundation/Http/Middleware/TransformsRequest.php(21): Illuminate/Pipeline/Pipeline->Illuminate/Pipeline/{closure}(Object(Illuminate/Http/Request))
#34 D:/xampp/htdocs/gatewaybooks/vendor/laravel/framework/src/Illuminate/Foundation/Http/Middleware/ConvertEmptyStringsToNull.php(31): Illuminate/Foundation/Http/Middleware/TransformsRequest->handle(Object(Illuminate/Http/Request), Object(Closure))
#35 D:/xampp/htdocs/gatewaybooks/vendor/laravel/framework/src/Illuminate/Pipeline/Pipeline.php(183): Illuminate/Foundation/Http/Middleware/ConvertEmptyStringsToNull->handle(Object(Illuminate/Http/Request), Object(Closure))
#36 D:/xampp/htdocs/gatewaybooks/vendor/laravel/framework/src/Illuminate/Foundation/Http/Middleware/TransformsRequest.php(21): Illuminate/Pipeline/Pipeline->Illuminate/Pipeline/{closure}(Object(Illuminate/Http/Request))
#37 D:/xampp/htdocs/gatewaybooks/vendor/laravel/framework/src/Illuminate/Foundation/Http/Middleware/TrimStrings.php(40): Illuminate/Foundation/Http/Middleware/TransformsRequest->handle(Object(Illuminate/Http/Request), Object(Closure))
#38 D:/xampp/htdocs/gatewaybooks/vendor/laravel/framework/src/Illuminate/Pipeline/Pipeline.php(183): Illuminate/Foundation/Http/Middleware/TrimStrings->handle(Object(Illuminate/Http/Request), Object(Closure))
#39 D:/xampp/htdocs/gatewaybooks/vendor/laravel/framework/src/Illuminate/Foundation/Http/Middleware/ValidatePostSize.php(27): Illuminate/Pipeline/Pipeline->Illuminate/Pipeline/{closure}(Object(Illuminate/Http/Request))
#40 D:/xampp/htdocs/gatewaybooks/vendor/laravel/framework/src/Illuminate/Pipeline/Pipeline.php(183): Illuminate/Foundation/Http/Middleware/ValidatePostSize->handle(Object(Illuminate/Http/Request), Object(Closure))
#41 D:/xampp/htdocs/gatewaybooks/vendor/laravel/framework/src/Illuminate/Foundation/Http/Middleware/PreventRequestsDuringMaintenance.php(99): Illuminate/Pipeline/Pipeline->Illuminate/Pipeline/{closure}(Object(Illuminate/Http/Request))
#42 D:/xampp/htdocs/gatewaybooks/vendor/laravel/framework/src/Illuminate/Pipeline/Pipeline.php(183): Illuminate/Foundation/Http/Middleware/PreventRequestsDuringMaintenance->handle(Object(Illuminate/Http/Request), Object(Closure))
#43 D:/xampp/htdocs/gatewaybooks/vendor/laravel/framework/src/Illuminate/Http/Middleware/HandleCors.php(49): Illuminate/Pipeline/Pipeline->Illuminate/Pipeline/{closure}(Object(Illuminate/Http/Request))
#44 D:/xampp/htdocs/gatewaybooks/vendor/laravel/framework/src/Illuminate/Pipeline/Pipeline.php(183): Illuminate/Http/Middleware/HandleCors->handle(Object(Illuminate/Http/Request), Object(Closure))
#45 D:/xampp/htdocs/gatewaybooks/vendor/laravel/framework/src/Illuminate/Http/Middleware/TrustProxies.php(39): Illuminate/Pipeline/Pipeline->Illuminate/Pipeline/{closure}(Object(Illuminate/Http/Request))
#46 D:/xampp/htdocs/gatewaybooks/vendor/laravel/framework/src/Illuminate/Pipeline/Pipeline.php(183): Illuminate/Http/Middleware/TrustProxies->handle(Object(Illuminate/Http/Request), Object(Closure))
#47 D:/xampp/htdocs/gatewaybooks/vendor/laravel/framework/src/Illuminate/Pipeline/Pipeline.php(119): Illuminate/Pipeline/Pipeline->Illuminate/Pipeline/{closure}(Object(Illuminate/Http/Request))
#48 D:/xampp/htdocs/gatewaybooks/vendor/laravel/framework/src/Illuminate/Foundation/Http/Kernel.php(175): Illuminate/Pipeline/Pipeline->then(Object(Closure))
#49 D:/xampp/htdocs/gatewaybooks/vendor/laravel/framework/src/Illuminate/Foundation/Http/Kernel.php(144): Illuminate/Foundation/Http/Kernel->sendRequestThroughRouter(Object(Illuminate/Http/Request))
#50 D:/xampp/htdocs/gatewaybooks/public/index.php(52): Illuminate/Foundation/Http/Kernel->handle(Object(Illuminate/Http/Request))
#51 D:/xampp/htdocs/gatewaybooks/vendor/laravel/framework/src/Illuminate/Foundation/resources/server.php(16): require_once('D://xampp//htdocs...')
#52 {main}

[previous exception] [object] (ReflectionException(code: -1): Class \"DashboardController\" does not exist at D:/xampp/htdocs/gatewaybooks/vendor/laravel/framework/src/Illuminate/Container/Container.php:912)
[stacktrace]
#0 D:/xampp/htdocs/gatewaybooks/vendor/laravel/framework/src/Illuminate/Container/Container.php(912): ReflectionClass->__construct('DashboardContro...')
#1 D:/xampp/htdocs/gatewaybooks/vendor/laravel/framework/src/Illuminate/Container/Container.php(795): Illuminate/Container/Container->build('DashboardContro...')
#2 D:/xampp/htdocs/gatewaybooks/vendor/laravel/framework/src/Illuminate/Foundation/Application.php(986): Illuminate/Container/Container->resolve('DashboardContro...', Array, true)
#3 D:/xampp/htdocs/gatewaybooks/vendor/laravel/framework/src/Illuminate/Container/Container.php(731): Illuminate/Foundation/Application->resolve('DashboardContro...', Array)
#4 D:/xampp/htdocs/gatewaybooks/vendor/laravel/framework/src/Illuminate/Foundation/Application.php(971): Illuminate/Container/Container->make('DashboardContro...', Array)
#5 D:/xampp/htdocs/gatewaybooks/vendor/laravel/framework/src/Illuminate/Routing/Route.php(278): Illuminate/Foundation/Application->make('DashboardContro...')
#6 D:/xampp/htdocs/gatewaybooks/vendor/laravel/framework/src/Illuminate/Routing/Route.php(260): Illuminate/Routing/Route->getController()
#7 D:/xampp/htdocs/gatewaybooks/vendor/laravel/framework/src/Illuminate/Routing/Route.php(205): Illuminate/Routing/Route->runController()
#8 D:/xampp/htdocs/gatewaybooks/vendor/laravel/framework/src/Illuminate/Routing/Router.php(806): Illuminate/Routing/Route->run()
#9 D:/xampp/htdocs/gatewaybooks/vendor/laravel/framework/src/Illuminate/Pipeline/Pipeline.php(144): Illuminate/Routing/Router->Illuminate/Routing/{closure}(Object(Illuminate/Http/Request))
#10 D:/xampp/htdocs/gatewaybooks/vendor/laravel/framework/src/Illuminate/Auth/Middleware/EnsureEmailIsVerified.php(41): Illuminate/Pipeline/Pipeline->Illuminate/Pipeline/{closure}(Object(Illuminate/Http/Request))
#11 D:/xampp/htdocs/gatewaybooks/vendor/laravel/framework/src/Illuminate/Pipeline/Pipeline.php(183): Illuminate/Auth/Middleware/EnsureEmailIsVerified->handle(Object(Illuminate/Http/Request), Object(Closure))
#12 D:/xampp/htdocs/gatewaybooks/vendor/laravel/framework/src/Illuminate/Routing/Middleware/SubstituteBindings.php(50): Illuminate/Pipeline/Pipeline->Illuminate/Pipeline/{closure}(Object(Illuminate/Http/Request))
#13 D:/xampp/htdocs/gatewaybooks/vendor/laravel/framework/src/Illuminate/Pipeline/Pipeline.php(183): Illuminate/Routing/Middleware/SubstituteBindings->handle(Object(Illuminate/Http/Request), Object(Closure))
#14 D:/xampp/htdocs/gatewaybooks/vendor/laravel/framework/src/Illuminate/Auth/Middleware/Authenticate.php(57): Illuminate/Pipeline/Pipeline->Illuminate/Pipeline/{closure}(Object(Illuminate/Http/Request))
#15 D:/xampp/htdocs/gatewaybooks/vendor/laravel/framework/src/Illuminate/Pipeline/Pipeline.php(183): Illuminate/Auth/Middleware/Authenticate->handle(Object(Illuminate/Http/Request), Object(Closure))
#16 D:/xampp/htdocs/gatewaybooks/vendor/laravel/framework/src/Illuminate/Foundation/Http/Middleware/VerifyCsrfToken.php(78): Illuminate/Pipeline/Pipeline->Illuminate/Pipeline/{closure}(Object(Illuminate/Http/Request))
#17 D:/xampp/htdocs/gatewaybooks/vendor/laravel/framework/src/Illuminate/Pipeline/Pipeline.php(183): Illuminate/Foundation/Http/Middleware/VerifyCsrfToken->handle(Object(Illuminate/Http/Request), Object(Closure))
#18 D:/xampp/htdocs/gatewaybooks/vendor/laravel/framework/src/Illuminate/View/Middleware/ShareErrorsFromSession.php(49): Illuminate/Pipeline/Pipeline->Illuminate/Pipeline/{closure}(Object(Illuminate/Http/Request))
#19 D:/xampp/htdocs/gatewaybooks/vendor/laravel/framework/src/Illuminate/Pipeline/Pipeline.php(183): Illuminate/View/Middleware/ShareErrorsFromSession->handle(Object(Illuminate/Http/Request), Object(Closure))
#20 D:/xampp/htdocs/gatewaybooks/vendor/laravel/framework/src/Illuminate/Session/Middleware/StartSession.php(121): Illuminate/Pipeline/Pipeline->Illuminate/Pipeline/{closure}(Object(Illuminate/Http/Request))
#21 D:/xampp/htdocs/gatewaybooks/vendor/laravel/framework/src/Illuminate/Session/Middleware/StartSession.php(64): Illuminate/Session/Middleware/StartSession->handleStatefulRequest(Object(Illuminate/Http/Request), Object(Illuminate/Session/Store), Object(Closure))
#22 D:/xampp/htdocs/gatewaybooks/vendor/laravel/framework/src/Illuminate/Pipeline/Pipeline.php(183): Illuminate/Session/Middleware/StartSession->handle(Object(Illuminate/Http/Request), Object(Closure))
#23 D:/xampp/htdocs/gatewaybooks/vendor/laravel/framework/src/Illuminate/Cookie/Middleware/AddQueuedCookiesToResponse.php(37): Illuminate/Pipeline/Pipeline->Illuminate/Pipeline/{closure}(Object(Illuminate/Http/Request))
#24 D:/xampp/htdocs/gatewaybooks/vendor/laravel/framework/src/Illuminate/Pipeline/Pipeline.php(183): Illuminate/Cookie/Middleware/AddQueuedCookiesToResponse->handle(Object(Illuminate/Http/Request), Object(Closure))
#25 D:/xampp/htdocs/gatewaybooks/vendor/laravel/framework/src/Illuminate/Cookie/Middleware/EncryptCookies.php(67): Illuminate/Pipeline/Pipeline->Illuminate/Pipeline/{closure}(Object(Illuminate/Http/Request))
#26 D:/xampp/htdocs/gatewaybooks/vendor/laravel/framework/src/Illuminate/Pipeline/Pipeline.php(183): Illuminate/Cookie/Middleware/EncryptCookies->handle(Object(Illuminate/Http/Request), Object(Closure))
#27 D:/xampp/htdocs/gatewaybooks/vendor/laravel/framework/src/Illuminate/Pipeline/Pipeline.php(119): Illuminate/Pipeline/Pipeline->Illuminate/Pipeline/{closure}(Object(Illuminate/Http/Request))
#28 D:/xampp/htdocs/gatewaybooks/vendor/laravel/framework/src/Illuminate/Routing/Router.php(807): Illuminate/Pipeline/Pipeline->then(Object(Closure))
#29 D:/xampp/htdocs/gatewaybooks/vendor/laravel/framework/src/Illuminate/Routing/Router.php(784): Illuminate/Routing/Router->runRouteWithinStack(Object(Illuminate/Routing/Route), Object(Illuminate/Http/Request))
#30 D:/xampp/htdocs/gatewaybooks/vendor/laravel/framework/src/Illuminate/Routing/Router.php(748): Illuminate/Routing/Router->runRoute(Object(Illuminate/Http/Request), Object(Illuminate/Routing/Route))
#31 D:/xampp/htdocs/gatewaybooks/vendor/laravel/framework/src/Illuminate/Routing/Router.php(737): Illuminate/Routing/Router->dispatchToRoute(Object(Illuminate/Http/Request))
#32 D:/xampp/htdocs/gatewaybooks/vendor/laravel/framework/src/Illuminate/Foundation/Http/Kernel.php(200): Illuminate/Routing/Router->dispatch(Object(Illuminate/Http/Request))
#33 D:/xampp/htdocs/gatewaybooks/vendor/laravel/framework/src/Illuminate/Pipeline/Pipeline.php(144): Illuminate/Foundation/Http/Kernel->Illuminate/Foundation/Http/{closure}(Object(Illuminate/Http/Request))
#34 D:/xampp/htdocs/gatewaybooks/vendor/laravel/framework/src/Illuminate/Foundation/Http/Middleware/TransformsRequest.php(21): Illuminate/Pipeline/Pipeline->Illuminate/Pipeline/{closure}(Object(Illuminate/Http/Request))
#35 D:/xampp/htdocs/gatewaybooks/vendor/laravel/framework/src/Illuminate/Foundation/Http/Middleware/ConvertEmptyStringsToNull.php(31): Illuminate/Foundation/Http/Middleware/TransformsRequest->handle(Object(Illuminate/Http/Request), Object(Closure))
#36 D:/xampp/htdocs/gatewaybooks/vendor/laravel/framework/src/Illuminate/Pipeline/Pipeline.php(183): Illuminate/Foundation/Http/Middleware/ConvertEmptyStringsToNull->handle(Object(Illuminate/Http/Request), Object(Closure))
#37 D:/xampp/htdocs/gatewaybooks/vendor/laravel/framework/src/Illuminate/Foundation/Http/Middleware/TransformsRequest.php(21): Illuminate/Pipeline/Pipeline->Illuminate/Pipeline/{closure}(Object(Illuminate/Http/Request))
#38 D:/xampp/htdocs/gatewaybooks/vendor/laravel/framework/src/Illuminate/Foundation/Http/Middleware/TrimStrings.php(40): Illuminate/Foundation/Http/Middleware/TransformsRequest->handle(Object(Illuminate/Http/Request), Object(Closure))
#39 D:/xampp/htdocs/gatewaybooks/vendor/laravel/framework/src/Illuminate/Pipeline/Pipeline.php(183): Illuminate/Foundation/Http/Middleware/TrimStrings->handle(Object(Illuminate/Http/Request), Object(Closure))
#40 D:/xampp/htdocs/gatewaybooks/vendor/laravel/framework/src/Illuminate/Foundation/Http/Middleware/ValidatePostSize.php(27): Illuminate/Pipeline/Pipeline->Illuminate/Pipeline/{closure}(Object(Illuminate/Http/Request))
#41 D:/xampp/htdocs/gatewaybooks/vendor/laravel/framework/src/Illuminate/Pipeline/Pipeline.php(183): Illuminate/Foundation/Http/Middleware/ValidatePostSize->handle(Object(Illuminate/Http/Request), Object(Closure))
#42 D:/xampp/htdocs/gatewaybooks/vendor/laravel/framework/src/Illuminate/Foundation/Http/Middleware/PreventRequestsDuringMaintenance.php(99): Illuminate/Pipeline/Pipeline->Illuminate/Pipeline/{closure}(Object(Illuminate/Http/Request))
#43 D:/xampp/htdocs/gatewaybooks/vendor/laravel/framework/src/Illuminate/Pipeline/Pipeline.php(183): Illuminate/Foundation/Http/Middleware/PreventRequestsDuringMaintenance->handle(Object(Illuminate/Http/Request), Object(Closure))
#44 D:/xampp/htdocs/gatewaybooks/vendor/laravel/framework/src/Illuminate/Http/Middleware/HandleCors.php(49): Illuminate/Pipeline/Pipeline->Illuminate/Pipeline/{closure}(Object(Illuminate/Http/Request))
#45 D:/xampp/htdocs/gatewaybooks/vendor/laravel/framework/src/Illuminate/Pipeline/Pipeline.php(183): Illuminate/Http/Middleware/HandleCors->handle(Object(Illuminate/Http/Request), Object(Closure))
#46 D:/xampp/htdocs/gatewaybooks/vendor/laravel/framework/src/Illuminate/Http/Middleware/TrustProxies.php(39): Illuminate/Pipeline/Pipeline->Illuminate/Pipeline/{closure}(Object(Illuminate/Http/Request))
#47 D:/xampp/htdocs/gatewaybooks/vendor/laravel/framework/src/Illuminate/Pipeline/Pipeline.php(183): Illuminate/Http/Middleware/TrustProxies->handle(Object(Illuminate/Http/Request), Object(Closure))
#48 D:/xampp/htdocs/gatewaybooks/vendor/laravel/framework/src/Illuminate/Pipeline/Pipeline.php(119): Illuminate/Pipeline/Pipeline->Illuminate/Pipeline/{closure}(Object(Illuminate/Http/Request))
#49 D:/xampp/htdocs/gatewaybooks/vendor/laravel/framework/src/Illuminate/Foundation/Http/Kernel.php(175): Illuminate/Pipeline/Pipeline->then(Object(Closure))
#50 D:/xampp/htdocs/gatewaybooks/vendor/laravel/framework/src/Illuminate/Foundation/Http/Kernel.php(144): Illuminate/Foundation/Http/Kernel->sendRequestThroughRouter(Object(Illuminate/Http/Request))
#51 D:/xampp/htdocs/gatewaybooks/public/index.php(52): Illuminate/Foundation/Http/Kernel->handle(Object(Illuminate/Http/Request))
#52 D:/xampp/htdocs/gatewaybooks/vendor/laravel/framework/src/Illuminate/Foundation/resources/server.php(16): require_once('D://xampp//htdocs...')
#53 {main}
"} 
